eval/mean_return,eval/std_return,step,train/approx_kl,train/clip_frac_step_0,train/clip_frac_step_1,train/clip_frac_step_2,train/clip_frac_step_3,train/clip_frac_step_4,train/clip_frac_step_5,train/clip_frac_step_6,train/clip_frac_step_7,train/clip_fraction,train/entropy,train/eps_step_0,train/eps_step_1,train/eps_step_2,train/eps_step_3,train/eps_step_4,train/eps_step_5,train/eps_step_6,train/eps_step_7,train/iteration,train/kl_budget_step_0,train/kl_budget_step_1,train/kl_budget_step_2,train/kl_budget_step_3,train/kl_budget_step_4,train/kl_budget_step_5,train/kl_budget_step_6,train/kl_budget_step_7,train/lr,train/mean_episode_length,train/mean_reward,train/num_episodes,train/policy_loss,train/value_loss,wall_time
,,32768,0.0003639671042947157,0.01893921010196209,0.01921997033059597,0.01975708082318306,0.019012451171875,0.01869506947696209,0.01822509802877903,0.01801757887005806,0.01890258863568306,0.01884613037109375,18.235504695773123,0.06573168933391571,0.06531115621328354,0.06481941789388657,0.06644592434167862,0.06937877088785172,0.07506658136844635,0.07844889163970947,0.07726756483316422,1,0.0021699946373701096,0.0021443217992782593,0.002117554424330592,0.0022229969035834074,0.0024177946615964174,0.002832086058333516,0.0030954484827816486,0.0029998028185218573,0.0003,1000.5,-364.86990029373084,32,-0.000648586585157318,6.529928208887577,37.510398864746094
,,65536,0.00048157373335016017,0.033447265625,0.033905029296875,0.03387451171875,0.03386840969324112,0.0345458984375,0.03417358547449112,0.03449096903204918,0.034088134765625,0.03404922485351562,18.208909323811532,0.06727520376443863,0.06622176617383957,0.06547071784734726,0.06767211109399796,0.07008101791143417,0.07454922050237656,0.07713259756565094,0.07533352822065353,2,0.0022706235758960247,0.0022006153594702482,0.002150610787793994,0.0022974186576902866,0.0024636895395815372,0.0027872954960912466,0.0029843966476619244,0.002845350420102477,0.0002993852459016393,1001.0,-367.6021429431709,32,-0.0011296902848698664,4.057451262325048,74.13606333732605
,,98304,0.0005184706708860176,0.03914184495806694,0.03948974609375,0.03882446512579918,0.03908691555261612,0.04014892503619194,0.03886718675494194,0.03902588039636612,0.03890381008386612,0.03918609619140625,18.16475679576397,0.06849563866853714,0.06644591689109802,0.06619250029325485,0.06775866448879242,0.07173194736242294,0.0749267116189003,0.07494115084409714,0.07360120117664337,3,0.0023542242124676704,0.0022147546987980604,0.002197341760620475,0.002302988665178418,0.0025815898552536964,0.0028150640428066254,0.0028166945558041334,0.0027173415292054415,0.00029877049180327867,1001.0,-337.5273769901156,32,-0.0012608056749741081,3.9597630430012942,110.63475799560547
,,131072,0.0005529929439035186,0.04264526441693306,0.04432983323931694,0.04405517503619194,0.04407348856329918,0.04393310472369194,0.04361572489142418,0.04370727762579918,0.04368286207318306,0.04375534057617188,18.25896802842617,0.07001667469739914,0.06786828488111496,0.06619620323181152,0.06779547780752182,0.07163795083761215,0.07489792257547379,0.07410814613103867,0.07155070453882217,4,0.0024622459895908833,0.0023103912826627493,0.0022002176847308874,0.002309214323759079,0.00257521471939981,0.002816135762259364,0.002756627043709159,0.002569953678175807,0.000298155737704918,1001.0,-349.45105523245627,32,-0.00135134705924429,4.719813960045576,148.6803843975067
,,163840,0.0006189370787978987,0.05353393778204918,0.05338745191693306,0.05408325418829918,0.05404052883386612,0.05346069484949112,0.053314208984375,0.05385742336511612,0.05373535305261612,0.053676605224609375,18.20276572704315,0.06809834390878677,0.06624704599380493,0.06612085551023483,0.0696486234664917,0.07377734780311584,0.07496147602796555,0.0735647976398468,0.0717974305152893,5,0.0023269839584827423,0.0022018374875187874,0.0021922867745161057,0.002432022010907531,0.002729303203523159,0.0028176563791930676,0.002713578287512064,0.002586331916972995,0.00029754098360655737,1001.0,-340.0727397231358,32,-0.0015132684224226979,3.8260089311748744,189.80575466156006
,,196608,0.0006932917068297684,0.06452026218175888,0.06465454399585724,0.06477661430835724,0.06429443508386612,0.064483642578125,0.06483764946460724,0.06443481892347336,0.06389160454273224,0.0644866943359375,18.214361301064493,0.06814506649971008,0.06662949919700623,0.06481299549341202,0.06661833822727203,0.07170156389474869,0.07543142139911652,0.07617689669132233,0.07425250858068466,6,0.0023293958511203527,0.0022283841390162706,0.0021083287429064512,0.0022257601376622915,0.002579208230599761,0.002854159800335765,0.002909522969275713,0.0027652401477098465,0.0002969262295081967,1001.0,-336.0682019547298,32,-0.0017064204155758488,3.5561347089707853,230.05339241027832
,,229376,0.000692960826199851,0.06469116359949112,0.06450195610523224,0.06488647311925888,0.06544189900159836,0.06464844197034836,0.06434936821460724,0.06480713188648224,0.06386108696460724,0.0646484375,18.20679475963116,0.06637420505285263,0.06429746001958847,0.06421812623739243,0.06737156212329865,0.07332669943571091,0.07776518166065216,0.07695146650075912,0.07286882400512695,7,0.002212270861491561,0.0020738074090331793,0.0020708634983748198,0.0022777419071644545,0.0026987679302692413,0.003032062901183963,0.002968527376651764,0.002665957435965538,0.00029631147540983607,1001.0,-305.6958445658447,32,-0.0018158991224481724,4.042513216659427,267.72397541999817
,,262144,0.0007440833285272674,0.07186279445886612,0.07183837890625,0.07189331203699112,0.07181396335363388,0.07291870564222336,0.07206421345472336,0.07152099907398224,0.071807861328125,0.07196502685546875,18.18636935055256,0.06721922010183334,0.0661870464682579,0.06571491062641144,0.06771557778120041,0.07215165346860886,0.07587278634309769,0.0758570060133934,0.07318158447742462,8,0.002266010269522667,0.0021969059016555548,0.00216611847281456,0.0023009642027318478,0.002610148163512349,0.0028863660991191864,0.002886432921513915,0.0026870539877563715,0.00029569672131147536,1001.0,-341.4656431418313,32,-0.0019961437879828735,3.386514513194561,307.0950222015381
,,294912,0.000740710129184663,0.07109985500574112,0.071441650390625,0.07146606594324112,0.07136841118335724,0.071136474609375,0.07036743313074112,0.07093506306409836,0.07183837890625,0.0712066650390625,18.21031202673912,0.06601639837026596,0.06472275406122208,0.06544401496648788,0.06828951090574265,0.07322543859481812,0.0758952721953392,0.07606875151395798,0.07386023551225662,9,0.00218802597373724,0.0021030220668762922,0.002148933708667755,0.002339304657652974,0.002691693138331175,0.002888643881306052,0.002904032589867711,0.002736344002187252,0.0002950819672131147,1001.0,-337.75412854499314,32,-0.0019981162644398865,3.9850162897258996,343.69336581230164
,,327680,0.0007990643593529967,0.07893677055835724,0.079986572265625,0.07892455905675888,0.07957153767347336,0.07954712212085724,0.078643798828125,0.07902832329273224,0.079742431640625,0.07929763793945313,18.248741418123245,0.06744753569364548,0.0644480511546135,0.06362766027450562,0.065951406955719,0.07142513245344162,0.07703851908445358,0.07817168533802032,0.07489371299743652,10,0.0022858595475554466,0.002085937187075615,0.002031071810051799,0.002181808929890394,0.0025594516191631556,0.002975510898977518,0.0030640282202512026,0.002816331572830677,0.00029446721311475406,1001.0,-322.77934254985246,32,-0.0020993832535168623,3.671677600964904,382.60465383529663
,,360448,0.0008025072275813727,0.07895507663488388,0.080474853515625,0.08024292439222336,0.079742431640625,0.0806884765625,0.08056640625,0.08013305813074112,0.08031616359949112,0.08013992309570313,18.222896909713747,0.06751901656389236,0.06682376563549042,0.06606574356555939,0.06800141930580139,0.071649469435215,0.0746639147400856,0.07562875002622604,0.07371629774570465,11,0.002286930801346898,0.0022398249711841345,0.002189595950767398,0.002318917540833354,0.0025750368367880583,0.0027957353740930557,0.0028679382521659136,0.0027260202914476395,0.0002938524590163934,1001.0,-343.6596696730204,32,-0.0021302166336681695,3.971825125068426,420.2359070777893
,,393216,0.0008053841938362894,0.08077392727136612,0.08048706501722336,0.08178100734949112,0.08068237453699112,0.08028564602136612,0.08062133938074112,0.08040771633386612,0.08011474460363388,0.08064422607421876,18.244541016221046,0.06618183106184006,0.06514141708612442,0.06449451297521591,0.06561266630887985,0.07058647274971008,0.07674122601747513,0.0779801532626152,0.07639621943235397,12,0.0021970714442431927,0.002128364983946085,0.0020865618716925383,0.002160069067031145,0.002498551504686475,0.002952915383502841,0.003049963852390647,0.0029265021439641714,0.00029323770491803276,1001.0,-351.6856311959559,32,-0.0021958739693218377,3.961910593882203,458.716046333313
,,425984,0.0008270124149476032,0.08378296345472336,0.0826416015625,0.08336181938648224,0.08355712890625,0.08359985798597336,0.08345947414636612,0.0830078125,0.08317871391773224,0.08332366943359375,18.199982580542564,0.06679359823465347,0.06547591835260391,0.06619461625814438,0.06913350522518158,0.07367493957281113,0.0754542127251625,0.07491035759449005,0.07204996794462204,13,0.0022414177656173706,0.0021532983519136906,0.0021981315221637487,0.002399183576926589,0.002724527847021818,0.002858752151951194,0.0028174773324280977,0.002607211470603943,0.0002926229508196721,1001.0,-312.25778561330213,32,-0.00217785575077869,3.853345414251089,496.8463590145111
,,458752,0.0008551994081699377,0.08742675930261612,0.08758544921875,0.08760986477136612,0.08795166015625,0.08713989704847336,0.08692627400159836,0.08805542439222336,0.08802490681409836,0.08759002685546875,18.214419424533844,0.06779948621988297,0.06611388921737671,0.06522856652736664,0.06765042990446091,0.07232604175806046,0.07505424320697784,0.07580216228961945,0.07391658425331116,14,0.0023069754242897034,0.0021930262446403503,0.0021340164821594954,0.0022952952422201633,0.0026235212571918964,0.0028245102148503065,0.002882172353565693,0.0027404827997088432,0.00029200819672131145,1001.0,-308.86892300950234,32,-0.002358367489068769,3.9848460260778666,535.0011792182922
,,491520,0.0008325312303895771,0.08453979343175888,0.08328857272863388,0.08481445163488388,0.08460693806409836,0.08453369140625,0.08442993462085724,0.08409424126148224,0.08366089314222336,0.08424606323242187,18.23350733220577,0.06645792722702026,0.0670667290687561,0.0676024928689003,0.06807424873113632,0.07047490775585175,0.0736900195479393,0.0756419375538826,0.07498136907815933,15,0.0022172201424837112,0.0022565850522369146,0.002293514786288142,0.0023252367973327637,0.0024910641368478537,0.0027268428821116686,0.0028696402441710234,0.002819895511493087,0.0002913934426229508,1001.0,-314.3969881059977,32,-0.0023768314727931283,4.001577653735876,574.0975925922394
,,524288,0.0008823380398098379,0.09189452975988388,0.09155883640050888,0.09093628078699112,0.09147949516773224,0.09149169921875,0.09088134765625,0.09091796725988388,0.09110718220472336,0.09128341674804688,18.20079356431961,0.0660879835486412,0.06518100202083588,0.06538184732198715,0.06857454776763916,0.0723809003829956,0.07611006498336792,0.07633733004331589,0.07348436117172241,16,0.002194233937188983,0.002134887967258692,0.002146234968677163,0.0023585788439959288,0.0026269052177667618,0.0029053122270852327,0.002923281630501151,0.002710564760491252,0.00029077868852459015,1001.0,-300.4469209784154,32,-0.002392786889686249,3.7746348690241573,611.6379961967468
,,557056,0.0008962096520008344,0.09379272907972336,0.09367065876722336,0.09345092624425888,0.09342040866613388,0.09310302883386612,0.09290771931409836,0.09370117634534836,0.09354247897863388,0.09344863891601562,18.259737649559973,0.06486673653125763,0.06411520391702652,0.06397850811481476,0.06640300899744034,0.07099480926990509,0.07636789232492447,0.07883067429065704,0.07727034389972687,17,0.0021109506487846375,0.002062555868178606,0.0020537390373647213,0.0022115183528512716,0.0025272914208471775,0.002923522377386689,0.0031161648221313953,0.002994257491081953,0.00029016393442622945,1001.0,-296.97193256759226,32,-0.0024120342466630975,3.6227052845060825,649.0778658390045
,,589824,0.0008718973941086005,0.09049072116613388,0.09027709811925888,0.09068603813648224,0.08992920070886612,0.08842163532972336,0.08936768025159836,0.08984985202550888,0.08955078572034836,0.08982162475585938,18.271187296509744,0.06608639657497406,0.06541427224874496,0.06507795304059982,0.06758320331573486,0.0714680552482605,0.07570111751556396,0.076987624168396,0.0752221941947937,18,0.0021910343784838915,0.0021470964420586824,0.002123835263773799,0.002291327342391014,0.002562569221481681,0.0028730519115924835,0.0029731260146945715,0.0028379594441503286,0.00028954918032786885,1001.0,-299.0995062130413,32,-0.0024084388358460275,3.6943334925919773,686.9405741691589
,,622592,0.0009055176600668346,0.09459228813648224,0.09428711235523224,0.09490966796875,0.09502563625574112,0.09395752102136612,0.094818115234375,0.09381103515625,0.09455566853284836,0.09449462890625,18.176376339793205,0.06482616811990738,0.06479471921920776,0.0651593804359436,0.06734208017587662,0.07223506271839142,0.07593701034784317,0.07723500579595566,0.07552822679281235,19,0.0021104386541992426,0.002107477281242609,0.0021306280978024006,0.002279696986079216,0.0026197941042482853,0.0028958346229046583,0.0029950847383588552,0.0028610453009605408,0.0002889344262295082,1001.0,-318.3728549747092,32,-0.002496870775212301,3.471798576042056,726.8291299343109
,,655360,0.0008979169479061966,0.09254761040210724,0.09378661960363388,0.09370727837085724,0.09377441555261612,0.09431152790784836,0.09430541843175888,0.09411010891199112,0.094482421875,0.093878173828125,18.198962980508803,0.06621541827917099,0.06532545387744904,0.06468834728002548,0.06635051220655441,0.07132871448993683,0.07604898512363434,0.07780464738607407,0.07559849321842194,20,0.0021996619179844856,0.0021411441266536713,0.0020995300728827715,0.002208396792411804,0.0025512096472084522,0.002899367129430175,0.003034943714737892,0.0028657466173171997,0.00028831967213114755,1001.0,-302.47793776469507,32,-0.0024849634435668124,3.3668068401515483,766.9827864170074
,,688128,0.0008914377718156174,0.09241332858800888,0.09260864555835724,0.09218139946460724,0.09212036430835724,0.09307251125574112,0.09332275390625,0.09230346977710724,0.09229736775159836,0.09253997802734375,18.21056600213051,0.06464576721191406,0.06435750424861908,0.06510954350233078,0.06831719726324081,0.07220928370952606,0.0757693499326706,0.07677429169416428,0.07611004263162613,21,0.002096364041790366,0.002077981596812606,0.0021273388992995024,0.002341857645660639,0.0026152348145842552,0.0028783006127923727,0.0029566262383013964,0.002906296169385314,0.00028770491803278684,1001.0,-298.60982432892536,32,-0.002433639294758905,3.6050810307264327,806.6875598430634
,,720896,0.000901847754857954,0.09306030720472336,0.09441528469324112,0.09367065876722336,0.09327393025159836,0.09324341267347336,0.09376221150159836,0.09296875447034836,0.09315185993909836,0.09344329833984374,18.214454248547554,0.06606631726026535,0.06478708982467651,0.06526584178209305,0.06816225498914719,0.0718444362282753,0.07482241094112396,0.07669731229543686,0.07550004124641418,22,0.0021920569706708193,0.0021078919526189566,0.002140304772183299,0.00233448832295835,0.002597689162939787,0.002811722457408905,0.002953932387754321,0.0028619137592613697,0.0002870901639344262,1001.0,-285.8492429523878,48,-0.0023882981382485013,3.9986670941114424,845.9005103111267
,,753664,0.0008964974607351906,0.09332885593175888,0.093475341796875,0.09362182766199112,0.09331665188074112,0.09274902194738388,0.09349975734949112,0.092742919921875,0.093994140625,0.093341064453125,18.23289035856724,0.06501121073961258,0.06436324119567871,0.06410297006368637,0.06644625961780548,0.0720551386475563,0.07624787837266922,0.07827294617891312,0.07621505111455917,23,0.0021204259246587753,0.0020806293468922377,0.00206371839158237,0.002217524452134967,0.0026069004088640213,0.0029183123260736465,0.0030754522886127234,0.0029170368798077106,0.00028647540983606554,1001.0,-274.9407893078188,32,-0.0024834852309140844,3.8296634394675495,884.1558084487915
,,786432,0.0009601092355296714,0.10170288383960724,0.10120850056409836,0.10145874321460724,0.10211181640625,0.10126342624425888,0.102752685546875,0.10142822563648224,0.1019287109375,0.10173187255859376,18.186123672127724,0.0642647072672844,0.06428191065788269,0.06434302777051926,0.06613706797361374,0.07154249399900436,0.07687892764806747,0.07811333984136581,0.0770687684416771,24,0.002074430463835597,0.0020758442115038633,0.0020778619218617678,0.002195382257923484,0.0025696156080812216,0.002963519422337413,0.0030636582523584366,0.002979687647894025,0.0002858606557377049,1001.0,-287.5512339142026,32,-0.0024913780573115217,3.509864589571953,921.9781727790833
,,819200,0.0009290041000895144,0.09848632663488388,0.09752197563648224,0.09822387993335724,0.096893310546875,0.09858398884534836,0.09758911281824112,0.09791260212659836,0.09826049953699112,0.0979339599609375,18.2142672598362,0.06685582548379898,0.06501024216413498,0.06375744193792343,0.06555216759443283,0.07079887390136719,0.07647240906953812,0.07785575836896896,0.07652586698532104,25,0.0022444487549364567,0.002122308127582073,0.0020422691013664007,0.0021570974495261908,0.0025156333576887846,0.002935929223895073,0.003042119089514017,0.0029401949141174555,0.00028524590163934424,1001.0,-278.10665033390393,32,-0.0026801429285114864,3.8345930337905885,957.9280524253845
,,851968,0.0009184009830278228,0.09637451171875,0.09623413532972336,0.09653320163488388,0.09606323391199112,0.096710205078125,0.09665527194738388,0.09696655720472336,0.09638672322034836,0.096490478515625,18.25466017127037,0.06409543752670288,0.06553812325000763,0.06554760783910751,0.06682520359754562,0.07059690356254578,0.07554040104150772,0.07716263085603714,0.07778078317642212,26,0.0020622541196644306,0.0021564397029578686,0.0021554233971983194,0.002240551635622978,0.002499563153833151,0.002862486755475402,0.002986420411616564,0.003036860842257738,0.0002846311475409836,1001.0,-304.381107462871,32,-0.002489860015339218,3.7233597598969936,996.3387184143066
-154.68165401130202,57.65433542888423,851968,nan,nan,nan,nan,nan,nan,nan,nan,nan,nan,nan,nan,nan,nan,nan,nan,nan,nan,nan,nan,nan,nan,nan,nan,nan,nan,nan,nan,nan,nan,nan,nan,nan,nan,1075.5960836410522
nan,nan,884736,0.0009708024747851595,0.10255737602710724,0.10247802734375,0.103851318359375,0.10222778469324112,0.10394897311925888,0.10394897311925888,0.10343017429113388,0.10336913913488388,0.10322647094726563,18.196483010053633,0.06471365690231323,0.06372565031051636,0.06470143795013428,0.06743373721837997,0.07138372957706451,0.07588889449834824,0.07788120210170746,0.07708599418401718,27,0.0021044756285846233,0.0020370816346257925,0.0021001852583140135,0.0022822560276836157,0.002558861393481493,0.002891433658078313,0.0030413793865591288,0.0029843272641301155,0.00028401639344262294,1001.0,-270.461832008512,32,-0.0024786958056211006,3.3944251626729964,1114.1752862930298
nan,nan,917504,0.000925750232545397,0.09784545749425888,0.09761963039636612,0.09589233249425888,0.09746704250574112,0.09613647311925888,0.09650879353284836,0.09792480617761612,0.096923828125,0.097039794921875,18.20961915254593,0.06409256905317307,0.06457307189702988,0.06539356708526611,0.06740539520978928,0.07125649601221085,0.07587676495313644,0.07788152992725372,0.07641028612852097,28,0.0020636958070099354,0.002094155875965953,0.0021475309040397406,0.002281267661601305,0.0025488294195383787,0.002889736322686076,0.003045168938115239,0.00292961485683918,0.0002834016393442623,1001.0,-263.94552815932514,32,-0.002664705031202175,3.9704070832580327,1151.6385760307312
nan,nan,950272,0.0009730749961818219,0.10289917141199112,0.10382080078125,0.10341797024011612,0.10419922322034836,0.10449828952550888,0.10261841118335724,0.10285644978284836,0.10222778469324112,0.1033172607421875,18.21254081428051,0.06467543542385101,0.06449029594659805,0.06556977331638336,0.06761214882135391,0.07232580333948135,0.0754326656460762,0.07656601816415787,0.07650835067033768,29,0.0021007629111409187,0.002085856394842267,0.002158902119845152,0.0022939362097531557,0.00262383371591568,0.0028546375688165426,0.002942906692624092,0.0029391644056886435,0.00028278688524590163,1001.0,-270.47781243701206,32,-0.0025774954418011477,3.3517407845705747,1193.435970544815
-179.09934539052807,41.751512603479235,950272,nan,nan,nan,nan,nan,nan,nan,nan,nan,nan,nan,nan,nan,nan,nan,nan,nan,nan,nan,nan,nan,nan,nan,nan,nan,nan,nan,nan,nan,nan,nan,nan,nan,nan,1277.6203372478485
nan,nan,983040,0.0009308189942657918,0.097076416015625,0.09934081882238388,0.09769286960363388,0.09809570759534836,0.09816894680261612,0.09809570759534836,0.09721069782972336,0.09867554157972336,0.09804458618164062,18.238667157292365,0.06391040235757828,0.06438169628381729,0.06524353474378586,0.06819424778223038,0.0726068764925003,0.07577071338891983,0.07658438384532928,0.07650762796401978,30,0.002049471950158477,0.0020800845231860876,0.002135739428922534,0.002333623357117176,0.0026443523820489645,0.00287900329567492,0.002941938117146492,0.0029357874300330877,0.00028217213114754093,1001.0,-263.4292293635938,32,-0.0024862495934939942,3.600578587502241,1315.2888309955597
nan,nan,1015808,0.0010255518699068488,0.11162109673023224,0.11079712212085724,0.11065063625574112,0.11099853366613388,0.11121826618909836,0.11065063625574112,0.11073608696460724,0.11104126274585724,0.11096420288085937,18.20805129110813,0.06525439023971558,0.06570219993591309,0.0648348331451416,0.06651006639003754,0.07139253616333008,0.0748869925737381,0.07757148891687393,0.07686813175678253,31,0.002138738287612796,0.002168915932998061,0.0021089620422571898,0.0022210092283785343,0.002558105392381549,0.0028163103852421045,0.003020993899554014,0.002966964617371559,0.0002815573770491803,1001.0,-257.1649161339668,32,-0.0025866724681691267,3.25606441013515,1354.117044210434
nan,nan,1048576,0.00102231795208354,0.10969238728284836,0.11021728813648224,0.11037597805261612,0.11024780571460724,0.11035766452550888,0.11090698093175888,0.11052856594324112,0.11072998493909836,0.110382080078125,18.20865634083748,0.06472208350896835,0.06441032141447067,0.06384935230016708,0.06610830128192902,0.07149314135313034,0.07644481956958771,0.07839276641607285,0.07708436250686646,32,0.0021039661951363087,0.002086119493469596,0.0020483057014644146,0.002192242071032524,0.002566252602264285,0.0029345988295972347,0.003084829542785883,0.0029836855828762054,0.0002809426229508196,1001.0,-270.1619558608923,32,-0.0025980006728786977,3.1593710191547872,1400.5920917987823
nan,nan,1081344,0.0009843253992585232,0.1055908203125,0.10405273735523224,0.105743408203125,0.104736328125,0.10620727390050888,0.10563965141773224,0.10485229641199112,0.10574951022863388,0.10532150268554688,18.21043428480625,0.06504832953214645,0.06453203409910202,0.0651257261633873,0.06765518337488174,0.07135341316461563,0.07550135999917984,0.07789414376020432,0.07596572488546371,33,0.0021242087241262197,0.0020907921716570854,0.0021299466025084257,0.002298018429428339,0.0025563333183526993,0.0028601770754903555,0.0030452150385826826,0.0028953091241419315,0.00028032786885245903,1001.0,-260.024320871232,32,-0.002671913478116039,3.683426509052515,1447.2047383785248
nan,nan,1114112,0.0010675158849153376,0.11630859225988388,0.11565551906824112,0.1170654296875,0.11636962741613388,0.11607666313648224,0.11573486775159836,0.11701049655675888,0.11673583835363388,0.11636962890625,18.194916918873787,0.06438540667295456,0.06413402408361435,0.06469690799713135,0.06735990196466446,0.0714159607887268,0.07563631981611252,0.0780235305428505,0.07734043151140213,34,0.002079734578728676,0.002063133753836155,0.002100181533023715,0.002276381477713585,0.0025584183167666197,0.002869538962841034,0.0030529722571372986,0.0029996384400874376,0.0002797131147540983,1001.0,-257.1792907048347,32,-0.0026648875027603935,3.039007675088942,1484.485725402832
nan,nan,1146880,0.0009906692642289272,0.10646972805261612,0.10486450046300888,0.10584717243909836,0.10632934421300888,0.10567016899585724,0.10560913383960724,0.10630493611097336,0.1068115234375,0.10598831176757813,18.221391159296036,0.06421976536512375,0.06429771333932877,0.0644959956407547,0.06661166250705719,0.0712895542383194,0.07461041957139969,0.07789947837591171,0.07910227030515671,35,0.0020711016841232777,0.002073797397315502,0.0020903388503938913,0.0022288141772150993,0.0025539409834891558,0.0027955775149166584,0.003043785458430648,0.0031426437199115753,0.00027909836065573767,1001.0,-249.898976916957,32,-0.0026875786097662058,3.468259547278285,1522.163599729538
nan,nan,1179648,0.0009899598655920272,0.10506591945886612,0.10626220703125,0.10650024563074112,0.10598144680261612,0.10638427734375,0.10562743991613388,0.10520019382238388,0.10579834133386612,0.10585250854492187,18.22476363480091,0.06373799592256546,0.06285616010427475,0.06356169283390045,0.06669090688228607,0.07226750999689102,0.07772832363843918,0.07856609672307968,0.07691453397274017,36,0.0020397286862134933,0.0019819315057247877,0.0020275467541068792,0.002231166698038578,0.0026218583807349205,0.003030861495062709,0.0030997402500361204,0.0029671660158783197,0.000278483606557377,1001.0,-255.62297689580424,32,-0.0026075105604832062,3.5089645951986315,1559.1050848960876
nan,nan,1212416,0.0009881161205157695,0.105438232421875,0.107147216796875,0.10516967624425888,0.10613403469324112,0.10548096150159836,0.10564575344324112,0.10604248195886612,0.105682373046875,0.10584259033203125,18.24091366529465,0.06366834789514542,0.0642257109284401,0.06471356749534607,0.0671672597527504,0.07181230932474136,0.0759749636054039,0.077903613448143,0.07741452753543854,37,0.0020336860325187445,0.0020700660534203053,0.002101366640999913,0.0022636547219008207,0.00258741551078856,0.002895152196288109,0.0030434168875217438,0.003005242208018899,0.00027786885245901637,1001.0,-236.58477778438458,32,-0.0026910642824077512,3.5176196727901696,1597.2007822990417
nan,nan,1245184,0.00102439857155332,0.10993652790784836,0.11017455905675888,0.111053466796875,0.11041259765625,0.11006470024585724,0.11013183742761612,0.11046142876148224,0.11065063625574112,0.1103607177734375,18.238859674334527,0.06430625170469284,0.0642465353012085,0.06441652029752731,0.06673609465360641,0.07116600126028061,0.07615097612142563,0.07815790176391602,0.07741915434598923,38,0.002077855169773102,0.0020727941300719976,0.002084509702399373,0.002237174427136779,0.0025431085377931595,0.002912442199885845,0.003063798416405916,0.003008316969498992,0.0002772540983606557,1001.0,-247.83402642021034,32,-0.0027106144894787575,3.6675114911049604,1635.6062169075012
nan,nan,1277952,0.001063402441513972,0.11460571736097336,0.11562500149011612,0.11522827297449112,0.11570435017347336,0.11571655422449112,0.11442261189222336,0.11478271335363388,0.11461181938648224,0.11508712768554688,18.19512947797775,0.06466184556484222,0.06501227617263794,0.06515488773584366,0.0664294958114624,0.07014832645654678,0.07523705810308456,0.07795482873916626,0.07841139286756516,39,0.0020977722015231848,0.002120319753885269,0.002129629720002413,0.002213507192209363,0.002468480495736003,0.002839417429640889,0.0030475009698420763,0.0030833722557872534,0.00027663934426229507,1001.0,-240.7058675497804,32,-0.002661629302019719,3.5412669330835342,1672.9333469867706
nan,nan,1310720,0.0011505311824748787,0.12625733017921448,0.12847290933132172,0.12706299126148224,0.12640380859375,0.12831421196460724,0.127288818359375,0.12751464545726776,0.12646484375,0.12722244262695312,18.145338025689124,0.06459464132785797,0.06406220048666,0.06411834061145782,0.06622063368558884,0.07043680548667908,0.07624627649784088,0.07887909561395645,0.0778995081782341,40,0.002093252493068576,0.0020638280548155308,0.0020639493595808744,0.002202167408540845,0.0024908166378736496,0.0029147856403142214,0.0031233455520123243,0.0030478546395897865,0.0002760245901639344,1001.0,-243.70524220989074,32,-0.002854797569307266,3.040759363770485,1710.065610408783
nan,nan,1343488,0.001068787742042332,0.11658935993909836,0.116607666015625,0.11682739108800888,0.11605224758386612,0.11683350056409836,0.1158447265625,0.11650390923023224,0.11626587063074112,0.11644058227539063,18.215090534090997,0.06470100581645966,0.06468866765499115,0.06360775232315063,0.06681501120328903,0.07095860689878464,0.07566642016172409,0.07814521342515945,0.07825980335474014,41,0.002099920529872179,0.002099488629028201,0.002029736991971731,0.0022400531452149153,0.00252540479414165,0.002871505916118622,0.003062172792851925,0.003071717219427228,0.00027540983606557377,1001.0,-248.8806061529258,32,-0.0028390396866598165,3.1765568286180494,1747.7412843704224
nan,nan,1376256,0.0010594544309242338,0.11524047702550888,0.11456298828125,0.114837646484375,0.11474609375,0.115142822265625,0.11544189602136612,0.11322021484375,0.11582031100988388,0.11487655639648438,18.189407604932786,0.06579454988241196,0.06485500186681747,0.06458067893981934,0.06511000543832779,0.07079519331455231,0.07546684145927429,0.07772509008646011,0.07830055803060532,42,0.002175605855882168,0.002113667083904147,0.002092651790007949,0.002129514468833804,0.002518089022487402,0.002860026201233268,0.003033611224964261,0.0030768343713134527,0.0002747950819672131,1001.0,-261.1060169641893,32,-0.0027100713479740078,3.253450131416321,1784.9022302627563
nan,nan,1409024,0.0010364337169448846,0.11189575493335724,0.11272583156824112,0.11146850883960724,0.11143799126148224,0.11283569782972336,0.11284179985523224,0.11315307766199112,0.11217651516199112,0.11231689453125,18.23245353102684,0.0644005760550499,0.06429233402013779,0.06432340294122696,0.06512878090143204,0.0706871747970581,0.07537877559661865,0.07913680374622345,0.07894573360681534,43,0.0020838265772908926,0.0020769673865288496,0.002078104531392455,0.002128657652065158,0.002509400714188814,0.0028529202099889517,0.003141979919746518,0.0031281434930860996,0.0002741803278688524,1001.0,-233.93208056454037,32,-0.002646314365119906,3.1739136546850206,1823.6395995616913
nan,nan,1441792,0.0010638672837558262,0.11500244587659836,0.11669921875,0.11559448391199112,0.11544189602136612,0.1148681640625,0.11484374850988388,0.11481323093175888,0.11601562798023224,0.11540985107421875,18.20747174024582,0.06524530053138733,0.06431133300065994,0.06339892745018005,0.06598498672246933,0.07109536975622177,0.07585237175226212,0.07863330841064453,0.07813100516796112,44,0.0021363329142332077,0.0020754579454660416,0.002016497543081641,0.0021851242054253817,0.0025365164037793875,0.002885777037590742,0.003102171467617154,0.0030621220357716084,0.00027356557377049176,1001.0,-252.3962971672215,48,-0.0028006690430629534,3.583813765272498,1861.365244626999
nan,nan,1474560,0.0010797592895414709,0.116607666015625,0.11811523884534836,0.11738891899585724,0.11662597954273224,0.11775512993335724,0.11802978813648224,0.11768188327550888,0.11782226711511612,0.11750335693359375,18.19502046406269,0.064430832862854,0.0636269748210907,0.06318044662475586,0.06557781994342804,0.07080059498548508,0.07575112581253052,0.0795402079820633,0.07917287945747375,45,0.0020841388031840324,0.002033824333921075,0.0020049994345754385,0.002157749142497778,0.002518575405701995,0.0028795499820262194,0.0031732276547700167,0.003147935261949897,0.0002729508196721311,1001.0,-243.99877098549058,32,-0.0028151471829914953,3.0636297073215246,1900.8040018081665
nan,nan,1507328,0.0010092507746321644,0.10920410603284836,0.108184814453125,0.10869140923023224,0.1083984375,0.10949096828699112,0.108184814453125,0.10751952975988388,0.10830078274011612,0.10849685668945312,18.211089211702348,0.06385983526706696,0.06486198306083679,0.06380143016576767,0.06578800827264786,0.06974894553422928,0.07452241331338882,0.07924524694681168,0.08036188036203384,46,0.0020478570368140936,0.0021131967660039663,0.002044371096417308,0.0021725748665630817,0.0024413533974438906,0.002785357413813472,0.0031525350641459227,0.003242755075916648,0.00027233606557377046,1001.0,-235.16905207691434,32,-0.002850383245095145,3.359530086815357,1939.6209797859192
nan,nan,1540096,0.0011260519421284697,0.12321777641773224,0.12249755859375,0.12360229343175888,0.12329711765050888,0.12330932915210724,0.123016357421875,0.12377319484949112,0.12358398735523224,0.12328720092773438,18.234884092211722,0.06435982882976532,0.06365258991718292,0.06372123211622238,0.06582149118185043,0.07101818174123764,0.07626622915267944,0.07891497761011124,0.07869932800531387,47,0.002079382538795471,0.002032827353104949,0.00203693681396544,0.0021744936238974333,0.00252948678098619,0.002917227102443576,0.0031225874554365873,0.003107058582827449,0.0002717213114754098,1001.0,-247.955516779365,32,-0.0028040007200615946,3.016667066141963,1978.4325735569
nan,nan,1572864,0.0011257663857577426,0.12317504733800888,0.12254638969898224,0.12359008938074112,0.12218628078699112,0.122100830078125,0.12376099079847336,0.123504638671875,0.12271728366613388,0.12294769287109375,18.184274408221246,0.0650784894824028,0.06461047381162643,0.06313546001911163,0.0649445652961731,0.06928626447916031,0.07532050460577011,0.07969244569540024,0.08019455522298813,48,0.0021248424891382456,0.0020950795151293278,0.002000099513679743,0.0021162335760891438,0.0024087484925985336,0.002846040530130267,0.0031843266915529966,0.003224629210308194,0.00027110655737704915,1001.0,-250.09486438325644,32,-0.002740743519825628,2.953855580277741,2015.8362386226654
nan,nan,1605632,0.0010145449737137824,0.10748291015625,0.10791625827550888,0.10820923000574112,0.10806884616613388,0.108795166015625,0.1080322265625,0.10880737751722336,0.10869751125574112,0.10825119018554688,18.20622929930687,0.06354198604822159,0.0645613893866539,0.06354448944330215,0.06527187675237656,0.07029902189970016,0.07514145970344543,0.07926146686077118,0.08049584925174713,49,0.0020263437181711197,0.0020913865882903337,0.0020280019380152225,0.0021380081307142973,0.002481864532455802,0.002833686536177993,0.003149714320898056,0.00325099378824234,0.0002704918032786885,1001.0,-256.8533358074689,32,-0.002807274219230749,3.4872203182429073,2053.0712616443634
nan,nan,1638400,0.0010782629319237458,0.11632690578699112,0.11583862453699112,0.11680298298597336,0.11768188327550888,0.118560791015625,0.11716919392347336,0.11719360202550888,0.11713256686925888,0.11708831787109375,18.19477824270725,0.0631217285990715,0.06270258873701096,0.06300046294927597,0.06652960926294327,0.0712989792227745,0.07608940452337265,0.07933691143989563,0.07963088899850845,50,0.002002773806452751,0.0019764157477766275,0.00199535652063787,0.002224041847512126,0.002552676945924759,0.002905972534790635,0.003161563305184245,0.003181199077516794,0.00026987704918032785,1001.0,-234.59354271355525,32,-0.002756463849800639,3.3027442280203103,2090.4821751117706
nan,nan,1671168,0.001060738545265849,0.11531372368335724,0.11547241359949112,0.11399536579847336,0.11560668796300888,0.115234375,0.11522217094898224,0.11457519978284836,0.115234375,0.115081787109375,18.239025065302847,0.06377770006656647,0.06316587328910828,0.06330662220716476,0.06571769714355469,0.07151921838521957,0.07613029330968857,0.07887052744626999,0.07964926213026047,51,0.0020421717781573534,0.0020027977880090475,0.002011135220527649,0.0021671948488801718,0.002566146431490779,0.0029072908218950033,0.00311996485106647,0.00318329781293869,0.00026926229508196715,1001.0,-227.3550582216679,32,-0.0027508580536959927,3.204334925673902,2128.3490121364594
nan,nan,1703936,0.001121325512394833,0.12226562947034836,0.12130127102136612,0.12308960407972336,0.12213744968175888,0.12333984673023224,0.12290038913488388,0.12272339314222336,0.12187500298023224,0.12245407104492187,18.194192403554915,0.06290534883737564,0.06326587498188019,0.06425654888153076,0.06636881828308105,0.07126647979021072,0.07635977119207382,0.07839760184288025,0.07937289774417877,52,0.0019860060419887304,0.0020083237905055285,0.0020738509483635426,0.0022104268427938223,0.002548564923927188,0.0029286607168614864,0.003084816737100482,0.003159349551424384,0.00026864754098360655,1001.0,-240.02263847392481,32,-0.0027744294464355336,2.9129379749298097,2166.7963762283325
nan,nan,1736704,0.0010498857296624919,0.11448974907398224,0.11354980617761612,0.11262207478284836,0.11272583156824112,0.11243896931409836,0.11421509087085724,0.11368408054113388,0.11459960788488388,0.1135406494140625,18.20359023809433,0.06341041624546051,0.06353932619094849,0.06283414363861084,0.06472732126712799,0.07082153856754303,0.07540946453809738,0.08005690574645996,0.08085114508867264,53,0.0020205331966280937,0.002025439403951168,0.0019825557246804237,0.002104836283251643,0.002519353060051799,0.002852694597095251,0.003215440781787038,0.0032791474368423223,0.0002680327868852459,1001.0,-234.6234565743762,32,-0.0027046629547839984,3.098654649220407,2205.0273945331573
nan,nan,1769472,0.0010013801968398184,0.10685425251722336,0.107086181640625,0.107025146484375,0.10615234822034836,0.10516357421875,0.10667724907398224,0.106597900390625,0.107696533203125,0.10665664672851563,18.196811190247537,0.06226739287376404,0.0631190687417984,0.06337765604257584,0.06519435346126556,0.07010918110609055,0.07529405504465103,0.08061233907938004,0.08150885254144669,54,0.0019458230817690492,0.0019993996247649193,0.0020165087189525366,0.002133675618097186,0.0024667067918926477,0.002843692898750305,0.003260341240093112,0.00333385169506073,0.00026741803278688525,1001.0,-238.82446444237985,32,-0.0029306460957741363,3.4812796987593173,2242.1451077461243
nan,nan,1802240,0.0010760097562524606,0.11636962741613388,0.11710815876722336,0.11687622219324112,0.11663208156824112,0.11569824069738388,0.11606445163488388,0.11626587063074112,0.11693115532398224,0.11649322509765625,18.25802853703499,0.0618903748691082,0.06249610334634781,0.06336220353841782,0.06626390665769577,0.07169177383184433,0.07559224218130112,0.07964347302913666,0.08077683299779892,55,0.0019234747160226107,0.001960286172106862,0.002014362020418048,0.002202870324254036,0.002578307641670108,0.002866707043722272,0.0031804367899894714,0.0032735548447817564,0.0002668032786885246,1001.0,-225.68632924251264,32,-0.0025967113149818035,3.160993345081806,2279.481626033783
nan,nan,1835008,0.0010948869108233338,0.117645263671875,0.11913452297449112,0.11795654147863388,0.119842529296875,0.11912842094898224,0.118988037109375,0.1180419921875,0.11989136040210724,0.11882858276367188,18.202294337749482,0.06158822774887085,0.06241029500961304,0.06294023990631104,0.06586915999650955,0.0706697478890419,0.0760539099574089,0.08013809472322464,0.08142944425344467,56,0.0019059276673942804,0.00195782701484859,0.001992017962038517,0.0021774028427898884,0.0025057869497686625,0.002904758555814624,0.003225861582905054,0.003330417675897479,0.0002661885245901639,1001.0,-226.00347509232313,32,-0.0028467166463087778,3.336975820362568,2317.194647550583
nan,nan,1867776,0.0010993692730153271,0.118438720703125,0.11836548149585724,0.11986084282398224,0.11945190280675888,0.12008056789636612,0.11913452297449112,0.12046509236097336,0.11945190280675888,0.1194061279296875,18.209620305895804,0.06241074949502945,0.0634089857339859,0.06354814767837524,0.0658150315284729,0.07068080455064774,0.07559491693973541,0.07935880869626999,0.08100569248199463,57,0.001954670762643218,0.002019028877839446,0.0020270838867872953,0.0021734358742833138,0.002506067743524909,0.0028663852717727423,0.003160391468554735,0.003292936598882079,0.00026557377049180324,1001.0,-234.32271031401805,32,-0.0026966710698616224,3.054150595329702,2355.650693655014
nan,nan,1900544,0.0010990238146860066,0.12008056789636612,0.11986084282398224,0.11962890625,0.119476318359375,0.11969604343175888,0.11940918117761612,0.1197509765625,0.11967163532972336,0.11969680786132812,18.2278324842453,0.06262059509754181,0.06295230239629745,0.06308688223361969,0.06555879861116409,0.07103931158781052,0.07548755407333374,0.07977128028869629,0.08106590807437897,58,0.0019675411749631166,0.0019892535638064146,0.0019990482833236456,0.0021581395994871855,0.0025349981151521206,0.0028608001302927732,0.003191853640601039,0.003298365045338869,0.0002649590163934426,1001.0,-234.12658654508277,32,-0.0027791281281679403,3.2643091272562743,2395.0981352329254
-168.9478133553208,24.890933997464717,1900544,nan,nan,nan,nan,nan,nan,nan,nan,nan,nan,nan,nan,nan,nan,nan,nan,nan,nan,nan,nan,nan,nan,nan,nan,nan,nan,nan,nan,nan,nan,nan,nan,nan,nan,2474.153179883957
nan,nan,1933312,0.0010328154776743758,0.11126708984375,0.11026611179113388,0.10966186970472336,0.11110839992761612,0.11203613132238388,0.11162719875574112,0.10983886569738388,0.11034546047449112,0.11076889038085938,18.221056839823724,0.06180393323302269,0.06293933093547821,0.06270923465490341,0.06678449362516403,0.0729658231139183,0.07597710192203522,0.07847721874713898,0.07995595782995224,59,0.0019198820227757096,0.0019942799117416143,0.0019760807044804096,0.0022375655826181173,0.002673415234312415,0.0028980018105357885,0.00308988313190639,0.0032108917366713285,0.00026434426229508194,1001.0,-237.13053188748276,32,-0.0027873760347574715,3.2325061965733766,2510.3860654830933
nan,nan,1966080,0.0010669093835076638,0.11387329548597336,0.11514892429113388,0.11423950642347336,0.11491089314222336,0.11594849079847336,0.11610718071460724,0.11351318657398224,0.115203857421875,0.1148681640625,18.23007915318012,0.06202555447816849,0.06192312389612198,0.06304211914539337,0.0652872696518898,0.07076094299554825,0.0762658342719078,0.08047452569007874,0.081267811357975,60,0.0019358181161805987,0.0019276703242212534,0.001995674567297101,0.0021407974418252707,0.0025149304419755936,0.0029218026902526617,0.0032498629298061132,0.0033134431578218937,0.0002637295081967213,1001.0,-223.09943450647788,32,-0.0027316489002259916,3.4122065361589193,2548.031729698181
nan,nan,1998848,0.0011359991474364506,0.12315063923597336,0.12397461384534836,0.124267578125,0.12401123344898224,0.12391968071460724,0.12396850436925888,0.12372436374425888,0.12459106743335724,0.12395095825195312,18.152554738521577,0.06269527971744537,0.06335392594337463,0.06311147660017014,0.06548557430505753,0.0704294815659523,0.0756150484085083,0.07925103604793549,0.0816970020532608,61,0.0019745950121432543,0.0020156423561275005,0.0019997458439320326,0.002152414759621024,0.002489410573616624,0.0028695084620267153,0.00314989872276783,0.003348784288391471,0.00026311475409836063,1001.0,-224.12520883408146,32,-0.002759968877217034,3.054951266571879,2584.466590642929
nan,nan,2031616,0.001066174498600958,0.11468505859375,0.1158447265625,0.11444701999425888,0.11500854790210724,0.11469727009534836,0.11616821587085724,0.11480102688074112,0.11592407524585724,0.11519699096679688,18.23122195005417,0.0627724826335907,0.06261671334505081,0.06268436461687088,0.06570299714803696,0.07128387689590454,0.0753147229552269,0.08003782480955124,0.08115117251873016,62,0.001979149179533124,0.001967726042494178,0.0019722776487469673,0.002167078200727701,0.0025490697007626295,0.0028454354032874107,0.0032147858291864395,0.003304477781057358,0.0002625,1001.0,-230.66560746898418,32,-0.0030043177859624846,3.3324661957100035,2623.8187215328217
nan,nan,2064384,0.0011524569009907283,0.12607422471046448,0.12479247897863388,0.12543335556983948,0.12569580972194672,0.12567138671875,0.126708984375,0.12568970024585724,0.12560425698757172,0.12570877075195314,18.197856691479682,0.06198852136731148,0.062326718121767044,0.06223366782069206,0.06541706621646881,0.0708407536149025,0.07560376822948456,0.08058857172727585,0.0822029784321785,63,0.0019279277184978127,0.001950370497070253,0.0019437101436778903,0.0021468631457537413,0.0025180557277053595,0.002866247668862343,0.003257481148466468,0.0033893436193466187,0.00026188524590163933,1001.0,-228.8518133031825,32,-0.00285490536261932,3.0395629581063988,2661.9400675296783
nan,nan,2097152,0.0011594601821343531,0.12675170600414276,0.12660522758960724,0.12657471001148224,0.12650756537914276,0.12727050483226776,0.12769165635108948,0.12859497964382172,0.12799072265625,0.12724838256835938,18.218224987387657,0.06266545504331589,0.062222886830568314,0.06266223639249802,0.06464371830224991,0.0700630322098732,0.07569270581007004,0.08039849996566772,0.0827864333987236,64,0.001971994061022997,0.0019430347019806504,0.001971120247617364,0.0020975840743631124,0.002463139360770583,0.002873192774131894,0.0032426328398287296,0.0034373027738183737,0.0002612704918032787,1001.0,-226.58485138809556,32,-0.002843146744999103,3.1180059637874367,2698.538012742996
nan,nan,2129920,0.0011750448171824247,0.12788085639476776,0.12729492783546448,0.12920533120632172,0.128143310546875,0.12910155951976776,0.12834472954273224,0.12921753525733948,0.12830200791358948,0.128436279296875,18.22745309472084,0.06176028400659561,0.06226329132914543,0.062326040118932724,0.0648532435297966,0.07013770937919617,0.07594979554414749,0.08083423227071762,0.0827547162771225,65,0.001916145789436996,0.0019468431128188968,0.0019494127482175827,0.002110821893438697,0.0024684257805347443,0.002894357545301318,0.0032772354315966368,0.0034367572516202927,0.000260655737704918,1001.0,-221.03344378741704,32,-0.0029113235934346447,2.9282524881884457,2736.708545923233
nan,nan,2162688,0.0011934225491131655,0.130950927734375,0.13054810464382172,0.13106079399585724,0.12989501655101776,0.131744384765625,0.13154907524585724,0.13291016221046448,0.13093872368335724,0.13119964599609374,18.223128497600555,0.06259029358625412,0.06203881651163101,0.06238321587443352,0.0647246390581131,0.06971845775842667,0.07594505697488785,0.08073524385690689,0.082705557346344,66,0.0019680073019117117,0.00193306605797261,0.0019548123236745596,0.0021052593365311623,0.0024395540822297335,0.002897195518016815,0.003269583685323596,0.003432521363720298,0.0002600409836065573,1001.0,-240.17276521730037,48,-0.0027670155148371125,2.814416608400643,2782.9279227256775
nan,nan,2195456,0.0010407555210349528,0.11036987602710724,0.11184082180261612,0.11180420219898224,0.11129150539636612,0.111968994140625,0.11049804836511612,0.11040649563074112,0.11146850883960724,0.1112060546875,18.210414919257165,0.0612422414124012,0.062433917075395584,0.061950404196977615,0.06388262659311295,0.07038456946611404,0.07666826993227005,0.08090055733919144,0.08315394818782806,67,0.0018835080554708838,0.0019569231662899256,0.0019265515729784966,0.0020480037201195955,0.002485454548150301,0.0029487318824976683,0.003283188445493579,0.0034676387440413237,0.00025942622950819673,1001.0,-233.48722183350668,32,-0.002967457002523588,3.392029197141528,2825.12775182724
nan,nan,2228224,0.0011557851180441503,0.1265869140625,0.12565918266773224,0.12572021782398224,0.12633056938648224,0.12662963569164276,0.125885009765625,0.12873534858226776,0.12642823159694672,0.12649688720703126,18.254767245054246,0.06249116733670235,0.062188178300857544,0.06202714517712593,0.06506451219320297,0.07038405537605286,0.07641569525003433,0.0802353173494339,0.08201445639133453,68,0.0019604943227022886,0.0019456734880805016,0.0019328490598127246,0.002128442283719778,0.002489220118150115,0.0029327482916414738,0.003232903080061078,0.0033776697237044573,0.000258811475409836,1001.0,-229.3520994817177,32,-0.002926162067160476,2.767345699481666,2863.5355875492096
nan,nan,2260992,0.0010900892673816997,0.11790771782398224,0.11887206882238388,0.11632690578699112,0.11803589016199112,0.11789550632238388,0.11787109822034836,0.11901245266199112,0.11867065727710724,0.11807403564453126,18.18097387254238,0.06287501007318497,0.06287726014852524,0.06339408457279205,0.06512045115232468,0.06959038972854614,0.07513809204101562,0.07967416197061539,0.08271297067403793,69,0.001985836075618863,0.0019860719330608845,0.0020184337627142668,0.00212869793176651,0.002429516287520528,0.0028336583636701107,0.0031857334543019533,0.0034320519771426916,0.00025819672131147537,1001.0,-230.1037456762104,32,-0.0028239789189683506,2.935023855604231,2901.1073837280273
nan,nan,2293760,0.0011143976582843607,0.12125854939222336,0.12064208835363388,0.120330810546875,0.12086792290210724,0.12074585258960724,0.12158203125,0.12000732868909836,0.12122192233800888,0.12083206176757813,18.165868827700614,0.06222347542643547,0.06215709075331688,0.06209776550531387,0.0644884929060936,0.07006508111953735,0.07592732459306717,0.08097723871469498,0.0826982781291008,70,0.0019466925878077745,0.0019421942997723818,0.0019375355914235115,0.0020884547848254442,0.0024629447143524885,0.0028917535673826933,0.0032939284574240446,0.003436495317146182,0.0002575819672131147,1001.0,-238.3558745795744,32,-0.0028221598746313247,2.9714338911697267,2938.615054368973
nan,nan,2326528,0.0011528337379786535,0.12667237222194672,0.12518310546875,0.12600098550319672,0.12572632730007172,0.12526856362819672,0.12550048530101776,0.12614135444164276,0.12490234524011612,0.1256744384765625,18.24762235879898,0.06170995905995369,0.06222125515341759,0.061059948056936264,0.06356679648160934,0.06981021165847778,0.07516224682331085,0.08167006820440292,0.08489324152469635,71,0.0019137393683195114,0.0019437238806858659,0.0018708523130044341,0.0020295572467148304,0.0024466016329824924,0.0028345328755676746,0.00334561918862164,0.003615372581407428,0.00025696721311475407,1001.0,-240.3754031037393,32,-0.002806873893132433,2.9391832042485477,2975.7712500095367
nan,nan,2359296,0.0011178012862728792,0.12019043415784836,0.12095337361097336,0.121185302734375,0.12143554538488388,0.12080688774585724,0.12052612751722336,0.12177123874425888,0.121795654296875,0.12108306884765625,18.17220692932606,0.06145092472434044,0.062022507190704346,0.06278350204229355,0.06400608271360397,0.06969769299030304,0.07591866701841354,0.08104626089334488,0.08338742703199387,72,0.001898690708912909,0.0019367404747754335,0.001982565736398101,0.002059927908703685,0.002438597148284316,0.002892138436436653,0.0032963359262794256,0.0034950037952512503,0.0002563524590163934,1001.0,-228.64848260213157,32,-0.0028195510516525247,2.798234442435205,3013.2653045654297
nan,nan,2392064,0.0011869993510117637,0.13087768852710724,0.13007812201976776,0.1307373046875,0.13040772080421448,0.1297607421875,0.13206787407398224,0.13182373344898224,0.13021241128444672,0.13074569702148436,18.243773639202118,0.0613088496029377,0.0614682212471962,0.061898451298475266,0.06475495547056198,0.07079897075891495,0.07590045779943466,0.0810733437538147,0.08321058005094528,73,0.0018900077557191253,0.0018975756829604506,0.001924295793287456,0.0021061585284769535,0.0025180273223668337,0.002892837394028902,0.0032971096225082874,0.0034739875700324774,0.00025573770491803277,1001.0,-242.067224537813,32,-0.0029544533630541992,2.6392746651545167,3051.1809437274933
nan,nan,2424832,0.001116460623461535,0.12092285603284836,0.12109985202550888,0.12090454250574112,0.12048950046300888,0.12120361626148224,0.12150269001722336,0.12080078572034836,0.12075195461511612,0.12095947265625,18.211815217137335,0.06274163722991943,0.062039535492658615,0.061423201113939285,0.06461464613676071,0.06994213908910751,0.0756344199180603,0.08114923536777496,0.08291201293468475,74,0.0019788891077041626,0.0019344724714756012,0.0018984404159709811,0.002099072327837348,0.0024592045228928328,0.002870783908292651,0.0033063918817788363,0.003452745033428073,0.0002551229508196721,1001.0,-237.18811105839197,32,-0.002927336772700073,2.7830737536773085,3089.4033102989197
nan,nan,2457600,0.0010771131172532477,0.11522217094898224,0.11550293117761612,0.11629638820886612,0.11598511040210724,0.11534424126148224,0.11554565280675888,0.11600952595472336,0.11517333984375,0.11563491821289062,18.23306851387024,0.06156270578503609,0.06163270026445389,0.0613543763756752,0.0647440180182457,0.0705641433596611,0.07590239495038986,0.08102574199438095,0.08368486911058426,75,0.0019037531455978751,0.0019067686516791582,0.0018890242790803313,0.00210382416844368,0.0024991368409246206,0.002890111645683646,0.0032937165815383196,0.0035136640071868896,0.00025450819672131146,1001.0,-241.5119488085766,32,-0.0028977146444958634,3.080577685125172,3127.2753801345825
nan,nan,2490368,0.0011608203315063292,0.12678833305835724,0.12723389267921448,0.12489014118909836,0.12639771401882172,0.12682496011257172,0.12667237222194672,0.12688599526882172,0.12698975205421448,0.12658538818359374,18.234411105513573,0.0631060004234314,0.06259871274232864,0.06209763512015343,0.06431224197149277,0.07004650682210922,0.07498901337385178,0.08065230399370193,0.08310103416442871,76,0.0020006520207971334,0.001967694843187928,0.00193694734480232,0.0020779226906597614,0.002462447388097644,0.002821558155119419,0.0032657489646226168,0.0034670287277549505,0.0002538934426229508,1001.0,-224.40629233622798,32,-0.002833095377718564,2.866487234644592,3165.3309767246246
nan,nan,2523136,0.0012088835493159421,0.13201294839382172,0.13273315131664276,0.13262329995632172,0.13236084580421448,0.13295288383960724,0.13314209878444672,0.1326904296875,0.13306884467601776,0.13269805908203125,18.20933258831501,0.06250526010990143,0.062428273260593414,0.061693575233221054,0.06269685924053192,0.06927832961082458,0.07598689943552017,0.08119992166757584,0.08446373790502548,77,0.0019621748942881823,0.001957291504368186,0.0019124186364933848,0.0019741300493478775,0.0024086919147521257,0.002896067453548312,0.0033079497516155243,0.003581274999305606,0.0002532786885245901,1001.0,-233.27039456182183,32,-0.0027578908258874433,2.641196631081402,3202.5365726947784
nan,nan,2555904,0.0011396094861083838,0.12383423000574112,0.123382568359375,0.12380371242761612,0.12294922024011612,0.12423095852136612,0.123687744140625,0.12437134236097336,0.12457275390625,0.12385406494140624,18.221636161208153,0.0619591549038887,0.06261809915304184,0.06218991428613663,0.06440699100494385,0.06966026872396469,0.07442253828048706,0.08149410784244537,0.08387183398008347,78,0.0019275672966614366,0.0019697316456586123,0.0019426923245191574,0.002083173021674156,0.0024348192382603884,0.002779280999675393,0.003332731081172824,0.003530004294589162,0.00025266393442622946,1001.0,-235.3810521380656,32,-0.0027360027150280077,2.9279908746480943,3240.234759092331
nan,nan,2588672,0.0011561674816221057,0.12507934868335724,0.125762939453125,0.12592773139476776,0.12579956650733948,0.12730713188648224,0.12695923447608948,0.12581177055835724,0.12615966796875,0.12610092163085937,18.245472496747972,0.061366476118564606,0.06223170831799507,0.06202191114425659,0.06421013921499252,0.0691891461610794,0.07520806789398193,0.0814213976264,0.08445297926664352,79,0.0018950406229123473,0.0019460123730823398,0.001932357670739293,0.0020702627953141928,0.0024060613941401243,0.002840423723682761,0.003326886100694537,0.0035829555708914995,0.0002520491803278688,1001.0,-224.71263721379165,32,-0.002798394324054243,2.7975697765126823,3277.767936229706
nan,nan,2621440,0.0010969488092996472,0.11892089992761612,0.117889404296875,0.11726074665784836,0.11704101413488388,0.11856689304113388,0.11760254204273224,0.11826782673597336,0.11848755180835724,0.11800460815429688,18.219484877586364,0.0605945959687233,0.06161684915423393,0.06133129820227623,0.06293351203203201,0.0688585564494133,0.07631593197584152,0.08265294879674911,0.08522383123636246,80,0.001843752572312951,0.001907161669805646,0.0018890434876084328,0.0019892696291208267,0.002379618352279067,0.0029213125817477703,0.0034268281888216734,0.0036430128384381533,0.00025143442622950816,1001.0,-227.94571838183535,32,-0.002843880323052872,3.013497606292367,3314.5338518619537
nan,nan,2654208,0.001146299814354279,0.12413940578699112,0.12432861328125,0.12384033203125,0.12418212741613388,0.12520752847194672,0.12485351413488388,0.12391357868909836,0.12351074069738388,0.12424697875976562,18.18803791105747,0.062176257371902466,0.06253638118505478,0.06182904168963432,0.06433655321598053,0.06883241981267929,0.07467282563447952,0.08092774450778961,0.08488292992115021,81,0.0019438706804066896,0.0019637923687696457,0.0019215646898373961,0.0020812558941543102,0.002379458397626877,0.0028014553245157003,0.0032920222729444504,0.0036165807396173477,0.00025081967213114756,1001.0,-225.52361321290562,32,-0.0028636506031034514,2.922943434305489,3351.131760120392
nan,nan,2686976,0.0011674521903842106,0.12700195610523224,0.12554931640625,0.12706299126148224,0.12801514565944672,0.12801514565944672,0.127044677734375,0.12666015326976776,0.126434326171875,0.12697296142578124,18.208790120482444,0.0621977262198925,0.06211838871240616,0.06146224960684776,0.06337597221136093,0.06887658685445786,0.07551921904087067,0.08186856657266617,0.08454932272434235,82,0.0019430937245488167,0.0019388793734833598,0.001896550296805799,0.0020223469473421574,0.0023804742377251387,0.0028622986283153296,0.003366804448887706,0.0035895523615181446,0.0002502049180327869,1001.0,-226.8261260768693,32,-0.002877791548962705,3.2663901183754205,3388.8004064559937
nan,nan,2719744,0.0012014959136195102,0.130615234375,0.13060913980007172,0.13001708686351776,0.13151855766773224,0.1312255859375,0.13045655190944672,0.13205567002296448,0.13132934272289276,0.1309783935546875,18.25476254224777,0.0614544153213501,0.06143760308623314,0.06157891824841499,0.0638054832816124,0.0688948854804039,0.07498884201049805,0.08162456750869751,0.08574052900075912,83,0.0018986735958606005,0.0018975690472871065,0.0019079380435869098,0.002046669600531459,0.0023864859249442816,0.002825189381837845,0.0033466406166553497,0.003690832993015647,0.0002495901639344262,1001.0,-221.26145233045213,32,-0.0029445286112604664,2.7796954844146966,3426.3421630859375
nan,nan,2752512,0.0012599939363099112,0.13897095620632172,0.138458251953125,0.13875122368335724,0.13884888589382172,0.14066162705421448,0.138519287109375,0.13910523056983948,0.13972167670726776,0.139129638671875,18.206756114959717,0.06093078851699829,0.061746060848236084,0.06261228770017624,0.06401818245649338,0.06895726174116135,0.07463806122541428,0.08133524656295776,0.08564502000808716,84,0.0018637310713529587,0.0019141238881275058,0.0019741097930818796,0.0020591008942574263,0.002388878259807825,0.002794655505567789,0.003321690484881401,0.003683709306642413,0.00024897540983606555,1001.0,-233.21330299386605,32,-0.002762369588162983,2.514985905215144,3463.2069642543793
nan,nan,2785280,0.0012220790344144917,0.13410034775733948,0.13350830972194672,0.13253174722194672,0.13393555581569672,0.13383789360523224,0.13432006537914276,0.13466186821460724,0.13370361924171448,0.13382492065429688,18.191132119297983,0.061319779604673386,0.06184237077832222,0.0619334951043129,0.06317725032567978,0.0693608745932579,0.07512088865041733,0.08148262649774551,0.08553850650787354,85,0.0018894061213359237,0.0019236644729971886,0.0019272364443168044,0.0020039407536387444,0.0024153159465640783,0.0028346299659460783,0.003333860309794545,0.003671945771202445,0.0002483606557377049,1001.0,-223.3170288852221,32,-0.0027450955916719978,2.3785107182338834,3500.084307193756
nan,nan,2818048,0.0011740483838821093,0.12743531167507172,0.12811279296875,0.12757568061351776,0.12873534858226776,0.12821045517921448,0.12799072265625,0.12843628227710724,0.12880249321460724,0.12816238403320312,18.2146655023098,0.06130935624241829,0.062362369149923325,0.06214546784758568,0.06323754042387009,0.06758242100477219,0.07422911375761032,0.08172565698623657,0.0870252475142479,86,0.0018889118218794465,0.001953825121745467,0.0019392345566302538,0.0020079477690160275,0.0022933618165552616,0.0027653095312416553,0.003350731683894992,0.003800678299739957,0.00024774590163934425,1001.0,-244.31427725072038,32,-0.002832499514624942,2.5370094902813434,3537.7377524375916
nan,nan,2850816,0.0011590612753479945,0.12647704780101776,0.12573853135108948,0.125244140625,0.123870849609375,0.12439575046300888,0.12448730319738388,0.12407837063074112,0.12635497748851776,0.12508087158203124,18.192234641313554,0.06125938892364502,0.06241336464881897,0.061874356120824814,0.06350994110107422,0.06759090721607208,0.07420267164707184,0.08214765042066574,0.08655664324760437,87,0.0018858648836612701,0.0019567743875086308,0.001923130825161934,0.0020253851544111967,0.002294310135766864,0.0027666438836604357,0.003386342665180564,0.003761547850444913,0.0002471311475409836,1001.0,-230.4924567742128,32,-0.002887669953634031,2.7325773037970067,3575.1817507743835
-200.53875334557497,9.925050626882815,2850816,nan,nan,nan,nan,nan,nan,nan,nan,nan,nan,nan,nan,nan,nan,nan,nan,nan,nan,nan,nan,nan,nan,nan,nan,nan,nan,nan,nan,nan,nan,nan,nan,nan,nan,3652.99290394783
nan,nan,2883584,0.001178069584648256,0.12910766899585724,0.12888793647289276,0.12709961831569672,0.12839965522289276,0.12927857041358948,0.128143310546875,0.12929077446460724,0.12830810248851776,0.128564453125,18.215641155838966,0.060405321419239044,0.061977338045835495,0.06194881349802017,0.06371965259313583,0.06822378933429718,0.07475985586643219,0.08146090060472488,0.0870654508471489,88,0.001832452486269176,0.0019283604342490435,0.0019270804477855563,0.0020381826907396317,0.0023355637677013874,0.0028059675823897123,0.0033291999716311693,0.0038031924050301313,0.00024651639344262295,1001.0,-230.4933398725358,48,-0.0027410618007706945,2.6512802140787244,3690.364387989044
nan,nan,2916352,0.0011183484564298851,0.11989136040210724,0.12013550102710724,0.11929931491613388,0.12079467624425888,0.12145385891199112,0.12208252400159836,0.12044677883386612,0.12084350734949112,0.12061843872070313,18.165706154704093,0.06101120263338089,0.06166351959109306,0.06115153059363365,0.06254395097494125,0.06903379410505295,0.07576089352369308,0.08177032321691513,0.08618900924921036,89,0.0018734980840235949,0.0019143670797348022,0.0018808235181495547,0.0019644813146442175,0.0023937614168971777,0.002881075954064727,0.003359762718901038,0.003732230281457305,0.0002459016393442623,1001.0,-228.29741325761086,32,-0.002868177332129562,3.1896754026412966,3728.1427607536316
nan,nan,2949120,0.0011896483901182365,0.13014526665210724,0.13001099228858948,0.12872314453125,0.12846069037914276,0.12979736924171448,0.129241943359375,0.12916870415210724,0.13129273056983948,0.1296051025390625,18.221961000561713,0.06111796572804451,0.06162647157907486,0.06242559105157852,0.06370848417282104,0.06830741465091705,0.07454966753721237,0.08142256736755371,0.08639826625585556,90,0.001879071700386703,0.00190994783770293,0.001958936220034957,0.0020397843327373266,0.0023421109654009342,0.0027915702667087317,0.0033307652920484543,0.003747813403606415,0.00024528688524590164,1001.0,-224.59167163544888,32,-0.0027767080035118854,2.882876622490585,3764.446108818054
nan,nan,2981888,0.0011917418118173374,0.130126953125,0.12902222573757172,0.12743531167507172,0.1278076171875,0.12930908799171448,0.12799072265625,0.1285400390625,0.13123778998851776,0.1289337158203125,18.246332907676695,0.06144086271524429,0.06189079210162163,0.06115347146987915,0.06272409111261368,0.0686417743563652,0.07516264915466309,0.08177162706851959,0.08671288937330246,91,0.0018973533296957612,0.0019239921821281314,0.0018771113827824593,0.0019747724290937185,0.0023651723749935627,0.002834198996424675,0.0033543554600328207,0.0037730433978140354,0.00024467213114754094,1001.0,-227.74681897382146,32,-0.0029182275422499513,2.93402164503932,3802.830358982086
nan,nan,3014656,0.001185052203027226,0.129180908203125,0.12736816704273224,0.12916259467601776,0.12703858315944672,0.12797851860523224,0.12879028916358948,0.12953491508960724,0.12990723550319672,0.12862014770507812,18.187366661429405,0.060933668166399,0.06165144965052605,0.061483290046453476,0.06280728429555893,0.0676392987370491,0.07446026057004929,0.08223777264356613,0.0878865048289299,92,0.0018643572693690658,0.001908944803290069,0.0018977931467816234,0.0019808802753686905,0.00229690526612103,0.002781552029773593,0.0033935345709323883,0.003876032307744026,0.00024405737704918031,1001.0,-228.94076486436734,32,-0.0029657422863238027,2.742320021428168,3840.2211151123047
nan,nan,3047424,0.0012032426352106996,0.13108520209789276,0.131256103515625,0.131317138671875,0.13149414956569672,0.13090209662914276,0.131103515625,0.13239136338233948,0.13271485269069672,0.13153305053710937,18.21050646007061,0.060979317873716354,0.06165362522006035,0.060717351734638214,0.0633852630853653,0.06878531724214554,0.07488107681274414,0.08140230178833008,0.08734561502933502,93,0.0018722545355558395,0.0019094058079645038,0.0018531613750383258,0.0020193892996758223,0.0023751009721308947,0.002817609580233693,0.0033256206661462784,0.003827457083389163,0.00024344262295081966,1001.0,-225.51818769498635,32,-0.0028689191884041067,2.68402344007045,3877.7392823696136
nan,nan,3080192,0.0011820452920346725,0.12819214165210724,0.12799072265625,0.12797240912914276,0.12761230766773224,0.128570556640625,0.12864379584789276,0.12844239175319672,0.12907104194164276,0.12831192016601561,18.19460234940052,0.06064519286155701,0.061143696308135986,0.06069202348589897,0.06303318589925766,0.06872741878032684,0.07540111988782883,0.08201110363006592,0.08726824820041656,94,0.001849881955422461,0.0018776834476739168,0.0018495753174647689,0.0019967518746852875,0.0023737626615911722,0.002853384707123041,0.00337475398555398,0.0038242065347731113,0.000242827868852459,1001.0,-225.7434648960893,32,-0.0029340774039155804,2.6867943752557037,3915.176649570465
nan,nan,3112960,0.0012738657109821361,0.13942871987819672,0.13865967094898224,0.13866578042507172,0.13919678330421448,0.141571044921875,0.14310303330421448,0.14078369736671448,0.1419677734375,0.14042205810546876,18.236159339547157,0.06143900379538536,0.0612248070538044,0.0609053373336792,0.06267178803682327,0.06851454824209213,0.07474521547555923,0.08200488239526749,0.08762510865926743,95,0.0018962215399369597,0.0018834088696166873,0.001862921635620296,0.001972266472876072,0.0023558398243039846,0.00280276988632977,0.003374496242031455,0.003852076129987836,0.00024221311475409833,1001.0,-223.51410949066667,32,-0.0027835299617436247,2.352723725698888,3951.6325449943542
nan,nan,3145728,0.001175709098470179,0.12798462808132172,0.12656860053539276,0.12725220620632172,0.12795411050319672,0.1275634765625,0.12798462808132172,0.13024292886257172,0.1275634765625,0.12788925170898438,18.20259816944599,0.060425128787755966,0.06113794445991516,0.06108660250902176,0.06265746802091599,0.0683029517531395,0.07589396089315414,0.08183390647172928,0.08736326545476913,96,0.0018386375159025192,0.0018800083780661225,0.0018740840023383498,0.0019728669431060553,0.002345158951357007,0.002891367767006159,0.0033632635604590178,0.0038346131332218647,0.00024159836065573768,1001.0,-218.17948161091442,32,-0.0028915503236930816,2.6516655784100296,3988.8716633319855
nan,nan,3178496,0.001132171896051659,0.12252197414636612,0.12176513671875,0.12123413383960724,0.12141113728284836,0.122772216796875,0.12265624850988388,0.12284546345472336,0.12302245944738388,0.12227859497070312,18.21939521729946,0.0606970377266407,0.061349011957645416,0.06170668825507164,0.06415055692195892,0.06893865764141083,0.07410993427038193,0.08168324083089828,0.08690587431192398,97,0.001849700347520411,0.0018903593299910426,0.0019119851058349013,0.002067574532702565,0.0023861881345510483,0.0027564053889364004,0.003346888115629554,0.003790898947045207,0.00024098360655737703,1001.0,-230.42476876091254,32,-0.00302165061730193,2.689148882776499,4025.932107448578
nan,nan,3211264,0.0011703512389431125,0.12656250596046448,0.12593384087085724,0.12579956650733948,0.125457763671875,0.12805786728858948,0.12669678032398224,0.12647704780101776,0.12650147080421448,0.12643585205078126,18.194204246997835,0.0592520609498024,0.0602954626083374,0.06022496894001961,0.06210538372397423,0.0678444653749466,0.07505840063095093,0.08344386518001556,0.08925771713256836,98,0.0017663546605035663,0.0018292462918907404,0.0018231567228212953,0.0019372154492884874,0.002315576421096921,0.002830986864864826,0.0034941621124744415,0.0040033007971942425,0.00024036885245901638,1001.0,-227.73857724423715,32,-0.0029643129419127945,2.70369908362627,4063.524783372879
nan,nan,3244032,0.0012357873494238448,0.13591308891773224,0.13479004800319672,0.133331298828125,0.13526001572608948,0.13609619438648224,0.13594971597194672,0.13563232123851776,0.13608399033546448,0.135382080078125,18.232159471511842,0.06016279384493828,0.06056556850671768,0.06052369996905327,0.06248670443892479,0.06858169287443161,0.07529397308826447,0.08315443992614746,0.08762038499116898,99,0.0018183343345299363,0.0018438162514939904,0.0018434319645166397,0.0019603981636464596,0.002362763276323676,0.0028465017676353455,0.003471770090982318,0.0038529844023287296,0.00023975409836065573,1001.0,-218.09216528504749,32,-0.0029124207598215436,2.458882834948599,4106.483778953552
nan,nan,3276800,0.0012039543136779685,0.13161621987819672,0.131072998046875,0.13004760444164276,0.13148193061351776,0.12918701767921448,0.13197632133960724,0.13151244819164276,0.13176880776882172,0.13108291625976562,18.159552389383315,0.05994682386517525,0.06083515286445618,0.06077112630009651,0.06221966817975044,0.0681028962135315,0.07493644207715988,0.08292676508426666,0.08857883512973785,100,0.0018053731182590127,0.001859180978499353,0.0018560659373179078,0.0019445602083578706,0.002328472211956978,0.0028177357744425535,0.003450867487117648,0.003937744069844484,0.00023913934426229505,1001.0,-213.2694829897664,32,-0.0030078938158112577,2.5434276232495905,4158.397528171539
nan,nan,3309568,0.0011134041661534865,0.11948242038488388,0.11824341118335724,0.119171142578125,0.11985474079847336,0.11876221001148224,0.12019043415784836,0.118927001953125,0.12054443359375,0.11939697265625,18.222813725471497,0.061212100088596344,0.06152714416384697,0.060517292469739914,0.06207874044775963,0.06756458431482315,0.0755399614572525,0.08256101608276367,0.08759278059005737,101,0.001883176388218999,0.0019022346241399646,0.0018474090611562133,0.0019372598035261035,0.002293491503223777,0.0028627405408769846,0.0034197047352790833,0.0038539839442819357,0.0002385245901639344,1001.0,-223.03406685960272,32,-0.0030093391687842086,2.586677297949791,4196.77000784874
nan,nan,3342336,0.001115994343354032,0.12009277194738388,0.11873779445886612,0.1185302734375,0.11967163532972336,0.12043457478284836,0.12041015923023224,0.120819091796875,0.12052001804113388,0.11990203857421874,18.20546495616436,0.059246476739645004,0.060296691954135895,0.06168849393725395,0.06444299221038818,0.06824102252721786,0.07418860495090485,0.08260130137205124,0.08780325949192047,102,0.0017648510402068496,0.0018280502408742905,0.001917751389555633,0.0020869621075689793,0.0023395083844661713,0.0027641181368380785,0.0034257941879332066,0.0038729652296751738,0.00023790983606557375,1001.0,-213.152531709036,32,-0.002949686028296128,2.7836840864270926,4234.118027448654
nan,nan,3375104,0.0011152676016081386,0.11835937947034836,0.11953125149011612,0.117828369140625,0.11900024861097336,0.12056884914636612,0.121551513671875,0.12000732868909836,0.12015991657972336,0.1196258544921875,18.200878781080245,0.05925929173827171,0.05976233631372452,0.05996788665652275,0.06280466169118881,0.06786155700683594,0.0754595547914505,0.08361583203077316,0.08890238404273987,103,0.001765869208611548,0.0017959455726668239,0.0018069002544507384,0.0019828814547508955,0.0023117782548069954,0.0028572913724929094,0.003511174814775586,0.003968158736824989,0.00023729508196721307,1001.0,-218.02181195404444,32,-0.003061389438516926,3.0458806863054635,4272.471879959106
nan,nan,3407872,0.0011629450282725883,0.12672118842601776,0.125518798828125,0.12492065876722336,0.12501220405101776,0.12530517578125,0.12473144382238388,0.12578125298023224,0.12590332329273224,0.12548675537109374,18.20555341243744,0.059296924620866776,0.06037422642111778,0.06134987995028496,0.06300896406173706,0.06889332085847855,0.07452680915594101,0.08211851119995117,0.08866610378026962,104,0.0017683703918009996,0.0018341242102906108,0.001893422449938953,0.001996003556996584,0.00238319905474782,0.0027893907390534878,0.003382999449968338,0.0039524901658296585,0.00023668032786885242,1001.0,-211.45858324395493,32,-0.0030511375163769115,2.891000766120851,4310.243461847305
nan,nan,3440640,0.0012208398251914332,0.13325805962085724,0.13349609076976776,0.133087158203125,0.13295899331569672,0.13408814370632172,0.1341552734375,0.13448487222194672,0.13319702446460724,0.1335906982421875,18.21325939297676,0.05947677046060562,0.060757994651794434,0.06069863960146904,0.06229103356599808,0.06813415139913559,0.07489535212516785,0.0832984521985054,0.08857472240924835,105,0.0017789315897971392,0.0018556623253971338,0.0018510041991248727,0.0019485136726871133,0.0023314550053328276,0.0028149213176220655,0.0034810614306479692,0.00393845047801733,0.00023606557377049177,1001.0,-209.31355169160216,32,-0.002922438566747587,2.540864563547075,4347.707844018936
nan,nan,3473408,0.001169086648769735,0.12716065347194672,0.12595824897289276,0.12784424424171448,0.12645263969898224,0.12803344428539276,0.12635497748851776,0.12542724609375,0.12816162407398224,0.12692413330078126,18.16432992517948,0.05985323339700699,0.06047096475958824,0.06058929115533829,0.06332229822874069,0.06848951429128647,0.07473034411668777,0.08260317891836166,0.08843947947025299,106,0.0017996433889493346,0.0018361367983743548,0.001843170146457851,0.0020141915883868933,0.0023544924333691597,0.0028025496285408735,0.0034234009217470884,0.003926414996385574,0.00023545081967213112,1001.0,-217.57042473897684,32,-0.002917881629036856,2.760217220336199,4385.515873193741
nan,nan,3506176,0.001196422168186473,0.128021240234375,0.12975464761257172,0.12872925400733948,0.12913207709789276,0.12923584878444672,0.12964478135108948,0.12982788681983948,0.13138428330421448,0.12946624755859376,18.171994942426682,0.05971257761120796,0.060026515275239944,0.060566496104002,0.06219823285937309,0.0669974684715271,0.07338491827249527,0.08240820467472076,0.09186773002147675,107,0.0017950789770111442,0.0018112125108018517,0.0018436796963214874,0.0019430629909038544,0.002255622763186693,0.0027052261866629124,0.003407264593988657,0.004238852299749851,0.0002348360655737705,1001.0,-214.9523655983355,32,-0.0029509439918911085,2.732705957069993,4423.2290897369385
nan,nan,3538944,0.0010678892710529909,0.112274169921875,0.11276855319738388,0.11135254055261612,0.11165161430835724,0.11197509616613388,0.11326904594898224,0.112518310546875,0.11326294392347336,0.112384033203125,18.258027562499045,0.05922120809555054,0.05977815389633179,0.05999685451388359,0.06211541220545769,0.0687064528465271,0.07508701831102371,0.08290237188339233,0.08978362381458282,108,0.001763234264217317,0.0017955402145162225,0.0018084523035213351,0.001937983906827867,0.00236939312890172,0.0028293344657868147,0.003449235111474991,0.004046826623380184,0.00023422131147540984,1001.0,-214.1701732670392,32,-0.003099754892173223,3.155462781339884,4460.622310161591
nan,nan,3571712,0.0012552198989851603,0.13728027045726776,0.13612060248851776,0.13660888373851776,0.13723145425319672,0.13770142197608948,0.13837890326976776,0.13831177353858948,0.13930054008960724,0.13761672973632813,18.188361090421676,0.05870526656508446,0.06023521348834038,0.05969799682497978,0.06178966909646988,0.06752167642116547,0.07509871572256088,0.08382410556077957,0.09029348939657211,109,0.0017329445108771324,0.0018236689502373338,0.001790733658708632,0.0019173286855220795,0.0022885024081915617,0.0028300397098064423,0.0035249546635895967,0.004091826733201742,0.00023360655737704916,1001.0,-213.86482741539294,48,-0.0029801095399307085,2.594137139990926,4498.119816303253
nan,nan,3604480,0.0011133279112527817,0.119659423828125,0.11891479790210724,0.11864624172449112,0.11895141750574112,0.11899413913488388,0.11902465671300888,0.12176513671875,0.11986084282398224,0.11947708129882813,18.209912738204004,0.05953538417816162,0.059842951595783234,0.05964011698961258,0.06154852733016014,0.0670965313911438,0.07419011741876602,0.08345559239387512,0.09166573733091354,110,0.0017814458115026355,0.0017976595554500818,0.001785974600352347,0.0019018594175577164,0.0022597394417971373,0.002762444317340851,0.003493689000606537,0.004217187408357859,0.0002329918032786885,1001.0,-206.87321765783946,32,-0.0029939334039227107,3.30837094001472,4536.071377277374
nan,nan,3637248,0.0012297681483232736,0.134185791015625,0.13200072944164276,0.13336181640625,0.13370971381664276,0.13450317084789276,0.13361816108226776,0.134490966796875,0.13460083305835724,0.13380889892578124,18.213831862807275,0.05985547974705696,0.06029578670859337,0.059985291212797165,0.062362223863601685,0.06732819229364395,0.07439757138490677,0.083147794008255,0.09026821702718735,111,0.001801569014787674,0.0018269831780344248,0.0018074590479955077,0.0019530352437868714,0.002275982638821006,0.002778637921437621,0.003468268783763051,0.004088064190000296,0.00023237704918032786,1001.0,-213.18935397683592,32,-0.0028726847616781016,2.8665704989805816,4573.588887929916
nan,nan,3670016,0.0011583473779410269,0.12465210258960724,0.12455444782972336,0.12431640923023224,0.12407837063074112,0.12470092624425888,0.12560425698757172,0.125701904296875,0.12581177055835724,0.12492752075195312,18.159992957115172,0.06015129014849663,0.05990980938076973,0.0603819377720356,0.06242332607507706,0.06758652627468109,0.07469189912080765,0.08331818878650665,0.0894419476389885,112,0.0018184216460213065,0.0018031097715720534,0.001831073546782136,0.001957364846020937,0.0022925150115042925,0.0027994532138109207,0.003482908010482788,0.004015153273940086,0.00023176229508196718,1001.0,-223.07948873752727,32,-0.0030898818069545085,3.225353610701859,4611.686283826828
nan,nan,3702784,0.0011655969815819844,0.12537232041358948,0.12482910603284836,0.12685547769069672,0.12498169392347336,0.12561646103858948,0.12609253823757172,0.12655030190944672,0.12531128525733948,0.12570114135742189,18.198334449529646,0.06084410101175308,0.06135329231619835,0.06060415506362915,0.06180534511804581,0.06694258749485016,0.07403410971164703,0.08270646631717682,0.08963900059461594,113,0.001863863319158554,0.0018942432943731546,0.0018456478137522936,0.0019183022668585181,0.0022544432431459427,0.00275438348762691,0.0034335542004555464,0.004035561811178923,0.00023114754098360653,1001.0,-191.26588236776405,32,-0.002897770775598474,3.2573812386021017,4649.607430934906
nan,nan,3735552,0.001245757402102754,0.13737793266773224,0.13491211831569672,0.13637696206569672,0.13543701171875,0.13696900010108948,0.137847900390625,0.13792113959789276,0.13786010444164276,0.1368377685546875,18.245098489522935,0.05883146449923515,0.06017119437456131,0.06038011983036995,0.062239646911621094,0.06665968149900436,0.0755789503455162,0.08369331806898117,0.08973494917154312,114,0.0017398269847035408,0.0018202858045697212,0.0018338907975703478,0.0019467085367068648,0.0022330190986394882,0.0028677538502961397,0.003518238663673401,0.004040275700390339,0.00023053278688524588,1001.0,-215.7739513674365,32,-0.002884715883192257,2.79991318564862,4688.121597766876
nan,nan,3768320,0.0011292166929251835,0.12144775688648224,0.121368408203125,0.11977539211511612,0.121490478515625,0.12053222954273224,0.12178345024585724,0.120391845703125,0.12147217243909836,0.12103271484375,18.21739853620529,0.05958897992968559,0.05981786176562309,0.0600224994122982,0.0620560422539711,0.06784485280513763,0.07544070482254028,0.08371103554964066,0.08891328424215317,115,0.00178607611451298,0.0017983977450057864,0.0018112779362127185,0.0019362265011295676,0.002311910502612591,0.00286218267865479,0.003520915051922202,0.003973014187067747,0.00022991803278688523,1001.0,-211.6819914271125,32,-0.002949165897007333,3.0738619500771165,4725.674556970596
nan,nan,3801088,0.0011376988847132453,0.12175293266773224,0.122711181640625,0.12188110500574112,0.12246093899011612,0.12134399265050888,0.12156982719898224,0.12349853664636612,0.122283935546875,0.12218780517578125,18.139070922136305,0.061030127108097076,0.06238335371017456,0.06087876483798027,0.06177511811256409,0.06697171926498413,0.07361464947462082,0.0826367512345314,0.08912188559770584,116,0.0018732153112068772,0.0019560325890779495,0.0018629886908456683,0.0019178231013938785,0.002253031125292182,0.002719772979617119,0.003427748801186681,0.0039893873035907745,0.00022930327868852458,1001.0,-211.96571237919272,32,-0.003012580699942191,3.4303199000656606,4763.8843562603
-193.45685036119437,11.056477063963968,3801088,nan,nan,nan,nan,nan,nan,nan,nan,nan,nan,nan,nan,nan,nan,nan,nan,nan,nan,nan,nan,nan,nan,nan,nan,nan,nan,nan,nan,nan,nan,nan,nan,nan,nan,4839.4072852134705
nan,nan,3833856,0.0012029927332150691,0.13037109375,0.12888184189796448,0.12766113877296448,0.12752075493335724,0.12966309487819672,0.13186036050319672,0.13102416694164276,0.13026122748851776,0.12965545654296876,18.212583476305007,0.058835119009017944,0.06019474193453789,0.05976716801524162,0.06196644529700279,0.06662312895059586,0.0745355486869812,0.08388479053974152,0.09111818671226501,117,0.0017405942780897021,0.001821001642383635,0.001794128678739071,0.0019293793011456728,0.0022288525942713022,0.002787674544379115,0.003530809422954917,0.004167559556663036,0.00022868852459016393,1001.0,-209.41993334672657,32,-0.0030974603272625246,3.2290663491934537,4877.21515250206
nan,nan,3866624,0.0012233241290687147,0.13377685844898224,0.13254395127296448,0.13209839165210724,0.13295899331569672,0.13288573920726776,0.13361816108226776,0.13261108100414276,0.133331298828125,0.13297805786132813,18.21050277352333,0.05979043245315552,0.06066678836941719,0.06047425419092178,0.06210918352007866,0.06672000885009766,0.07327382266521454,0.08377545326948166,0.09065290540456772,118,0.001797419972717762,0.0018491458613425493,0.001838579191826284,0.0019380219746381044,0.002235226798802614,0.0026936307549476624,0.0035216256510466337,0.004126349464058876,0.00022807377049180325,1001.0,-204.91555730775065,32,-0.003027819296403322,3.1404322437942027,4915.674040079117
nan,nan,3899392,0.0011608700550368666,0.12579956650733948,0.12382202595472336,0.12451782077550888,0.12362060695886612,0.12482299655675888,0.125579833984375,0.12538452446460724,0.12510986626148224,0.1248321533203125,18.246234387159348,0.059128571301698685,0.0601932667195797,0.06055503711104393,0.06244252994656563,0.06647811084985733,0.07390155643224716,0.0837295725941658,0.09085322916507721,119,0.0017572507495060563,0.001820516074076295,0.0018426135648041964,0.001958816545084119,0.002218700246885419,0.002741320291534066,0.0035181292332708836,0.004142652731388807,0.0002274590163934426,1001.0,-209.14202763682954,32,-0.003088689814467216,3.300927144289017,4954.037892818451
nan,nan,3932160,0.0013079811655188679,0.14489136636257172,0.14226685464382172,0.14216308295726776,0.142425537109375,0.14598999917507172,0.1446533203125,0.14605103433132172,0.14323730766773224,0.14395980834960936,18.262969848513602,0.059007495641708374,0.05977768823504448,0.05972375348210335,0.0614592619240284,0.06659526377916336,0.07477817684412003,0.08439021557569504,0.09101331979036331,120,0.001751690055243671,0.0017950538313016295,0.0017914343625307083,0.001897222246043384,0.002226404845714569,0.002806255826726556,0.0035732591059058905,0.004158679395914078,0.00022684426229508195,1001.0,-213.80895837270185,32,-0.0028372222033794968,2.7608443191275,4992.439963817596
nan,nan,3964928,0.0011123958567168303,0.11798095703125,0.11705932766199112,0.118438720703125,0.11906738579273224,0.11635742336511612,0.11767578125,0.11852417141199112,0.11927490681409836,0.11804733276367188,18.197113159298898,0.05847666785120964,0.060624029487371445,0.06029942259192467,0.06210331246256828,0.06715720146894455,0.07399456948041916,0.08353212475776672,0.09080156683921814,121,0.0017224587500095367,0.0018480265280231833,0.0018284677062183619,0.0019403003389015794,0.002269833581522107,0.0027503648307174444,0.0035032087471336126,0.004137340001761913,0.00022622950819672127,1001.0,-211.34336334989055,32,-0.0030205460017896256,3.1475073682144283,5030.274743556976
nan,nan,3997696,0.0012899808826659863,0.14179077744483948,0.14098511636257172,0.14075927436351776,0.138641357421875,0.14066772162914276,0.14020995795726776,0.1436767578125,0.14226685464382172,0.14112472534179688,18.25052668452263,0.059563327580690384,0.06047455221414566,0.05963366851210594,0.06164005026221275,0.06723076105117798,0.07461657375097275,0.0837121531367302,0.09028613567352295,122,0.0017844114918261766,0.001839933916926384,0.001788031542673707,0.0019105594838038087,0.0022706305608153343,0.002797132357954979,0.003514561802148819,0.004094739444553852,0.00022561475409836062,1001.0,-213.6164725993384,32,-0.0028478627667936963,2.7187708865851166,5067.929799795151
nan,nan,4030464,0.0011439181108016782,0.12275391072034836,0.12235718220472336,0.123199462890625,0.12171020358800888,0.12285156548023224,0.12386474758386612,0.12330932915210724,0.124603271484375,0.12308120727539062,18.203975531458855,0.059168338775634766,0.059833843261003494,0.05863083526492119,0.060031283646821976,0.06643204391002655,0.07626902312040329,0.08580660820007324,0.09005619585514069,123,0.0017598610138520598,0.0017997398972511292,0.0017275766003876925,0.0018108086660504341,0.0022150834556668997,0.0029190636705607176,0.0036950090434402227,0.004072857555001974,0.000225,1001.0,-216.57883311922438,32,-0.0030713294181623496,3.2453607063740493,5106.184793710709
nan,nan,4063232,0.0010644205473909097,0.11342773586511612,0.11286621540784836,0.112579345703125,0.11086425930261612,0.11333618313074112,0.11112671345472336,0.11297607421875,0.11203613132238388,0.11240158081054688,18.204959785938264,0.05821273475885391,0.05955851823091507,0.05985398218035698,0.06118296459317207,0.06588802486658096,0.07462667673826218,0.08489026874303818,0.09176047891378403,124,0.0017035224009305239,0.0017836630577221513,0.0018000880954787135,0.0018826734740287066,0.0021821996197104454,0.0027966629713773727,0.0036189095117151737,0.004232280422002077,0.00022438524590163934,1001.0,-214.9697727593105,32,-0.0033061104055377654,3.215126186236739,5144.799235343933
nan,nan,4096000,0.001221497396045379,0.13374634087085724,0.134185791015625,0.13239745795726776,0.13307495415210724,0.13240356743335724,0.13331298530101776,0.13424073159694672,0.13428954780101776,0.1334564208984375,18.231452241539955,0.05930507183074951,0.06007390096783638,0.05963466316461563,0.06046894192695618,0.06546953320503235,0.0736655667424202,0.08471294492483139,0.09266459196805954,125,0.0017691616667434573,0.0018128383671864867,0.0017876792699098587,0.0018387202871963382,0.0021530785597860813,0.0027221401687711477,0.003602132899686694,0.004314248915761709,0.0002237704918032787,1001.0,-218.1245370506713,32,-0.003103664483933244,3.127897939272225,5183.3939480781555
nan,nan,4128768,0.0011987736684659466,0.12833252549171448,0.12863770127296448,0.12766723334789276,0.12711182236671448,0.12815551459789276,0.12797851860523224,0.12993164360523224,0.13018189370632172,0.12849960327148438,18.26232128739357,0.05997539311647415,0.0604824423789978,0.059665072709321976,0.0610983669757843,0.06644758582115173,0.0746026560664177,0.08349340409040451,0.0912952646613121,126,0.0018072471721097827,0.0018380292458459735,0.0017884329427033663,0.0018747405847534537,0.0022169258445501328,0.002792988670989871,0.0034980177879333496,0.004183617420494556,0.00022315573770491804,1001.0,-204.9143323445983,32,-0.0030950905886129474,3.1904553830623628,5222.601877450943
nan,nan,4161536,0.0013459425478686172,0.14719238877296448,0.14692382514476776,0.14530639350414276,0.14633789658546448,0.14816895127296448,0.149200439453125,0.14957275986671448,0.14976195991039276,0.14780807495117188,18.25660732090473,0.059397149831056595,0.06022133305668831,0.0596541129052639,0.061367906630039215,0.06651511043310165,0.07469666004180908,0.08369528502225876,0.09134864807128906,127,0.0017731022089719772,0.0018216625321656466,0.0017888866132125258,0.0018923430470749736,0.002221379429101944,0.0028011230751872063,0.003513441188260913,0.0041880616918206215,0.00022254098360655736,1001.0,-212.688842141416,32,-0.002998474723426625,2.3802528262138365,5262.011101007462
nan,nan,4194304,0.0011698792619426967,0.12540893256664276,0.12567749619483948,0.122802734375,0.12324829399585724,0.12469482421875,0.12500610947608948,0.12628784775733948,0.12526856362819672,0.12479934692382813,18.173047333955765,0.05814150720834732,0.05987618491053581,0.06091045215725899,0.062049489468336105,0.06649594753980637,0.07371852546930313,0.08421266078948975,0.09142141789197922,128,0.0016997710335999727,0.0018009711056947708,0.0018647827673703432,0.0019350465154275298,0.0022203417029231787,0.002727637765929103,0.003558006603270769,0.004193441942334175,0.0002219262295081967,1001.0,-214.63584866541757,32,-0.002993595565931173,2.875746759399772,5298.735969781876
nan,nan,4227072,0.0011635642509645549,0.12498779594898224,0.12468872219324112,0.12491454929113388,0.12554322183132172,0.12554931640625,0.12467651814222336,0.1258544921875,0.12668457627296448,0.12536239624023438,18.179399257898332,0.05852087214589119,0.060261812061071396,0.06005481630563736,0.06189697980880737,0.06667878478765488,0.0740451067686081,0.08317162841558456,0.091885507106781,129,0.00172543921507895,0.0018284081015735865,0.001814400078728795,0.0019254448125138879,0.002236804459244013,0.002755905967205763,0.003471170086413622,0.004242427181452513,0.00022131147540983603,1001.0,-204.39687711617552,32,-0.003103427584574092,2.73109289444983,5338.268622159958
nan,nan,4259840,0.0011950806905588252,0.12999267876148224,0.12772826850414276,0.12703858315944672,0.12778320908546448,0.12843628227710724,0.12788085639476776,0.13170166313648224,0.13016967475414276,0.12884140014648438,18.19471756517887,0.05741259083151817,0.05929005146026611,0.05902734026312828,0.06079491972923279,0.06604397296905518,0.07391708344221115,0.08516591787338257,0.0934634655714035,130,0.0016589750302955508,0.001769392634741962,0.0017511140322312713,0.0018576246220618486,0.002191554754972458,0.002742742421105504,0.003641366958618164,0.004387229215353727,0.00022069672131147538,1001.0,-203.59937622700258,32,-0.0029617333646456247,2.791824320703745,5384.5024247169495
