eval/mean_return,eval/std_return,step,train/approx_kl,train/awfm_max_weight,train/awfm_mean_weight,train/clip_fraction,train/entropy,train/iteration,train/lr,train/mean_episode_length,train/mean_reward,train/num_episodes,train/policy_loss,train/value_loss,wall_time
,,2048,0.0,0.1353247130755335,0.031249999831197785,0.0,0.0,1,0.0003,1000.0,-473.0056137991439,2,9.141888012148294e-06,16.959673964977263,1.4381539821624756
,,4096,0.0,0.16643995251506566,0.031249999918509276,0.0,0.0,2,0.0002993852459016393,1000.0,-390.78727664896996,2,4.933358536604084e-07,9.347428591549397,2.8869481086730957
,,6144,0.0,0.21743307907599957,0.03124999989522621,0.0,0.0,3,0.00029877049180327867,1000.0,-513.486460719917,2,2.1231944350233202e-07,13.231368570029735,4.433206081390381
,,8192,0.0,0.29245439728256317,0.031249999802093954,0.0,0.0,4,0.000298155737704918,1000.0,-403.89106131982567,2,1.6997891197349143e-05,8.659794024378062,5.824526071548462
,,10240,0.0,0.3135223836987279,0.031249999813735486,0.0,0.0,5,0.00029754098360655737,1000.0,-394.64649117963484,2,9.067511165931083e-09,9.009697359800338,7.255800247192383
-269.27521202534234,53.70222696860372,10240,nan,nan,nan,nan,nan,nan,nan,nan,nan,nan,nan,nan,10.444249153137207
nan,nan,12288,0.0,0.28214660193771124,0.031249999831197785,0.0,0.0,6,0.0002969262295081967,1000.0,-450.9762338571304,2,3.3369044428809914e-12,14.274878834187984,11.88159728050232
nan,nan,14336,0.0,0.24943855305900797,0.031249999784631655,0.0,0.0,7,0.00029631147540983607,1000.0,-478.96240991316927,2,3.944999587299978e-13,20.71275132894516,13.29001498222351
nan,nan,16384,0.0,0.11500446037389338,0.031249999796273187,0.0,0.0,8,0.00029569672131147536,1000.0,-413.17120560219365,2,4.14840906208015e-13,33.33676857352257,14.705358266830444
nan,nan,18432,0.0,0.3112768430495635,0.03124999998835847,0.0,0.0,9,0.0002950819672131147,1000.0,-395.6727825248982,2,1.4381585221886878e-09,14.963094440102576,16.17650818824768
nan,nan,20480,0.0,0.3791300246492028,0.031249999662395566,0.0,0.0,10,0.00029446721311475406,1000.0,-430.37875638086007,2,5.62077614270004e-10,14.43038130402565,17.630666971206665
-306.91351977550755,49.98061470507843,20480,nan,nan,nan,nan,nan,nan,nan,nan,nan,nan,nan,nan,20.891387224197388
nan,nan,22528,0.0,0.29055319507606325,0.03124999981955625,0.0,0.0,11,0.0002938524590163934,1000.0,-493.85233116142047,2,1.4992224538942948e-10,21.07942054569721,22.30221700668335
nan,nan,24576,0.0,0.4311246237019077,0.03124999991268851,0.0,0.0,12,0.00029323770491803276,1000.0,-467.88966055754713,2,1.0003395705584591e-06,11.510036118328571,23.909950971603394
nan,nan,26624,0.0,0.453625391703099,0.03124999990686774,0.0,0.0,13,0.0002926229508196721,1000.0,-418.05305887167293,2,6.662019681370123e-06,11.284419791400433,25.478116273880005
nan,nan,28672,0.0,0.3759654957219027,0.031249999871943147,0.0,0.0,14,0.00029200819672131145,1000.0,-350.9420085735791,2,1.4074358424707433e-07,15.210928267240524,26.956181049346924
nan,nan,30720,0.0,0.2663337965030223,0.031249999842839316,0.0,0.0,15,0.0002913934426229508,1000.0,-439.78329205608657,2,3.055330172924717e-10,19.7313333183527,28.41695523262024
-275.0836624672326,58.42486021503872,30720,nan,nan,nan,nan,nan,nan,nan,nan,nan,nan,nan,nan,31.69569993019104
nan,nan,32768,0.0,0.29239634053083136,0.03125000000582077,0.0,0.0,16,0.00029077868852459015,1000.0,-544.7172052168721,2,3.3007353527818662e-12,12.347574880719185,33.13610219955444
nan,nan,34816,0.0,0.4671590346377343,0.031249999668216333,0.0,0.0,17,0.00029016393442622945,1000.0,-450.05633966261587,2,2.804132886523103e-06,12.775896288454533,34.6125602722168
nan,nan,36864,0.0,0.23786438833922147,0.031249999965075402,0.0,0.0,18,0.00028954918032786885,1000.0,-443.5931671654064,2,1.1582098499211464e-07,20.97390733361244,36.09778714179993
nan,nan,38912,0.0,0.4128627645783126,0.03124999981955625,0.0,0.0,19,0.0002889344262295082,1000.0,-411.95754367966254,2,1.948017338641567e-07,17.381319695711134,37.62881898880005
nan,nan,40960,0.0,0.31178822005167606,0.03124999995343387,0.0,0.0,20,0.00028831967213114755,1000.0,-343.999478866243,2,7.075881878983312e-08,25.040724435448645,39.203880071640015
-278.893961571559,83.12683023347839,40960,nan,nan,nan,nan,nan,nan,nan,nan,nan,nan,nan,nan,42.5552761554718
nan,nan,43008,0.0,0.38734439053805547,0.031249999860301615,0.0,0.0,21,0.00028770491803278684,1000.0,-406.5371734533805,3,1.8912620513660695e-06,16.68785216808319,44.04544997215271
nan,nan,45056,0.0,0.35443509777542204,0.03124999979045242,0.0,0.0,22,0.0002870901639344262,1000.0,-354.85175215940336,2,7.531015403511474e-08,18.917395862936974,45.50612115859985
nan,nan,47104,0.0,0.36920989722711967,0.03124999983701855,0.0,0.0,23,0.00028647540983606554,1000.0,-376.3028631012704,2,4.227105069632315e-12,18.07078874707222,47.01731204986572
nan,nan,49152,0.0,0.28285323730669915,0.03124999976134859,0.0,0.0,24,0.0002858606557377049,1000.0,-428.1309412570473,2,3.949990487537284e-13,25.512263494729996,48.57457208633423
nan,nan,51200,0.0,0.2533229169435799,0.03124999992433004,0.0,0.0,25,0.00028524590163934424,1000.0,-546.7000206502225,2,4.024420283546342e-13,30.9884503275156,50.11220097541809
-239.8311832768684,68.1624643059962,51200,nan,nan,nan,nan,nan,nan,nan,nan,nan,nan,nan,nan,53.82449913024902
nan,nan,53248,0.0,0.3407658833777532,0.031249999930150808,0.0,0.0,26,0.0002846311475409836,1000.0,-423.22157925735314,2,1.5232313122442939e-12,18.284687626361848,55.935715198516846
nan,nan,55296,0.0,0.18398444631602615,0.031249999784631655,0.0,0.0,27,0.00028401639344262294,1000.0,-443.0170597731594,2,4.642776363827841e-13,13.721223981678486,57.458399057388306
nan,nan,57344,0.0,0.4086159071419388,0.031249999796273187,0.0,0.0,28,0.0002834016393442623,1000.0,-456.7107500753958,2,4.311244250933328e-10,16.575161162018777,59.045754194259644
nan,nan,59392,0.0,0.3661806975491345,0.031249999749707057,0.0,0.0,29,0.00028278688524590163,1000.0,-487.2383044974083,2,3.6363501668866685e-06,9.96141950711608,60.68411326408386
nan,nan,61440,0.0,0.29554844892118126,0.031249999767169356,0.0,0.0,30,0.00028217213114754093,1000.0,-475.8917361843787,2,5.013068268478021e-07,27.5119330316782,62.28549814224243
-282.06911601989793,92.4881521856763,61440,nan,nan,nan,nan,nan,nan,nan,nan,nan,nan,nan,nan,65.6939263343811
nan,nan,63488,0.0,0.30809775239322335,0.03124999997089617,0.0,0.0,31,0.0002815573770491803,1000.0,-418.88781553064973,2,1.0393826504180465e-09,23.428733488917352,67.1682960987091
nan,nan,65536,0.0,0.44594973523635417,0.03124999981955625,0.0,0.0,32,0.0002809426229508196,1000.0,-447.3572542602892,2,4.809781683232849e-07,14.373641127347947,68.71564531326294
nan,nan,67584,0.0,0.39356159295421095,0.03124999990686774,0.0,0.0,33,0.00028032786885245903,1000.0,-407.6755765698951,2,1.7009613669112974e-07,18.603213688731195,70.33096814155579
nan,nan,69632,0.0,0.33030703354161234,0.03124999979045242,0.0,0.0,34,0.0002797131147540983,1000.0,-428.3571374679956,2,2.2413608985006638e-07,22.27281233519316,71.89313912391663
nan,nan,71680,0.0,0.3386442485731095,0.03124999981955625,0.0,0.0,35,0.00027909836065573767,1000.0,-475.1520323661646,2,9.244921259739324e-08,19.788192930817605,73.46521806716919
-308.2806622672628,105.0492993476244,71680,nan,nan,nan,nan,nan,nan,nan,nan,nan,nan,nan,nan,76.88546824455261
nan,nan,73728,0.0,0.43637577143963424,0.03124999984866008,0.0,0.0,36,0.000278483606557377,1000.0,-374.6778353020294,2,2.172589955769318e-06,13.416386477649212,78.46461009979248
nan,nan,75776,0.0,0.45150353173958135,0.031249999772990124,0.0,0.0,37,0.00027786885245901637,1000.0,-447.2717379320567,2,2.207716218136092e-06,13.493694361299276,79.9527440071106
nan,nan,77824,0.0,0.40093111370224505,0.031249999633291736,0.0,0.0,38,0.0002772540983606557,1000.0,-475.9069900660174,2,1.1353549142990421e-06,15.5524374127388,81.44197106361389
nan,nan,79872,0.0,0.41252187951467933,0.031249999959254638,0.0,0.0,39,0.00027663934426229507,1000.0,-398.2633494379164,2,3.213442168942382e-08,16.043248307704925,83.08978319168091
nan,nan,81920,0.0,0.3950903380056843,0.031249999871943147,0.0,0.0,40,0.0002760245901639344,1000.0,-378.7036867291385,2,5.946009092646504e-10,17.852804048359395,84.75215005874634
-352.795109345219,80.4201518528169,81920,nan,nan,nan,nan,nan,nan,nan,nan,nan,nan,nan,nan,88.24448418617249
nan,nan,83968,0.0,0.1993603999959305,0.031249999772990124,0.0,0.0,41,0.00027540983606557377,1000.0,-464.9737596227889,2,6.952332021476078e-13,14.803970737755298,89.7549192905426
nan,nan,86016,0.0,0.42375432145781816,0.031249999639112503,0.0,0.0,42,0.0002747950819672131,1000.0,-429.9095343453692,3,1.4073515446351805e-12,17.48583686351776,91.24602699279785
nan,nan,88064,0.0,0.33390612265793607,0.03124999992433004,0.0,0.0,43,0.0002741803278688524,1000.0,-507.79847724264977,2,2.195318341176311e-12,14.65519938468933,92.79327630996704
nan,nan,90112,0.0,0.3682899741688743,0.031249999918509276,0.0,0.0,44,0.00027356557377049176,1000.0,-460.48606421181273,2,3.253761682226292e-07,17.60180767476559,94.28363418579102
-332.5090137913363,99.49595483708029,90112,nan,nan,nan,nan,nan,nan,nan,nan,nan,nan,nan,nan,97.72579097747803
nan,nan,92160,0.0,0.400473675574176,0.031249999901046977,0.0,0.0,45,0.0002729508196721311,1000.0,-403.5735756737211,2,1.7231917036449507e-06,13.580217482149601,99.24458312988281
nan,nan,94208,0.0,0.2964642512961291,0.031249999813735486,0.0,0.0,46,0.00027233606557377046,1000.0,-510.0627214485347,2,2.9160149165256154e-07,24.91221130788326,100.75522112846375
nan,nan,96256,0.0,0.3241853125626221,0.031250000017462295,0.0,0.0,47,0.0002717213114754098,1000.0,-419.61690874073497,2,6.171652295951523e-08,25.665771800279618,102.28464794158936
nan,nan,98304,0.0,0.34504992319270966,0.031249999778810888,0.0,0.0,48,0.00027110655737704915,1000.0,-452.4705728973807,2,6.072569123294937e-08,20.458162769675255,103.80672311782837
nan,nan,100352,0.0,0.3774506256682798,0.031249999825377017,0.0,0.0,49,0.0002704918032786885,1000.0,-392.9226055686694,2,9.661461913002843e-07,15.13215511739254,105.35075402259827
-293.98647663162046,49.75032378638054,100352,nan,nan,nan,nan,nan,nan,nan,nan,nan,nan,nan,nan,108.9653570652008
nan,nan,102400,0.0,0.3178888664348051,0.031249999831197785,0.0,0.0,50,0.00026987704918032785,1000.0,-452.2096462123808,2,3.617269846731621e-07,25.52948253452778,110.563148021698
nan,nan,104448,0.0,0.3201782067888416,0.031249999883584678,0.0,0.0,51,0.00026926229508196715,1000.0,-444.5847001356831,2,5.361377027634914e-08,22.484507371485233,112.1591591835022
nan,nan,106496,0.0,0.37264682366512714,0.03124999990686774,0.0,0.0,52,0.00026864754098360655,1000.0,-552.0101249830725,2,1.152091409468858e-06,16.59846382588148,113.67036318778992
nan,nan,108544,0.0,0.31193036508047955,0.03124999983701855,0.0,0.0,53,0.0002680327868852459,1000.0,-389.4151667194751,2,1.79570478316248e-08,22.224357935786248,115.26733708381653
nan,nan,110592,0.0,0.23716792531777173,0.031249999592546374,0.0,0.0,54,0.00026741803278688525,1000.0,-625.5300881127469,2,2.36850015329671e-11,36.29711616635323,117.0060441493988
-304.5257352715386,59.027385068054855,110592,nan,nan,nan,nan,nan,nan,nan,nan,nan,nan,nan,nan,120.63556218147278
nan,nan,112640,0.0,0.3725671595078893,0.03124999987776391,0.0,0.0,55,0.0002668032786885246,1000.0,-419.7389007984873,2,7.969702114040456e-12,19.13293264955282,122.18596720695496
nan,nan,114688,0.0,0.40051523057045413,0.031249999965075402,0.0,0.0,56,0.0002661885245901639,1000.0,-481.00643923720514,2,5.149480621715846e-07,16.897231929004192,123.7211902141571
nan,nan,116736,0.0,0.3287283485056832,0.03124999991268851,0.0,0.0,57,0.00026557377049180324,1000.0,-480.151954659629,2,7.467060262472426e-08,18.79780682474375,125.23765015602112
nan,nan,118784,0.0,0.257633494050242,0.031249999813735486,0.0,0.0,58,0.0002649590163934426,1000.0,-348.6885727867624,2,5.833523794389533e-07,25.1924875497818,126.71459317207336
nan,nan,120832,0.0,0.39757839287631214,0.031249999947613107,0.0,0.0,59,0.00026434426229508194,1000.0,-437.9306927110588,2,6.197655251023984e-07,16.577254953980447,128.19810724258423
-296.93641875329627,84.76383932958097,120832,nan,nan,nan,nan,nan,nan,nan,nan,nan,nan,nan,nan,131.63777017593384
nan,nan,122880,0.0,0.3452429712400772,0.031249999796273187,0.0,0.0,60,0.0002637295081967213,1000.0,-528.6756788283508,2,2.3402352980677473e-07,18.696510581672193,133.18920230865479
nan,nan,124928,0.0,0.2570685501093976,0.031249999889405446,0.0,0.0,61,0.00026311475409836063,1000.0,-421.69156112314823,2,3.3753089978877836e-09,28.34590588212013,135.0084092617035
nan,nan,126976,0.0,0.2820527149597183,0.03124999993597157,0.0,0.0,62,0.0002625,1000.0,-543.6775486024285,2,1.1262576581121337e-10,19.70738761872053,136.87930011749268
nan,nan,129024,0.0,0.3056614567525685,0.031249999784631655,0.0,0.0,63,0.00026188524590163933,1000.0,-414.5007208801565,3,3.854147623405112e-12,26.646386751532553,138.51883506774902
nan,nan,131072,0.0,0.38809155218768865,0.03124999955180101,0.0,0.0,64,0.0002612704918032787,1000.0,-433.5575718149872,2,1.4930870197355396e-08,17.826517425477505,140.04799795150757
-235.4443974995908,64.41589317410417,131072,nan,nan,nan,nan,nan,nan,nan,nan,nan,nan,nan,nan,143.69508004188538
nan,nan,133120,0.0,0.2373653512680903,0.03124999995343387,0.0,0.0,65,0.000260655737704918,1000.0,-331.6445880770589,2,3.7683078768016105e-09,29.29957713186741,145.5431423187256
nan,nan,135168,0.0,0.29363483740016816,0.031249999697320164,0.0,0.0,66,0.0002600409836065573,1000.0,-499.06002175609035,2,1.2377860610993565e-07,12.881046991050244,147.43551015853882
nan,nan,137216,0.0,0.3601333269965835,0.031249999714782463,0.0,0.0,67,0.00025942622950819673,1000.0,-441.14260615682105,2,7.989667860740111e-07,18.204303696751595,148.98503017425537
nan,nan,139264,0.0,0.27741134265670553,0.03124999993597157,0.0,0.0,68,0.000258811475409836,1000.0,-500.5004873260924,2,8.571468302844511e-08,18.50572986602783,150.6103482246399
nan,nan,141312,0.0,0.32677582346368583,0.031249999749707057,0.0,0.0,69,0.00025819672131147537,1000.0,-423.4592452746835,2,7.572968001250647e-07,19.966782493889333,152.37106323242188
-270.39894982496446,75.7233282700229,141312,nan,nan,nan,nan,nan,nan,nan,nan,nan,nan,nan,nan,155.96440410614014
nan,nan,143360,0.0,0.22224264065735042,0.031249999749707057,0.0,0.0,70,0.0002575819672131147,1000.0,-522.9876333395035,2,8.059102612139419e-09,40.79874995350838,157.52749919891357
nan,nan,145408,0.0,0.2956366343190894,0.031250000069849196,0.0,0.0,71,0.00025696721311475407,1000.0,-463.79943327308945,2,6.5279331063209536e-09,16.76805799305439,159.2425241470337
nan,nan,147456,0.0,0.3220664280583151,0.031249999965075402,0.0,0.0,72,0.0002563524590163934,1000.0,-385.17296386532905,2,9.137076795379047e-10,20.265804293751717,160.78763127326965
nan,nan,149504,0.0,0.3467730096774176,0.031249999772990124,0.0,0.0,73,0.00025573770491803277,1000.0,-413.663609555326,2,2.220343762717967e-09,17.641346073150636,162.3813672065735
nan,nan,151552,0.0,0.2871183637413196,0.031249999901046977,0.0,0.0,74,0.0002551229508196721,1000.0,-392.83721011422165,2,1.996864867101146e-09,19.661775121092795,163.97308230400085
-297.8989738138809,45.50070810843486,151552,nan,nan,nan,nan,nan,nan,nan,nan,nan,nan,nan,nan,167.65251922607422
nan,nan,153600,0.0,0.2981652003945783,0.031249999767169356,0.0,0.0,75,0.00025450819672131146,1000.0,-342.97083479247726,2,1.416096792457392e-11,22.706226137280463,169.66296124458313
nan,nan,155648,0.0,0.3754256435902789,0.03124999954015948,0.0,0.0,76,0.0002538934426229508,1000.0,-544.4878781746316,2,1.4248341986117141e-06,15.559149315953254,171.68091130256653
nan,nan,157696,0.0,0.1990005328785628,0.031249999743886293,0.0,0.0,77,0.0002532786885245901,1000.0,-514.357124649559,2,2.5615054970135288e-08,40.5275857925415,173.66469717025757
nan,nan,159744,0.0,0.3764807608909905,0.03124999984866008,0.0,0.0,78,0.00025266393442622946,1000.0,-449.14508877119044,2,6.401007241397499e-08,19.648458068072795,175.32335901260376
nan,nan,161792,0.0,0.31453586198622363,0.03124999984866008,0.0,0.0,79,0.0002520491803278688,1000.0,-431.4048001613363,2,2.5274880746887747e-09,22.893380481004716,176.83294701576233
-330.05298391016834,73.25201017255871,161792,nan,nan,nan,nan,nan,nan,nan,nan,nan,nan,nan,nan,180.31038999557495
nan,nan,163840,0.0,0.31026210605632515,0.03124999993597157,0.0,0.0,80,0.00025143442622950816,1000.0,-519.7908571081415,2,3.443014018623936e-12,17.618318349123,181.94671416282654
nan,nan,165888,0.0,0.40012338717933743,0.03124999973224476,0.0,0.0,81,0.00025081967213114756,1000.0,-474.50615352937467,2,1.4968374021803169e-10,15.941421122848988,183.54192996025085
nan,nan,167936,0.0,0.26733013496268543,0.031249999778810888,0.0,0.0,82,0.0002502049180327869,1000.0,-335.71275957767,2,1.4686656576352013e-07,26.246229168772697,185.1017370223999
nan,nan,169984,0.0,0.29990612182300536,0.031249999860301615,0.0,0.0,83,0.0002495901639344262,1000.0,-392.78037331541043,2,2.2533082261748828e-08,21.98399221599102,186.67467594146729
nan,nan,172032,0.0,0.43519318462349477,0.03124999993597157,0.0,0.0,84,0.00024897540983606555,1000.0,-435.047873608468,3,1.5486713940618735e-08,17.582381597161294,188.42975306510925
-301.94788551236945,95.49737048610216,172032,nan,nan,nan,nan,nan,nan,nan,nan,nan,nan,nan,nan,191.9466052055359
nan,nan,174080,0.0,0.38049987186677753,0.031250000040745365,0.0,0.0,85,0.0002483606557377049,1000.0,-418.0013686465354,2,1.549022068748352e-07,12.52540522068739,193.69486904144287
nan,nan,176128,0.0,0.2976566821685992,0.03124999983701855,0.0,0.0,86,0.00024774590163934425,1000.0,-316.95284048942983,2,9.480821649012256e-09,25.867479598522188,195.36597299575806
nan,nan,178176,0.0,0.35119131586980074,0.03124999980791472,0.0,0.0,87,0.0002471311475409836,1000.0,-413.82381769840924,2,1.4852168230996665e-11,15.420055961608886,196.95987820625305
nan,nan,180224,0.0,0.3347353142686188,0.031249999994179233,0.0,0.0,88,0.00024651639344262295,1000.0,-397.1893543994388,2,1.446955593974941e-10,18.25436389297247,198.5493540763855
-296.9105370461126,56.62706076785918,180224,nan,nan,nan,nan,nan,nan,nan,nan,nan,nan,nan,nan,202.2109751701355
nan,nan,182272,0.0,0.4480219523771666,0.03124999962747097,0.0,0.0,89,0.0002459016393442623,1000.0,-432.58067317777284,2,2.5209495271689835e-07,12.370207934081554,203.73600316047668
nan,nan,184320,0.0,0.4501353992032818,0.031249999679857865,0.0,0.0,90,0.00024528688524590164,1000.0,-441.08227210431374,2,2.715904631242781e-07,10.771901772916317,205.2427110671997
nan,nan,186368,0.0,0.41495443985331804,0.03124999981955625,0.0,0.0,91,0.00024467213114754094,1000.0,-448.1836447055364,2,4.429560472825016e-07,14.659109394252301,206.9778871536255
nan,nan,188416,0.0,0.22203559835907072,0.03124999993597157,0.0,0.0,92,0.00024405737704918031,1000.0,-499.500808452092,2,6.192960201836348e-09,25.483928802609444,208.94167518615723
nan,nan,190464,0.0,0.3180407055886462,0.031249999784631655,0.0,0.0,93,0.00024344262295081966,1000.0,-395.909731617375,2,1.0928510332722643e-09,19.368900093436242,211.03476309776306
-316.7258641767613,79.754250368535,190464,nan,nan,nan,nan,nan,nan,nan,nan,nan,nan,nan,nan,214.6615092754364
nan,nan,192512,0.0,0.23948201518505813,0.031249999918509276,0.0,0.0,94,0.000242827868852459,1000.0,-432.0529390316291,2,1.2816476079006317e-11,30.699802505970002,216.24050617218018
nan,nan,194560,0.0,0.2102708026766777,0.031249999860301615,0.0,0.0,95,0.00024221311475409833,1000.0,-373.46852817620265,2,4.2238096954896147e-13,34.5900305479765,218.0772762298584
nan,nan,196608,0.0,0.24763729736441747,0.031249999778810888,0.0,0.0,96,0.00024159836065573768,1000.0,-512.6671871852584,2,4.215168786286989e-13,26.651408869028092,220.1126561164856
nan,nan,198656,0.0,0.4190008046803996,0.031249999697320164,0.0,0.0,97,0.00024098360655737703,1000.0,-470.2009463450116,2,1.8761321007691396e-10,14.266203019022942,222.00072312355042
nan,nan,200704,0.0,0.19994119743350894,0.0312499999825377,0.0,0.0,98,0.00024036885245901638,1000.0,-444.58786432156853,2,1.9058840984867378e-10,36.672393476963045,223.9967291355133
-304.9806086073619,79.31461796001378,200704,nan,nan,nan,nan,nan,nan,nan,nan,nan,nan,nan,nan,227.88095617294312
nan,nan,202752,0.0,0.2357999418163672,0.031249999685678632,0.0,0.0,99,0.00023975409836065573,1000.0,-543.9423358973067,2,4.605381787053551e-13,32.68294726908207,229.5987572669983
nan,nan,204800,0.0,0.27356547308154405,0.031249999842839316,0.0,0.0,100,0.00023913934426229505,1000.0,-421.34932716263035,2,4.629942290017633e-13,23.505336385965347,231.23523831367493
nan,nan,206848,0.0,0.4011010058806278,0.031249999813735486,0.0,0.0,101,0.0002385245901639344,1000.0,-448.98738077193786,2,6.054596346919999e-13,15.658964689075948,232.89926195144653
nan,nan,208896,0.0,0.3253919625421986,0.031249999860301615,0.0,0.0,102,0.00023790983606557375,1000.0,-492.2592034444408,2,3.171631158146192e-07,14.709376445412635,234.58244729042053
nan,nan,210944,0.0,0.38647423101356254,0.031250000011641535,0.0,0.0,103,0.00023729508196721307,1000.0,-471.2685291304251,2,2.9117130025380532e-08,17.195791836082936,236.1579692363739
-317.92719447248385,64.0329891961556,210944,nan,nan,nan,nan,nan,nan,nan,nan,nan,nan,nan,nan,239.56449723243713
nan,nan,212992,0.0,0.3231597292236984,0.031249999802093954,0.0,0.0,104,0.00023668032786885242,1000.0,-428.11804782093736,2,1.1760745796656349e-10,20.91712826937437,241.12009501457214
nan,nan,215040,0.0,0.38984054159373044,0.03124999993597157,0.0,0.0,105,0.00023606557377049177,1000.0,-402.7622071673836,3,2.906147757835988e-07,13.143159066140651,242.79227805137634
nan,nan,217088,0.0,0.39443369654472915,0.03124999984866008,0.0,0.0,106,0.00023545081967213112,1000.0,-438.14145390640385,2,4.1508484029756405e-08,14.771660581231117,244.3848261833191
nan,nan,219136,0.0,0.42048852312145757,0.031249999697320164,0.0,0.0,107,0.0002348360655737705,1000.0,-357.56246931422953,2,9.755723364364192e-07,15.336870585381984,246.48416829109192
nan,nan,221184,0.0,0.42156161423772576,0.031249999901046977,0.0,0.0,108,0.00023422131147540984,1000.0,-392.314295375496,2,7.422816792554793e-08,15.440832382440567,248.11355328559875
-285.55475649953877,89.70088400337578,221184,nan,nan,nan,nan,nan,nan,nan,nan,nan,nan,nan,nan,251.5020170211792
nan,nan,223232,0.0,0.4265571976429783,0.031249999633291736,0.0,0.0,109,0.00023360655737704916,1000.0,-469.50672208608466,2,3.836807201141942e-09,14.826292252540588,252.98592114448547
nan,nan,225280,0.0,0.4000147349666804,0.031249999930150808,0.0,0.0,110,0.0002329918032786885,1000.0,-515.6217384590304,2,1.2671344456018852e-07,16.31967837512493,254.6087131500244
nan,nan,227328,0.0,0.32378761684522034,0.03124999962747097,0.0,0.0,111,0.00023237704918032786,1000.0,-384.7511908910725,2,1.2137995353810885e-09,16.316905431449413,256.1703932285309
nan,nan,229376,0.0,0.43903426042525096,0.031249999813735486,0.0,0.0,112,0.00023176229508196718,1000.0,-379.62990504542313,2,2.1119641121316897e-08,13.16151852607727,257.71905303001404
nan,nan,231424,0.0,0.3255473951110616,0.031249999842839316,0.0,0.0,113,0.00023114754098360653,1000.0,-473.0754566448335,2,4.484513228088778e-09,16.105043476819993,259.4515600204468
-290.215736188891,33.45095540544213,231424,nan,nan,nan,nan,nan,nan,nan,nan,nan,nan,nan,nan,263.4757421016693
nan,nan,233472,0.0,0.41112877351697535,0.031249999674037097,0.0,0.0,114,0.00023053278688524588,1000.0,-444.566819587464,2,4.0894883272725356e-07,15.421373099088669,265.37044310569763
nan,nan,235520,0.0,0.3873500700574368,0.03124999986612238,0.0,0.0,115,0.00022991803278688523,1000.0,-425.873569808422,2,4.994386495124725e-07,15.73340613245964,267.00930309295654
nan,nan,237568,0.0,0.2699098908691667,0.031249999674037097,0.0,0.0,116,0.00022930327868852458,1000.0,-366.0663614697339,2,1.3575416522456294e-08,23.20926328599453,268.61926198005676
nan,nan,239616,0.0,0.39447719712043183,0.03124999987776391,0.0,0.0,117,0.00022868852459016393,1000.0,-426.8093597243116,2,5.4943397989915754e-08,16.071672609448434,270.23208498954773
nan,nan,241664,0.0,0.4893208107096143,0.03124999980791472,0.0,0.0,118,0.00022807377049180325,1000.0,-507.4104122129164,2,9.992185911989188e-08,11.094497222453356,271.77536725997925
-304.733292805371,131.99479093593007,241664,nan,nan,nan,nan,nan,nan,nan,nan,nan,nan,nan,nan,275.18949723243713
nan,nan,243712,0.0,0.3802813153131865,0.031249999854480848,0.0,0.0,119,0.0002274590163934426,1000.0,-456.84462372637415,2,2.831698722691939e-09,17.768496663868426,276.6995520591736
nan,nan,245760,0.0,0.3770723791327327,0.03124999994179234,0.0,0.0,120,0.00022684426229508195,1000.0,-504.1889278372095,2,6.273786966791594e-08,15.645660074055195,278.1910102367401
nan,nan,247808,0.0,0.29267057495890186,0.03124999983701855,0.0,0.0,121,0.00022622950819672127,1000.0,-397.3859540877188,2,8.470224241531009e-10,20.991878682374953,279.6727931499481
nan,nan,249856,0.0,0.3688382059917785,0.03124999986612238,0.0,0.0,122,0.00022561475409836062,1000.0,-429.0686816713048,2,4.996118257146131e-13,17.835705687105655,281.2313611507416
nan,nan,251904,0.0,0.29970023909118026,0.031249999976716937,0.0,0.0,123,0.000225,1000.0,-462.0230896602576,2,1.2389985394315508e-10,21.080733132362365,282.78847002983093
-284.02885871385075,41.073314593847584,251904,nan,nan,nan,nan,nan,nan,nan,nan,nan,nan,nan,nan,286.2411210536957
nan,nan,253952,0.0,0.3524215954821557,0.03124999983701855,0.0,0.0,124,0.00022438524590163934,1000.0,-389.0418533150731,2,7.472759933988824e-12,16.89720150232315,287.88588428497314
nan,nan,256000,0.0,0.3947210484649986,0.031249999755527825,0.0,0.0,125,0.0002237704918032787,1000.0,-429.51936995672526,3,4.0305516035488746e-07,16.366616477072238,289.4462170600891
nan,nan,258048,0.0,0.2548618486849591,0.03124999989522621,0.0,0.0,126,0.00022315573770491804,1000.0,-487.0027535551317,2,5.075584283035245e-09,21.94539749622345,291.00589323043823
nan,nan,260096,0.0,0.45431030575418846,0.03124999984866008,0.0,0.0,127,0.00022254098360655736,1000.0,-441.3297057035081,2,5.161067728664324e-07,14.912928040325642,292.5106451511383
-261.2937513051298,76.66005406054911,260096,nan,nan,nan,nan,nan,nan,nan,nan,nan,nan,nan,nan,296.26598930358887
nan,nan,262144,0.0,0.3683597763068974,0.031250000046566126,0.0,0.0,128,0.0002219262295081967,1000.0,-499.90589783259077,2,3.445526437429558e-08,17.433736580610276,297.7792751789093
nan,nan,264192,0.0,0.4419178258161992,0.03124999980791472,0.0,0.0,129,0.00022131147540983603,1000.0,-435.9369882315158,2,1.171668702789396e-10,14.935552510619164,299.27719497680664
nan,nan,266240,0.0,0.3640038324519992,0.031249999976716937,0.0,0.0,130,0.00022069672131147538,1000.0,-412.0607039844629,2,1.0915636887702539e-08,14.408650383353233,300.77066016197205
nan,nan,268288,0.0,0.27351975700585174,0.031249999720603227,0.0,0.0,131,0.00022008196721311473,1000.0,-523.1215106491663,2,2.1936527221643746e-09,26.503774443268775,302.22677302360535
nan,nan,270336,0.0,0.4222102215513587,0.031249999674037097,0.0,0.0,132,0.00021946721311475408,1000.0,-448.1610690187151,2,1.1819039649018868e-07,13.933098594844342,303.70552134513855
-369.90239065304985,101.17641577635533,270336,nan,nan,nan,nan,nan,nan,nan,nan,nan,nan,nan,nan,307.1317193508148
nan,nan,272384,0.0,0.28421790964202953,0.031250000017462295,0.0,0.0,133,0.00021885245901639343,1000.0,-392.21652516773975,2,6.765502745892396e-09,19.874550227820873,308.72606110572815
nan,nan,274432,0.0,0.3238059123279527,0.031249999604187905,0.0,0.0,134,0.00021823770491803278,1000.0,-488.66453508568316,2,1.5797638249936583e-11,15.482625967264175,310.3224472999573
nan,nan,276480,0.0,0.24700376749970018,0.031249999644933267,0.0,0.0,135,0.0002176229508196721,1000.0,-493.7396366329153,2,4.435461912577314e-13,31.346607834100723,311.98281025886536
nan,nan,278528,0.0,0.3226627610623837,0.031249999778810888,0.0,0.0,136,0.00021700819672131145,1000.0,-378.9181616477239,2,4.722448521709871e-13,26.29788221716881,313.4602961540222
nan,nan,280576,0.0,0.25767641454003753,0.031249999802093954,0.0,0.0,137,0.0002163934426229508,1000.0,-403.54775895780745,2,4.4165705350606356e-13,33.00856504440308,314.96169924736023
-284.71148785444467,54.2449896126589,280576,nan,nan,nan,nan,nan,nan,nan,nan,nan,nan,nan,nan,318.4180920124054
nan,nan,282624,0.0,0.2895086573902518,0.031249999813735486,0.0,0.0,138,0.00021577868852459012,1000.0,-496.4292016189968,2,4.728203569332411e-13,27.738754388689994,320.056489944458
nan,nan,284672,0.0,0.22184350676834583,0.031249999755527825,0.0,0.0,139,0.00021516393442622947,1000.0,-572.8940465811257,2,4.5095897426112253e-13,34.80176278352737,321.6228470802307
nan,nan,286720,0.0,0.18747432962991298,0.03124999997089617,0.0,0.0,140,0.00021454918032786884,1000.0,-452.2102867095808,2,4.3227036474296197e-13,30.383115056157113,323.13872718811035
nan,nan,288768,0.0,0.36438427774701265,0.03124999990686774,0.0,0.0,141,0.0002139344262295082,1000.0,-417.70526885944207,2,6.829229380153599e-09,14.254291024804115,324.66545009613037
nan,nan,290816,0.0,0.3557136652991176,0.031249999767169356,0.0,0.0,142,0.00021331967213114754,1000.0,-537.2212072137304,2,1.1281345724917677e-09,20.994989590346812,326.31357526779175
-274.64881057613195,56.975792172332085,290816,nan,nan,nan,nan,nan,nan,nan,nan,nan,nan,nan,nan,329.78998708724976
nan,nan,292864,0.0,0.210659109079279,0.031249999703140928,0.0,0.0,143,0.0002127049180327869,1000.0,-393.09713687670865,2,6.4235079122378516e-12,30.477064833045006,331.38542103767395
nan,nan,294912,0.0,0.20877965443069116,0.03124999989522621,0.0,0.0,144,0.0002120901639344262,1000.0,-406.4997204252955,2,5.148204507250881e-13,32.62018835246563,332.9754731655121
nan,nan,296960,0.0,0.3325255415402353,0.031249999610008673,0.0,0.0,145,0.00021147540983606556,1000.0,-398.2059866541198,2,1.8182908782594422e-12,18.09459829032421,334.5146450996399
nan,nan,299008,0.0,0.33000619628001004,0.031250000046566126,0.0,0.0,146,0.00021086065573770488,1000.0,-403.2042812390403,3,9.192444611714131e-08,25.198942044377326,336.0041310787201
nan,nan,301056,0.0,0.25875382603844627,0.03124999980791472,0.0,0.0,147,0.00021024590163934423,1000.0,-481.9960595363102,2,2.564487032174045e-08,26.28736187517643,337.48105025291443
-276.8432995734744,88.70930373884154,301056,nan,nan,nan,nan,nan,nan,nan,nan,nan,nan,nan,nan,340.8719103336334
nan,nan,303104,0.0,0.3192931366153061,0.03125000000582077,0.0,0.0,148,0.00020963114754098358,1000.0,-400.9133966048232,2,4.3946295536531446e-12,18.94980050623417,342.4046142101288
nan,nan,305152,0.0,0.4027347269817255,0.031249999708961695,0.0,0.0,149,0.00020901639344262293,1000.0,-396.4447274303318,2,3.052440630604827e-08,14.090753001719714,344.0046169757843
nan,nan,307200,0.0,0.36754668002249674,0.031249999883584678,0.0,0.0,150,0.00020840163934426228,1000.0,-443.808731745684,2,3.746444484911826e-08,11.520586553215981,345.59715819358826
nan,nan,309248,0.0,0.3514614660758525,0.031249999720603227,0.0,0.0,151,0.00020778688524590163,1000.0,-460.98713662339355,2,1.941434267549005e-10,20.047278907895087,347.1044600009918
nan,nan,311296,0.0,0.367740877030883,0.031249999650754035,0.0,0.0,152,0.00020717213114754098,1000.0,-451.010152636426,2,3.512076034014537e-11,16.88138020336628,348.62686109542847
-292.46810204668856,44.90212688970313,311296,nan,nan,nan,nan,nan,nan,nan,nan,nan,nan,nan,nan,352.00306510925293
nan,nan,313344,0.0,0.23160703809699043,0.031249999778810888,0.0,0.0,153,0.0002065573770491803,1000.0,-603.7056598031443,2,4.170158107431155e-11,21.989418083429335,353.70493602752686
nan,nan,315392,0.0,0.33124930078629405,0.031249999901046977,0.0,0.0,154,0.00020594262295081965,1000.0,-413.0708567259395,2,7.114426607480095e-13,21.712120178341866,355.2693271636963
nan,nan,317440,0.0,0.29501952696591616,0.03124999990686774,0.0,0.0,155,0.00020532786885245897,1000.0,-385.5497565243184,2,7.040376337712066e-13,23.322629380226136,356.9271631240845
nan,nan,319488,0.0,0.40065117662306876,0.031249999557621776,0.0,0.0,156,0.00020471311475409832,1000.0,-407.97896607760345,2,6.854833016866802e-11,16.68986459970474,358.5427441596985
nan,nan,321536,0.0,0.3227872354327701,0.03125000002910383,0.0,0.0,157,0.0002040983606557377,1000.0,-471.97961538331566,2,5.8929671109947686e-08,18.122921603918076,360.0123829841614
-268.62160554418745,44.42905259016255,321536,nan,nan,nan,nan,nan,nan,nan,nan,nan,nan,nan,nan,363.44921803474426
nan,nan,323584,0.0,0.31487895315513015,0.031249999976716937,0.0,0.0,158,0.00020348360655737704,1000.0,-490.18236304228685,2,6.528493339263314e-09,24.072969308495523,364.9748601913452
nan,nan,325632,0.0,0.44292003703303634,0.031249999767169356,0.0,0.0,159,0.0002028688524590164,1000.0,-480.05797521712395,2,3.016332022340019e-07,15.252615778148174,366.496520280838
nan,nan,327680,0.0,0.30731266613584013,0.031249999615829437,0.0,0.0,160,0.00020225409836065574,1000.0,-436.34535081904716,2,7.415916439585272e-08,20.231139668822287,368.03724813461304
nan,nan,329728,0.0,0.352380559919402,0.031249999668216333,0.0,0.0,161,0.0002016393442622951,1000.0,-416.60547375001124,2,1.6500406938143793e-11,24.295905402302743,369.5931179523468
nan,nan,331776,0.0,0.446057054575067,0.031249999650754035,0.0,0.0,162,0.0002010245901639344,1000.0,-449.4274264129201,2,1.966978451415114e-07,15.36583898961544,371.113810300827
-345.38798316689827,91.30463213997767,331776,nan,nan,nan,nan,nan,nan,nan,nan,nan,nan,nan,nan,374.55206203460693
nan,nan,333824,0.0,0.285004327876959,0.031249999901046977,0.0,0.0,163,0.00020040983606557376,1000.0,-494.71036516033223,2,1.0499075003773993e-08,23.585000976920128,376.0586302280426
nan,nan,335872,0.0,0.36287884924095126,0.031249999883584678,0.0,0.0,164,0.00019979508196721308,1000.0,-433.0318148199699,2,8.464720358532881e-13,18.265856808423997,377.63504004478455
nan,nan,337920,0.0,0.43191788321128116,0.031249999738065526,0.0,0.0,165,0.00019918032786885243,1000.0,-460.6792770345938,2,7.987579692925163e-11,14.681861433386803,379.23733711242676
nan,nan,339968,0.0,0.36331688850186766,0.031249999749707057,0.0,0.0,166,0.00019856557377049178,1000.0,-496.4482034094407,2,1.0853229576772509e-10,17.68791107684374,380.8117871284485
nan,nan,342016,0.0,0.35331523208878934,0.031249999749707057,0.0,0.0,167,0.00019795081967213113,1000.0,-479.6280104662342,3,6.471918717123345e-12,23.166965088248254,382.43474411964417
-276.08266582425915,96.52778958845654,342016,nan,nan,nan,nan,nan,nan,nan,nan,nan,nan,nan,nan,385.92370200157166
nan,nan,344064,0.0,0.34852556127589196,0.03124999976134859,0.0,0.0,168,0.00019733606557377048,1000.0,-377.47745441889646,2,5.047298326900721e-13,19.71050526946783,387.5555272102356
nan,nan,346112,0.0,0.4098856581607834,0.031249999796273187,0.0,0.0,169,0.00019672131147540983,1000.0,-454.0458339351946,2,8.704587134249886e-13,15.905884216725827,389.15295910835266
nan,nan,348160,0.0,0.2957378080347553,0.03124999990686774,0.0,0.0,170,0.00019610655737704915,1000.0,-561.940062867265,2,5.293185201672539e-13,24.368324968218804,390.7132890224457
nan,nan,350208,0.0,0.26824343437328935,0.031249999860301615,0.0,0.0,171,0.0001954918032786885,1000.0,-474.7460715563452,2,5.12940889273812e-13,29.166271579265594,392.3222301006317
-315.70096163266214,86.06742162364453,350208,nan,nan,nan,nan,nan,nan,nan,nan,nan,nan,nan,nan,395.7222692966461
nan,nan,352256,0.0,0.41692323558963834,0.031249999633291736,0.0,0.0,172,0.00019487704918032787,1000.0,-388.47856537384104,2,5.569780730233275e-07,15.3362418577075,397.2296121120453
nan,nan,354304,0.0,0.339818480447866,0.031249999772990124,0.0,0.0,173,0.00019426229508196717,1000.0,-447.40616045365675,2,8.249346122239311e-09,19.387176568806172,398.76301622390747
nan,nan,356352,0.0,0.41161965066567063,0.03124999987776391,0.0,0.0,174,0.00019364754098360654,1000.0,-456.4457940259632,2,3.4425191185333823e-12,15.416973486542702,400.28708720207214
nan,nan,358400,0.0,0.3765035417629406,0.031249999831197785,0.0,0.0,175,0.0001930327868852459,1000.0,-429.64768549375,2,2.7608682913735418e-12,17.537662909924983,401.83072900772095
nan,nan,360448,0.0,0.29098475757054987,0.031249999831197785,0.0,0.0,176,0.00019241803278688524,1000.0,-428.50357430727416,2,4.543089549238657e-13,19.95901552736759,403.3747091293335
-309.0835896467176,72.13901755207868,360448,nan,nan,nan,nan,nan,nan,nan,nan,nan,nan,nan,nan,406.81355810165405
nan,nan,362496,0.0,0.4181042031268589,0.031249999738065526,0.0,0.0,177,0.0001918032786885246,1000.0,-449.8257512494683,2,6.892890036588827e-09,15.01783411949873,408.30800008773804
nan,nan,364544,0.0,0.3763802190776914,0.031249999860301615,0.0,0.0,178,0.00019118852459016394,1000.0,-409.498348136233,2,6.3547994897725895e-09,16.01570390164852,409.8030161857605
nan,nan,366592,0.0,0.43765128216473387,0.03125,0.0,0.0,179,0.00019057377049180326,1000.0,-456.5117295101581,2,9.958283245916836e-11,12.162830044329166,411.58958315849304
nan,nan,368640,0.0,0.3517273057252169,0.031249999831197785,0.0,0.0,180,0.0001899590163934426,1000.0,-438.9738499482106,2,5.848639750283947e-11,19.419923527538778,413.3528850078583
nan,nan,370688,0.0,0.4148931949282996,0.03124999992433004,0.0,0.0,181,0.00018934426229508193,1000.0,-483.26040379367555,2,9.697434233476052e-13,15.455010326206684,414.95347714424133
-300.35295553129197,88.63155215361348,370688,nan,nan,nan,nan,nan,nan,nan,nan,nan,nan,nan,nan,418.40023612976074
nan,nan,372736,0.0,0.31641056181397287,0.03124999976134859,0.0,0.0,182,0.00018872950819672128,1000.0,-451.5438695451818,2,4.871126293023661e-13,25.287930426001548,419.90043807029724
nan,nan,374784,0.0,0.3856958501972258,0.03124999984866008,0.0,0.0,183,0.00018811475409836063,1000.0,-392.3324850841286,2,1.808882038023573e-07,14.93336571753025,421.89228105545044
nan,nan,376832,0.0,0.3446123422705568,0.03124999993597157,0.0,0.0,184,0.00018749999999999998,1000.0,-419.50528961050077,2,9.149008522335604e-09,20.542045210301875,423.55956625938416
nan,nan,378880,0.0,0.3018187235808,0.031249999755527825,0.0,0.0,185,0.00018688524590163933,1000.0,-472.3953974859827,2,2.3309775745551457e-12,17.355147680640222,425.0923411846161
nan,nan,380928,0.0,0.3787807810003869,0.031249999720603227,0.0,0.0,186,0.00018627049180327867,1000.0,-433.6455710476706,2,4.677866400698359e-13,19.16345880776644,426.64983201026917
-362.8569136836189,69.19781710462888,380928,nan,nan,nan,nan,nan,nan,nan,nan,nan,nan,nan,nan,430.1703140735626
nan,nan,382976,0.0,0.37804296540562066,0.031249999854480848,0.0,0.0,187,0.00018565573770491805,1000.0,-486.8098182002225,2,9.615294950257126e-13,18.257920268177987,431.76136803627014
nan,nan,385024,0.0,0.3467189977644011,0.031249999889405446,0.0,0.0,188,0.00018504098360655735,1000.0,-425.0496225090974,3,5.313688660764761e-13,25.44364905655384,433.3595242500305
nan,nan,387072,0.0,0.3450167315080762,0.031249999743886293,0.0,0.0,189,0.00018442622950819672,1000.0,-444.01021172840365,2,4.897278546231454e-13,21.98514588624239,434.9233441352844
nan,nan,389120,0.0,0.3150266228476539,0.03124999986612238,0.0,0.0,190,0.00018381147540983602,1000.0,-479.4233972335991,2,1.811701854007963e-11,19.1311964571476,436.4252841472626
nan,nan,391168,0.0,0.2529675329336897,0.031249999644933267,0.0,0.0,191,0.0001831967213114754,1000.0,-407.44729302495637,2,1.5641307108192713e-12,33.917076024413106,437.93924927711487
-326.6721697685254,76.27289568815686,391168,nan,nan,nan,nan,nan,nan,nan,nan,nan,nan,nan,nan,441.37505316734314
nan,nan,393216,0.0,0.3660142673063092,0.031249999860301615,0.0,0.0,192,0.00018258196721311474,1000.0,-478.4621953696492,2,2.1891138303433876e-12,20.01113121956587,442.87579798698425
nan,nan,395264,0.0,0.22185947302496062,0.031249999767169356,0.0,0.0,193,0.0001819672131147541,1000.0,-516.5907101038691,2,5.191527290593117e-13,33.323865342140195,444.41210436820984
nan,nan,397312,0.0,0.4351230679312721,0.031249999778810888,0.0,0.0,194,0.00018135245901639344,1000.0,-441.528149142139,2,3.200987354433005e-09,15.101214303076267,446.0316791534424
nan,nan,399360,0.0,0.2600039993762039,0.031249999749707057,0.0,0.0,195,0.0001807377049180328,1000.0,-457.9445939647793,2,1.329754903838483e-09,28.764405778050424,447.7222652435303
nan,nan,401408,0.0,0.31528488162439317,0.031249999947613107,0.0,0.0,196,0.0001801229508196721,1000.0,-455.02195186135043,2,9.101878934622803e-13,19.71746634840965,449.44784903526306
-270.8325772097164,76.11566700438529,401408,nan,nan,nan,nan,nan,nan,nan,nan,nan,nan,nan,nan,453.29334712028503
nan,nan,403456,0.0,0.2877225018804893,0.03124999984866008,0.0,0.0,197,0.00017950819672131146,1000.0,-428.43395088475137,2,5.838094381706423e-13,24.039338034391402,454.9864501953125
nan,nan,405504,0.0,0.25942915433552116,0.031249999703140928,0.0,0.0,198,0.0001788934426229508,1000.0,-466.1602931652719,2,4.946692166043993e-13,33.92838183045387,456.7768111228943
nan,nan,407552,0.0,0.4359367992496118,0.031249999772990124,0.0,0.0,199,0.00017827868852459013,1000.0,-422.0121315676716,2,5.042877302491193e-08,13.32674444913864,458.4695510864258
nan,nan,409600,0.0,0.3548917362233624,0.031249999679857865,0.0,0.0,200,0.00017766393442622948,1000.0,-504.6245829230015,2,2.3678405466464623e-07,19.67198574244976,460.25201320648193
nan,nan,411648,0.0,0.33105285114143046,0.03124999983701855,0.0,0.0,201,0.00017704918032786883,1000.0,-407.8392545593441,2,6.052476974329942e-10,22.211404275894164,462.2765839099884
-281.25044255095474,71.9732465633705,411648,nan,nan,nan,nan,nan,nan,nan,nan,nan,nan,nan,nan,465.81963324546814
nan,nan,413696,0.0,0.2573277265066281,0.031249999708961695,0.0,0.0,202,0.00017643442622950818,1000.0,-575.2719813366333,2,4.821340511074537e-13,32.7248816549778,467.36880016326904
nan,nan,415744,0.0,0.4292883676127531,0.03124999984866008,0.0,0.0,203,0.00017581967213114755,1000.0,-425.43847187684935,2,4.747481560045381e-12,15.765928757190704,468.86934518814087
nan,nan,417792,0.0,0.30604733624495567,0.03124999995343387,0.0,0.0,204,0.0001752049180327869,1000.0,-387.52969918428994,2,1.0100931098641441e-12,23.782624226808547,470.37330508232117
nan,nan,419840,0.0,0.403005849244073,0.031249999767169356,0.0,0.0,205,0.0001745901639344262,1000.0,-504.08537593873376,2,1.374103343046093e-12,18.38619087189436,471.91347002983093
nan,nan,421888,0.0,0.38873687126906586,0.031249999674037097,0.0,0.0,206,0.00017397540983606557,1000.0,-483.7980784829803,2,1.1484782331582777e-10,13.291216058284045,473.47547912597656
-347.39718412560524,57.50683803607615,421888,nan,nan,nan,nan,nan,nan,nan,nan,nan,nan,nan,nan,477.0464391708374
nan,nan,423936,0.0,0.24085834696888925,0.03124999980791472,0.0,0.0,207,0.00017336065573770487,1000.0,-410.06287248592247,2,1.2849024830687824e-10,36.32986567616463,479.28428530693054
nan,nan,425984,0.0,0.3349293395411223,0.03124999987776391,0.0,0.0,208,0.00017274590163934424,1000.0,-423.9499075623351,2,2.0168627894826832e-12,19.25990495532751,481.1943550109863
nan,nan,428032,0.0,0.2999562449636869,0.031249999959254638,0.0,0.0,209,0.0001721311475409836,1000.0,-423.52955197908705,3,1.8475278659309495e-11,32.94370915293693,482.91838812828064
nan,nan,430080,0.0,0.40125969049986454,0.03124999984866008,0.0,0.0,210,0.00017151639344262294,1000.0,-464.68130732913016,2,9.257336470968921e-09,12.048643216490746,484.68923711776733
-305.1705422950891,108.79086832392586,430080,nan,nan,nan,nan,nan,nan,nan,nan,nan,nan,nan,nan,503.28723406791687
nan,nan,432128,0.0,0.40433166864095255,0.03125000017462298,0.0,0.0,211,0.0001709016393442623,1000.0,-447.67584580710286,2,6.132513146208853e-08,18.277856467664243,512.9923272132874
nan,nan,434176,0.0,0.32962134648114444,0.03125000002910383,0.0,0.0,212,0.00017028688524590164,1000.0,-364.4284780206622,2,5.007489131425963e-09,18.508904491364955,523.9876401424408
nan,nan,436224,0.0,0.399372718972154,0.031249999930150808,0.0,0.0,213,0.00016967213114754099,1000.0,-388.6561822487212,2,1.7605724520871538e-12,12.024432661384344,535.1355671882629
nan,nan,438272,0.0,0.31991066274931657,0.031249999691499396,0.0,0.0,214,0.0001690573770491803,1000.0,-379.44735390767727,2,6.017214591580095e-10,21.40970325618982,545.3024399280548
nan,nan,440320,0.0,0.3599688195856288,0.03124999990686774,0.0,0.0,215,0.00016844262295081966,1000.0,-445.35554550863947,2,6.383623748337563e-11,17.003795731067658,563.6689441204071
-302.26756158807314,53.44967327341358,440320,nan,nan,nan,nan,nan,nan,nan,nan,nan,nan,nan,nan,591.2003200054169
nan,nan,442368,0.0,0.3329109156038612,0.031249999825377017,0.0,0.0,216,0.00016782786885245898,1000.0,-463.3805746933035,2,2.2373257866208785e-09,17.323584721982478,604.1289992332458
nan,nan,444416,0.0,0.3102828858536668,0.031249999860301615,0.0,0.0,217,0.00016721311475409833,1000.0,-415.116044445577,2,7.955385133855784e-11,22.043845683336258,612.4021320343018
nan,nan,446464,0.0,0.2796459849807434,0.03124999997089617,0.0,0.0,218,0.00016659836065573768,1000.0,-502.7092319680004,2,4.243719298766078e-12,23.2477703332901,620.0223062038422
nan,nan,448512,0.0,0.3470529364887625,0.031249999767169356,0.0,0.0,219,0.00016598360655737702,1000.0,-363.2316796922769,2,2.1440410675300583e-12,21.919506484270094,627.3925361633301
nan,nan,450560,0.0,0.36791882805991916,0.031249999813735486,0.0,0.0,220,0.0001653688524590164,1000.0,-432.2526546189213,2,2.390496425499811e-12,19.16837235093117,635.4025311470032
-315.64409277137173,77.34846660089407,450560,nan,nan,nan,nan,nan,nan,nan,nan,nan,nan,nan,nan,650.8892312049866
nan,nan,452608,0.0,0.45493808144237846,0.03124999959836714,0.0,0.0,221,0.00016475409836065575,1000.0,-450.94270557667585,2,5.058566723846411e-08,13.523093974590301,659.740522146225
nan,nan,454656,0.0,0.4879435594659299,0.0312499999825377,0.0,0.0,222,0.0001641393442622951,1000.0,-439.4228858635799,2,2.3846529010009687e-08,12.636741026490927,666.7533659934998
nan,nan,456704,0.0,0.45828987431013957,0.031249999708961695,0.0,0.0,223,0.00016352459016393442,1000.0,-487.1128712163076,2,7.981757166841314e-10,13.933077588677406,674.6265711784363
nan,nan,458752,0.0,0.338583297166042,0.031249999697320164,0.0,0.0,224,0.00016290983606557377,1000.0,-443.6265368727945,2,6.751412887511822e-13,22.364680528640747,682.2157173156738
nan,nan,460800,0.0,0.33691152909304944,0.031249999802093954,0.0,0.0,225,0.0001622950819672131,1000.0,-405.68567235284036,2,5.701447331050611e-13,21.046804815530777,689.8829431533813
-286.7919246553104,48.99970096225871,460800,nan,nan,nan,nan,nan,nan,nan,nan,nan,nan,nan,nan,703.172699213028
nan,nan,462848,0.0,0.38639203682541845,0.031250000011641535,0.0,0.0,226,0.00016168032786885244,1000.0,-448.2679499096188,2,6.107674079712073e-10,17.16332659125328,710.4499032497406
nan,nan,464896,0.0,0.28087453425396236,0.031249999831197785,0.0,0.0,227,0.0001610655737704918,1000.0,-395.7627897625986,2,3.484050561463838e-11,25.042763397097588,718.1792352199554
nan,nan,466944,0.0,0.2376743420260027,0.031249999842839316,0.0,0.0,228,0.00016045081967213114,1000.0,-507.86656772487015,2,4.693680912822929e-13,26.97238271534443,728.768146276474
nan,nan,468992,0.0,0.3179189280606806,0.031249999796273187,0.0,0.0,229,0.00015983606557377049,1000.0,-378.37987575669854,2,5.689741278121317e-13,20.86732057482004,737.3017992973328
nan,nan,471040,0.0,0.40482472896110266,0.03124999992433004,0.0,0.0,230,0.00015922131147540984,1000.0,-426.35207474474237,3,2.650317793940831e-09,17.588364653289318,748.2118542194366
-285.1272922403808,58.99591033107543,471040,nan,nan,nan,nan,nan,nan,nan,nan,nan,nan,nan,nan,764.2146470546722
nan,nan,473088,0.0,0.40241640359163283,0.03124999989522621,0.0,0.0,231,0.00015860655737704916,1000.0,-403.8466246593974,2,8.017375477161056e-09,14.544507893919945,773.0050890445709
nan,nan,475136,0.0,0.32225087261758745,0.031249999743886293,0.0,0.0,232,0.0001579918032786885,1000.0,-418.2265899347593,2,5.6670720355802445e-09,19.137788555026056,785.570484161377
nan,nan,477184,0.0,0.37684318467509004,0.031249999697320164,0.0,0.0,233,0.00015737704918032785,1000.0,-410.44831698588666,2,5.154060192524846e-10,15.70609064400196,792.0852942466736
nan,nan,479232,0.0,0.20903399784583598,0.031249999813735486,0.0,0.0,234,0.00015676229508196718,1000.0,-391.08851772845105,2,1.4939046422701661e-10,32.85475313067436,799.7864429950714
nan,nan,481280,0.0,0.3856310026952997,0.031250000017462295,0.0,0.0,235,0.00015614754098360653,1000.0,-475.8441912393423,2,1.31115529055004e-08,15.450032575428486,807.3261640071869
-279.4386008783926,93.28293476518166,481280,nan,nan,nan,nan,nan,nan,nan,nan,nan,nan,nan,nan,820.9172761440277
nan,nan,483328,0.0,0.4034921355429105,0.03124999983701855,0.0,0.0,236,0.00015553278688524587,1000.0,-459.60946921819243,2,9.56501233628522e-10,16.120657955110072,834.0894961357117
nan,nan,485376,0.0,0.3042570251971483,0.031249999796273187,0.0,0.0,237,0.00015491803278688525,1000.0,-507.4729938758381,2,5.93218398225136e-13,24.358855667710305,843.4539332389832
nan,nan,487424,0.0,0.35807869108393786,0.03124999973224476,0.0,0.0,238,0.0001543032786885246,1000.0,-387.0211014108155,2,1.857001285904237e-12,16.71457993686199,851.2736990451813
nan,nan,489472,0.0,0.3798236944479868,0.03125000010477379,0.0,0.0,239,0.00015368852459016395,1000.0,-527.216565525315,2,1.624483431480377e-12,15.128818421065807,860.5407180786133
nan,nan,491520,0.0,0.28603479217272254,0.0312499999825377,0.0,0.0,240,0.00015307377049180327,1000.0,-448.29274228003646,2,3.882469410815124e-12,21.24093077778816,867.9381592273712
-311.1107520173439,75.1317330651171,491520,nan,nan,nan,nan,nan,nan,nan,nan,nan,nan,nan,nan,882.9278981685638
nan,nan,493568,0.0,0.1961613889085129,0.031249999615829437,0.0,0.0,241,0.00015245901639344262,1000.0,-227.25942637926804,2,5.61703080695277e-13,35.82131454348564,890.8896000385284
nan,nan,495616,0.0,0.3251369090052322,0.031249999889405446,0.0,0.0,242,0.00015184426229508194,1000.0,-356.2762047391681,2,4.411867157332014e-08,17.933825398981572,899.1325170993805
nan,nan,497664,0.0,0.29491653440054505,0.03124999992433004,0.0,0.0,243,0.0001512295081967213,1000.0,-434.7385164487076,2,1.5996990900616064e-09,23.520650574564932,906.8961400985718
nan,nan,499712,0.0,0.3803097382420674,0.031249999726423994,0.0,0.0,244,0.00015061475409836064,1000.0,-518.5370398858056,2,1.7282813974743538e-12,17.415673284232618,915.4888219833374
nan,nan,501760,0.0,0.3335145138669759,0.031249999668216333,0.0,0.0,245,0.00015,1000.0,-409.3559805901732,2,4.935702446760609e-13,19.34442127496004,923.2857620716095
-353.84783849363123,86.27573992848451,501760,nan,nan,nan,nan,nan,nan,nan,nan,nan,nan,nan,nan,936.6011011600494
nan,nan,503808,0.0,0.40980785477440806,0.03124999979045242,0.0,0.0,246,0.00014938524590163934,1000.0,-422.58849112252307,2,7.677578065426035e-08,15.021428288519383,945.6566112041473
nan,nan,505856,0.0,0.27419496930669995,0.031249999889405446,0.0,0.0,247,0.00014877049180327868,1000.0,-394.15503994090324,2,8.791932184587731e-09,26.606977131962775,953.7709572315216
nan,nan,507904,0.0,0.24182380952406674,0.031249999784631655,0.0,0.0,248,0.000148155737704918,1000.0,-487.1844011204247,2,7.174046779912988e-13,26.265029102563858,965.2616109848022
nan,nan,509952,0.0,0.40099490153370426,0.031249999889405446,0.0,0.0,249,0.00014754098360655736,1000.0,-373.4758731198793,2,1.5695829325043942e-09,14.003817002475262,972.637109041214
nan,nan,512000,0.0,0.4396759642288089,0.03125000008731149,0.0,0.0,250,0.0001469262295081967,1000.0,-456.8073204774142,3,9.558518269841193e-09,13.178596092760563,979.7486162185669
-251.21131948424463,70.16536175416373,512000,nan,nan,nan,nan,nan,nan,nan,nan,nan,nan,nan,nan,992.5137181282043
nan,nan,514048,0.0,0.2851453642360866,0.03124999995343387,0.0,0.0,251,0.00014631147540983605,1000.0,-491.01661103148916,2,1.0064186355203706e-09,29.053125143051147,999.9556202888489
nan,nan,516096,0.0,0.4708850706461817,0.031249999516876414,0.0,0.0,252,0.00014569672131147537,1000.0,-439.6473991810334,2,6.188827678668484e-13,13.090361265093089,1006.9906580448151
nan,nan,518144,0.0,0.29020163966342805,0.031249999889405446,0.0,0.0,253,0.00014508196721311472,1000.0,-490.0199804360352,2,4.576265372116512e-13,25.861688724160196,1014.3194570541382
nan,nan,520192,0.0,0.37745059467852116,0.031249999965075402,0.0,0.0,254,0.0001444672131147541,1000.0,-342.23788421431095,2,5.402376251090342e-13,17.590179796516896,1023.9395332336426
-319.1307369883929,121.0274332569622,520192,nan,nan,nan,nan,nan,nan,nan,nan,nan,nan,nan,nan,1038.960235118866
nan,nan,522240,0.0,0.42948285342426973,0.03124999981955625,0.0,0.0,255,0.00014385245901639345,1000.0,-449.1772482945195,2,1.1291944159790862e-09,12.064417588710786,1047.2679071426392
nan,nan,524288,0.0,0.27118558406364174,0.03124999998835847,0.0,0.0,256,0.00014323770491803277,1000.0,-437.0456047587726,2,2.8474122516824524e-09,23.327766260504724,1054.9984781742096
nan,nan,526336,0.0,0.3406013644533232,0.031249999901046977,0.0,0.0,257,0.00014262295081967212,1000.0,-443.89553422862446,2,1.277133689561315e-10,18.556042233109473,1062.8212349414825
nan,nan,528384,0.0,0.39611726205330344,0.031249999778810888,0.0,0.0,258,0.00014200819672131147,1000.0,-456.5601565070094,2,1.7630588472541942e-11,18.01371063143015,1070.522667169571
nan,nan,530432,0.0,0.20164767974056302,0.031249999802093954,0.0,0.0,259,0.00014139344262295082,1000.0,-534.3873963489737,2,1.7718177029148131e-12,45.627556225657464,1078.2099001407623
-338.20560175724097,87.72133823527174,530432,nan,nan,nan,nan,nan,nan,nan,nan,nan,nan,nan,nan,1091.1431753635406
nan,nan,532480,0.0,0.31161614970769735,0.031249999854480848,0.0,0.0,260,0.00014077868852459017,1000.0,-499.93540659966527,2,5.277889975378262e-13,22.703541514277457,1098.2708480358124
nan,nan,534528,0.0,0.37682968884473667,0.031249999726423994,0.0,0.0,261,0.0001401639344262295,1000.0,-460.92379373658224,2,1.9052940341717152e-10,16.408822633326054,1105.0352392196655
nan,nan,536576,0.0,0.40440177551936357,0.031249999889405446,0.0,0.0,262,0.00013954918032786884,1000.0,-428.30677880737267,2,3.636069697293178e-08,16.16477095335722,1112.0626592636108
nan,nan,538624,0.0,0.34380165287293496,0.031249999813735486,0.0,0.0,263,0.00013893442622950819,1000.0,-394.1999322918108,2,5.239280500746974e-10,17.84593932181597,1119.0811619758606
nan,nan,540672,0.0,0.31077010844601316,0.031249999813735486,0.0,0.0,264,0.00013831967213114753,1000.0,-439.0141899444748,2,5.025583864803809e-13,27.595487010478973,1126.1158022880554
-325.95737706108184,119.35537765436578,540672,nan,nan,nan,nan,nan,nan,nan,nan,nan,nan,nan,nan,1138.7515950202942
nan,nan,542720,0.0,0.32581906507257374,0.03124999995343387,0.0,0.0,265,0.00013770491803278686,1000.0,-536.3411209181861,2,5.655303082655137e-13,22.43700729608536,1146.0639371871948
nan,nan,544768,0.0,0.28512827078811825,0.031249999813735486,0.0,0.0,266,0.0001370901639344262,1000.0,-358.30990133400644,2,5.096638710127058e-13,23.396357399225234,1153.054100036621
nan,nan,546816,0.0,0.3975437642773613,0.031249999738065526,0.0,0.0,267,0.00013647540983606555,1000.0,-400.06237141164195,2,8.973347125369583e-13,18.962984412908554,1160.0808713436127
nan,nan,548864,0.0,0.2872168024186976,0.03124999980791472,0.0,0.0,268,0.0001358606557377049,1000.0,-420.4143978031462,2,4.873964300630359e-13,25.549594056606292,1167.3256142139435
nan,nan,550912,0.0,0.3036951950984076,0.03125000006402843,0.0,0.0,269,0.00013524590163934422,1000.0,-494.47898154974575,2,9.001381778859574e-13,21.695559629797934,1174.1504492759705
-291.4723167539282,64.87044797501055,550912,nan,nan,nan,nan,nan,nan,nan,nan,nan,nan,nan,nan,1187.1707031726837
nan,nan,552960,0.0,0.4266083562513813,0.03124999980791472,0.0,0.0,270,0.00013463114754098357,1000.0,-448.71055704239797,2,1.032150202288344e-09,17.39015206694603,1194.0095019340515
nan,nan,555008,0.0,0.41689038889016955,0.031249999889405446,0.0,0.0,271,0.00013401639344262295,1000.0,-450.38702334153567,3,2.273068140145663e-08,16.107880222797395,1201.4945092201233
nan,nan,557056,0.0,0.38234768144320697,0.03125,0.0,0.0,272,0.0001334016393442623,1000.0,-455.3277444242707,2,8.53357517502616e-10,15.383575378358364,1208.2082660198212
nan,nan,559104,0.0,0.36253554093418644,0.03125000000582077,0.0,0.0,273,0.00013278688524590165,1000.0,-415.81243976687426,2,6.685033158378747e-13,19.89376860111952,1215.4042711257935
nan,nan,561152,0.0,0.37476667584851386,0.03125000000582077,0.0,0.0,274,0.00013217213114754097,1000.0,-411.39657892465755,2,8.18577219964295e-13,15.91055419743061,1222.0317850112915
-294.51051588940965,65.13209405748354,561152,nan,nan,nan,nan,nan,nan,nan,nan,nan,nan,nan,nan,1234.4645092487335
nan,nan,563200,0.0,0.3652787073049694,0.03125000000582077,0.0,0.0,275,0.00013155737704918032,1000.0,-398.9963835619921,2,5.578021170858612e-13,19.412678290903568,1241.4717943668365
nan,nan,565248,0.0,0.341856019734405,0.03124999980791472,0.0,0.0,276,0.00013094262295081967,1000.0,-261.21953789553174,2,2.6625309329993976e-12,20.468467557430266,1248.228422164917
nan,nan,567296,0.0,0.4506251813028939,0.031249999796273187,0.0,0.0,277,0.00013032786885245902,1000.0,-414.79240276405915,2,3.233954636519887e-09,12.34747448861599,1255.0849931240082
nan,nan,569344,0.0,0.3632329064654186,0.031249999860301615,0.0,0.0,278,0.00012971311475409834,1000.0,-484.06041806845246,2,4.215490598131435e-10,17.91901332139969,1261.9546961784363
nan,nan,571392,0.0,0.4199312091921456,0.031249999860301615,0.0,0.0,279,0.00012909836065573769,1000.0,-406.7679547920792,2,1.1372679592492035e-12,15.50080069899559,1268.5851051807404
-295.0640809822976,54.75755918083863,571392,nan,nan,nan,nan,nan,nan,nan,nan,nan,nan,nan,nan,1281.7009961605072
nan,nan,573440,0.0,0.29239281091140584,0.031249999889405446,0.0,0.0,280,0.00012848360655737703,1000.0,-324.8532824905741,2,4.401307545408845e-11,22.769898270070552,1288.45503115654
nan,nan,575488,0.0,0.4562111678533256,0.031249999831197785,0.0,0.0,281,0.00012786885245901638,1000.0,-452.0354361864506,2,7.805677700972567e-08,12.72514066696167,1295.6674411296844
nan,nan,577536,0.0,0.30658661291236056,0.031249999842839316,0.0,0.0,282,0.00012725409836065573,1000.0,-455.9801066258932,2,4.407019366288534e-09,18.867926385998725,1302.3758041858673
nan,nan,579584,0.0,0.39059470540378244,0.031249999860301615,0.0,0.0,283,0.00012663934426229505,1000.0,-438.94751048320427,2,7.586753238649261e-13,16.75123714953661,1309.1091930866241
nan,nan,581632,0.0,0.2645250855013728,0.03124999981955625,0.0,0.0,284,0.0001260245901639344,1000.0,-483.031276784709,2,4.910379365963345e-13,33.05739030241966,1316.2945082187653
-294.29995057585325,61.9036657062796,581632,nan,nan,nan,nan,nan,nan,nan,nan,nan,nan,nan,nan,1328.8120782375336
nan,nan,583680,0.0,0.29715601439820605,0.0312499999825377,0.0,0.0,285,0.00012540983606557378,1000.0,-469.67273585668914,2,4.672168324511853e-13,25.12042529284954,1335.8654253482819
nan,nan,585728,0.0,0.4208458605222404,0.03124999979045242,0.0,0.0,286,0.00012479508196721313,1000.0,-460.5345257208626,2,5.860888903137676e-13,15.43264988064766,1342.474284172058
nan,nan,587776,0.0,0.29410428993869575,0.03124999987776391,0.0,0.0,287,0.00012418032786885242,1000.0,-436.6319773487279,2,4.494700013858688e-13,25.01431867480278,1349.2087082862854
nan,nan,589824,0.0,0.4950527862994932,0.031249999860301615,0.0,0.0,288,0.0001235655737704918,1000.0,-444.1478623793281,2,1.8748024862780202e-12,12.831745944917202,1355.5648829936981
nan,nan,591872,0.0,0.4990730019053444,0.031249999994179233,0.0,0.0,289,0.00012295081967213115,1000.0,-435.14744509376374,2,1.1390233285603465e-12,12.020781113952399,1362.178388118744
-329.03811696316797,102.81215297597542,591872,nan,nan,nan,nan,nan,nan,nan,nan,nan,nan,nan,nan,1374.3930842876434
nan,nan,593920,0.0,0.2910454269382171,0.031249999726423994,0.0,0.0,290,0.0001223360655737705,1000.0,-429.08277738421384,2,5.57104976401854e-13,26.79362342953682,1380.9820971488953
nan,nan,595968,0.0,0.2622318442678079,0.031249999842839316,0.0,0.0,291,0.0001217213114754098,1000.0,-401.8198470136897,2,4.676391679491257e-13,33.24499591290951,1388.0882821083069
nan,nan,598016,0.0,0.2758948741131462,0.031249999930150808,0.0,0.0,292,0.00012110655737704917,1000.0,-434.3034771594004,3,5.244761297083702e-13,32.10631813406944,1395.965674161911
nan,nan,600064,0.0,0.2991429058951326,0.031249999889405446,0.0,0.0,293,0.00012049180327868852,1000.0,-425.4617677709317,2,6.016904383654192e-13,21.912579575181006,1405.6376791000366
-303.21040744225445,52.94778630996337,600064,nan,nan,nan,nan,nan,nan,nan,nan,nan,nan,nan,nan,1418.9952371120453
nan,nan,602112,0.0,0.39618208289612084,0.031249999965075402,0.0,0.0,294,0.00011987704918032786,1000.0,-440.30195645164224,2,2.0165851653589936e-07,15.597423487901688,1425.7926232814789
nan,nan,604160,0.0,0.263072116614785,0.031249999796273187,0.0,0.0,295,0.00011926229508196721,1000.0,-483.49018603523007,2,8.698639299883814e-10,29.227253699302672,1432.9569590091705
nan,nan,606208,0.0,0.41542101616505533,0.03124999973224476,0.0,0.0,296,0.00011864754098360654,1000.0,-401.07262980951884,2,7.55526211523934e-08,13.590243288874627,1439.5903160572052
nan,nan,608256,0.0,0.42053904685890303,0.031249999930150808,0.0,0.0,297,0.00011803278688524588,1000.0,-447.1972553406846,2,1.1437048916724423e-09,14.459748817980289,1446.6011581420898
nan,nan,610304,0.0,0.32208240741165356,0.031249999720603227,0.0,0.0,298,0.00011741803278688525,1000.0,-466.39926147814487,2,5.79688895288046e-13,23.777261963486673,1453.5698642730713
-293.43620270412106,76.34012923456878,610304,nan,nan,nan,nan,nan,nan,nan,nan,nan,nan,nan,nan,1465.8640570640564
nan,nan,612352,0.0,0.36773597076535225,0.03124999983701855,0.0,0.0,299,0.0001168032786885246,1000.0,-449.712335923522,2,4.2127228232212466e-13,19.38716626018286,1472.7702322006226
nan,nan,614400,0.0,0.3679206660017371,0.031249999871943147,0.0,0.0,300,0.00011618852459016392,1000.0,-435.1620506983619,2,5.190717347524558e-13,18.45577804148197,1479.5079543590546
nan,nan,616448,0.0,0.36154532034415754,0.03124999983701855,0.0,0.0,301,0.00011557377049180327,1000.0,-448.1060408999165,2,4.243949089656712e-13,17.89130028784275,1486.2470190525055
nan,nan,618496,0.0,0.26820181593066084,0.031249999871943147,0.0,0.0,302,0.00011495901639344261,1000.0,-481.41902767170325,2,4.551771144821871e-13,33.157684007287024,1493.7082262039185
nan,nan,620544,0.0,0.3370632119243965,0.031249999901046977,0.0,0.0,303,0.00011434426229508196,1000.0,-509.4204579835931,2,4.3811522597940444e-13,21.735197615623473,1500.5567500591278
-323.77793722839414,50.65542646066512,620544,nan,nan,nan,nan,nan,nan,nan,nan,nan,nan,nan,nan,1512.8303391933441
nan,nan,622592,0.0,0.2392758670495823,0.03125000002910383,0.0,0.0,304,0.00011372950819672129,1000.0,-350.2074264487778,2,4.194306857769291e-13,31.023899123072624,1519.4738891124725
nan,nan,624640,0.0,0.2752575062448159,0.03124999981955625,0.0,0.0,305,0.00011311475409836063,1000.0,-289.69901884243507,2,4.968734567534347e-13,21.39936185926199,1527.0837240219116
nan,nan,626688,0.0,0.41612092235591264,0.031249999965075402,0.0,0.0,306,0.0001125,1000.0,-406.4160919805936,2,3.851060969404649e-10,14.719929701089859,1533.9039030075073
nan,nan,628736,0.0,0.4671573837287724,0.031249999784631655,0.0,0.0,307,0.00011188524590163935,1000.0,-424.3342771201873,2,1.2535822711998124e-09,11.846799682080746,1541.0337872505188
nan,nan,630784,0.0,0.3924148383550346,0.03124999973224476,0.0,0.0,308,0.0001112704918032787,1000.0,-400.03539152019533,2,1.3240141680068314e-11,16.75821406841278,1548.4078242778778
-356.89360326182793,64.61697772432736,630784,nan,nan,nan,nan,nan,nan,nan,nan,nan,nan,nan,nan,1560.711979150772
nan,nan,632832,0.0,0.35866608801297845,0.031249999784631655,0.0,0.0,309,0.00011065573770491802,1000.0,-467.39176603952524,2,7.214017851375721e-11,15.023129886388778,1567.6888971328735
nan,nan,634880,0.0,0.488014307548292,0.031249999720603227,0.0,0.0,310,0.00011004098360655737,1000.0,-468.97693858264364,2,2.3521846900928417e-08,12.160702933371066,1574.4671051502228
nan,nan,636928,0.0,0.41673499123426155,0.03124999987776391,0.0,0.0,311,0.00010942622950819671,1000.0,-420.69054181402765,2,2.405721624489261e-09,13.134956154227257,1582.8122220039368
nan,nan,638976,0.0,0.4702421753201634,0.03124999987776391,0.0,0.0,312,0.00010881147540983606,1000.0,-354.57898225249414,2,3.4376214501114376e-12,12.663165486603976,1592.0536761283875
nan,nan,641024,0.0,0.2449164162389934,0.031249999802093954,0.0,0.0,313,0.00010819672131147538,1000.0,-440.99649020128135,3,5.94048039553104e-13,32.40299502313137,1600.092989206314
-268.8910569302401,94.2724354856421,641024,nan,nan,nan,nan,nan,nan,nan,nan,nan,nan,nan,nan,6765.620213031769
nan,nan,643072,0.0,0.2781411692500114,0.031249999738065526,0.0,0.0,314,0.00010758196721311473,1000.0,-459.1793279951763,2,4.1617225514563055e-13,26.75350164473057,6780.323302268982
nan,nan,645120,0.0,0.43938484115060417,0.03125000013387762,0.0,0.0,315,0.0001069672131147541,1000.0,-359.9353770578062,2,1.1550021865741673e-09,13.28509167507291,6787.106343269348
nan,nan,647168,0.0,0.3361659170128405,0.03124999986612238,0.0,0.0,316,0.00010635245901639344,1000.0,-406.25903822220073,2,8.030657113707716e-10,15.129061117768288,6792.452050924301
nan,nan,649216,0.0,0.32400874510640276,0.031249999959254638,0.0,0.0,317,0.00010573770491803277,1000.0,-396.7646977525633,2,4.4870979901423537e-13,22.631072157621382,6797.740984201431
nan,nan,651264,0.0,0.28722262613009664,0.031249999767169356,0.0,0.0,318,0.00010512295081967212,1000.0,-437.12646518186205,2,4.3129219932171476e-13,26.185033708810806,6804.268682003021
-269.9787749483699,87.30681057695244,651264,nan,nan,nan,nan,nan,nan,nan,nan,nan,nan,nan,nan,6821.248822212219
nan,nan,653312,0.0,0.3486637173453346,0.03124999990686774,0.0,0.0,319,0.00010450819672131146,1000.0,-503.4685289693863,2,7.853545750532922e-13,23.055793619155885,6827.19208407402
nan,nan,655360,0.0,0.24642201291862875,0.03124999981955625,0.0,0.0,320,0.00010389344262295081,1000.0,-472.8628215706552,2,5.377624010360189e-13,34.60135464966297,6833.01468706131
nan,nan,657408,0.0,0.31889553868677467,0.031249999755527825,0.0,0.0,321,0.00010327868852459018,1000.0,-474.12925436165926,2,4.990111360793868e-13,28.268495053052902,6839.399027109146
nan,nan,659456,0.0,0.38565869760932403,0.03124999984866008,0.0,0.0,322,0.00010266393442622948,1000.0,-483.7083777330771,2,2.5497566446141433e-12,20.160270555317403,6845.94211101532
nan,nan,661504,0.0,0.3246388651430607,0.031249999650754035,0.0,0.0,323,0.00010204918032786885,1000.0,-440.4391426307062,2,5.572202438216899e-13,26.202720466256142,6851.777637243271
-309.5602090247635,90.54307779595587,661504,nan,nan,nan,nan,nan,nan,nan,nan,nan,nan,nan,nan,6862.652328968048
nan,nan,663552,0.0,0.39499121258268133,0.03124999984866008,0.0,0.0,324,0.0001014344262295082,1000.0,-416.58977418886894,2,6.447751773978635e-10,15.959611198306083,6867.485415220261
nan,nan,665600,0.0,0.34122216410469264,0.03124999997089617,0.0,0.0,325,0.00010081967213114754,1000.0,-434.958578545878,2,7.00808550766464e-11,24.98556866198778,6873.596382141113
nan,nan,667648,0.0,0.35579093934502454,0.031249999860301615,0.0,0.0,326,0.00010020491803278687,1000.0,-449.87920922434546,2,7.455370295883883e-10,17.095827531814574,6947.3969831466675
nan,nan,669696,0.0,0.32595652176532897,0.031249999656574802,0.0,0.0,327,9.959016393442621e-05,1000.0,-279.964777010372,2,2.7219826215149817e-10,25.552647665143013,6949.104349374771
nan,nan,671744,0.0,0.4379671187023632,0.031249999691499396,0.0,0.0,328,9.897540983606556e-05,1000.0,-533.0050995135261,2,1.9722472299942393e-07,14.535295683145524,6950.606090068817
-295.4092319413443,91.70768318844985,671744,nan,nan,nan,nan,nan,nan,nan,nan,nan,nan,nan,nan,6953.720437049866
nan,nan,673792,0.0,0.4494885612046346,0.031249999703140928,0.0,0.0,329,9.836065573770491e-05,1000.0,-410.5598073243227,2,2.67508420300651e-09,13.202794053405523,6955.0898060798645
nan,nan,675840,0.0,0.24548964893911035,0.03124999976134859,0.0,0.0,330,9.774590163934423e-05,1000.0,-459.15733054756515,2,3.239486067058443e-12,33.937388038635255,6956.470094203949
nan,nan,677888,0.0,0.28351187335792927,0.031250000168802215,0.0,0.0,331,9.713114754098358e-05,1000.0,-513.8602279323634,2,4.417554028403824e-13,23.664941565692423,6957.847482204437
nan,nan,679936,0.0,0.47730364156886934,0.03125000012805686,0.0,0.0,332,9.651639344262295e-05,1000.0,-497.5995645497922,2,1.0803376766260238e-11,13.717241078615189,6959.22020816803
nan,nan,681984,0.0,0.41908336739288643,0.03124999991268851,0.0,0.0,333,9.59016393442623e-05,1000.0,-445.52357510880347,2,1.2370538900339845e-12,18.037379866838457,6960.586365222931
-360.08224343897365,88.8039279189392,681984,nan,nan,nan,nan,nan,nan,nan,nan,nan,nan,nan,nan,6963.666486024857
nan,nan,684032,0.0,0.4307120976736769,0.031249999674037097,0.0,0.0,334,9.528688524590164e-05,1000.0,-456.4341071251375,3,4.53113221551523e-13,20.87171143591404,6965.066410064697
nan,nan,686080,0.0,0.38026206380454824,0.03124999991268851,0.0,0.0,335,9.467213114754097e-05,1000.0,-391.6884860807386,2,5.152011412129021e-13,16.979722663760185,6966.441591024399
nan,nan,688128,0.0,0.4703901430941187,0.031249999930150808,0.0,0.0,336,9.405737704918031e-05,1000.0,-413.43001158468803,2,2.6157549226674403e-10,13.335316422581673,6967.869746923447
nan,nan,690176,0.0,0.374115440773312,0.031249999918509276,0.0,0.0,337,9.344262295081966e-05,1000.0,-438.91381361183744,2,5.024613025904153e-11,19.725292597711086,6969.29535317421
-324.4711770411856,45.21236163914022,690176,nan,nan,nan,nan,nan,nan,nan,nan,nan,nan,nan,nan,6972.981714248657
nan,nan,692224,0.0,0.3762251568725333,0.031249999767169356,0.0,0.0,338,9.282786885245903e-05,1000.0,-480.982522909202,2,4.951188734888666e-13,18.975497849285603,6975.385316133499
nan,nan,694272,0.0,0.3782553624710999,0.03124999984866008,0.0,0.0,339,9.221311475409833e-05,1000.0,-509.7133418744323,2,5.954354232777189e-13,22.419226759672163,6977.365532159805
nan,nan,696320,0.0,0.22134782033972442,0.031249999842839316,0.0,0.0,340,9.15983606557377e-05,1000.0,-585.3979195006979,2,4.750779255566576e-13,33.400618731975555,6979.42586016655
nan,nan,698368,0.0,0.2451924753608182,0.031249999842839316,0.0,0.0,341,9.098360655737704e-05,1000.0,-389.6689098180384,2,4.576144786388558e-13,26.55450764298439,6981.578243255615
nan,nan,700416,0.0,0.4151707786950283,0.03124999987776391,0.0,0.0,342,9.03688524590164e-05,1000.0,-427.44713988935666,2,2.3586876553027295e-11,19.312885132431983,6983.641179323196
-273.39143435861797,47.33752859624952,700416,nan,nan,nan,nan,nan,nan,nan,nan,nan,nan,nan,nan,6988.167520046234
nan,nan,702464,0.0,0.43362305213231594,0.031249999813735486,0.0,0.0,343,8.975409836065574e-05,1000.0,-537.9286524808017,2,7.832347301147187e-09,15.779454213380813,6990.106758117676
nan,nan,704512,0.0,0.44277738622622564,0.031249999918509276,0.0,0.0,344,8.913934426229506e-05,1000.0,-457.9959073274365,2,9.202591836958792e-10,15.085296548902988,7026.40688419342
nan,nan,706560,0.0,0.40946807850850747,0.031249999784631655,0.0,0.0,345,8.852459016393441e-05,1000.0,-437.317777360992,2,8.932937760977339e-13,15.527860347926616,7028.074336051941
nan,nan,708608,0.0,0.35927120978012683,0.031249999796273187,0.0,0.0,346,8.790983606557378e-05,1000.0,-483.8205397430846,2,5.168716067366211e-13,20.853542748093606,7029.423696279526
nan,nan,710656,0.0,0.44642979560885576,0.031249999976716937,0.0,0.0,347,8.729508196721312e-05,1000.0,-417.1355527499177,2,1.049694427379501e-10,16.094342121481894,7030.783887147903
-271.3834086497819,79.27328559847925,710656,nan,nan,nan,nan,nan,nan,nan,nan,nan,nan,nan,nan,7033.838793039322
nan,nan,712704,0.0,0.4855392436031252,0.031249999784631655,0.0,0.0,348,8.668032786885243e-05,1000.0,-413.41604113565734,2,7.587664665218718e-09,12.622041925042868,7035.281370162964
nan,nan,714752,0.0,0.42188746192259713,0.031249999901046977,0.0,0.0,349,8.60655737704918e-05,1000.0,-432.43569401753314,2,1.2738569285703726e-10,16.534091244637967,7040.978254079819
nan,nan,716800,0.0,0.23132206170121208,0.031249999901046977,0.0,0.0,350,8.545081967213114e-05,1000.0,-422.8428266588219,2,4.6143309679681e-13,34.3584696739912,7043.007490158081
nan,nan,718848,0.0,0.27771509657613935,0.031249999831197785,0.0,0.0,351,8.483606557377049e-05,1000.0,-398.466966669631,2,4.790650143326559e-13,22.268879792094232,7044.932282209396
nan,nan,720896,0.0,0.2729423855897039,0.031249999755527825,0.0,0.0,352,8.422131147540981e-05,1000.0,-394.75515339342627,2,4.599533998640649e-13,30.59626847207546,7046.977545976639
-323.84209750481193,57.25884369595373,720896,nan,nan,nan,nan,nan,nan,nan,nan,nan,nan,nan,nan,7051.069039106369
nan,nan,722944,0.0,0.4028513720841147,0.031249999889405446,0.0,0.0,353,8.360655737704916e-05,1000.0,-437.36084423949313,2,6.313281414762863e-13,16.4681691005826,7053.03049325943
nan,nan,724992,0.0,0.28480958683649077,0.03124999997089617,0.0,0.0,354,8.299180327868851e-05,1000.0,-370.0772422189465,2,4.736128925429987e-13,26.511942929029466,7054.858380079269
nan,nan,727040,0.0,0.375990822899621,0.031249999749707057,0.0,0.0,355,8.237704918032787e-05,1000.0,-460.004358352426,3,6.098047601443412e-13,20.87186875641346,7056.671369075775
nan,nan,729088,0.0,0.2963841517921537,0.031249999738065526,0.0,0.0,356,8.176229508196722e-05,1000.0,-493.6052345684071,2,4.995219464980086e-13,27.706841012835504,7058.371315956116
nan,nan,731136,0.0,0.34517347868531945,0.031249999796273187,0.0,0.0,357,8.114754098360655e-05,1000.0,-336.7110611627494,2,7.36229564014541e-13,21.349679306149483,7060.132863998413
-311.0772828083763,44.72942618666278,731136,nan,nan,nan,nan,nan,nan,nan,nan,nan,nan,nan,nan,7064.225317239761
nan,nan,733184,0.0,0.4043124846648425,0.031249999825377017,0.0,0.0,358,8.05327868852459e-05,1000.0,-412.16146140426036,2,1.0290500314679075e-11,16.158148083090783,7066.036648988724
nan,nan,735232,0.0,0.3453198319650255,0.03125000002910383,0.0,0.0,359,7.991803278688524e-05,1000.0,-535.3034464557171,2,2.6294936919453754e-11,22.987246990203857,7067.880868196487
nan,nan,737280,0.0,0.34152918939944354,0.03124999994179234,0.0,0.0,360,7.930327868852459e-05,1000.0,-482.293257491247,2,1.7801374369597077e-12,22.116659314930438,7069.672210931778
nan,nan,739328,0.0,0.24550851224921644,0.031249999575084075,0.0,0.0,361,7.868852459016391e-05,1000.0,-437.6518323909356,2,5.544283601659368e-13,33.493731105327605,7071.466952323914
nan,nan,741376,0.0,0.2522668231278658,0.03124999981955625,0.0,0.0,362,7.807377049180326e-05,1000.0,-460.9139760677584,2,1.0456097531421303e-12,31.926260593533517,7073.368342161179
-306.02761641870967,77.13032015876966,741376,nan,nan,nan,nan,nan,nan,nan,nan,nan,nan,nan,nan,7077.6012971401215
nan,nan,743424,0.0,0.2445312158903107,0.031249999965075402,0.0,0.0,363,7.745901639344263e-05,1000.0,-289.3838825111077,2,6.867942127247067e-13,30.807971301674844,7079.547204256058
nan,nan,745472,0.0,0.3813367965514772,0.031249999825377017,0.0,0.0,364,7.684426229508197e-05,1000.0,-416.0065563612377,2,4.976428541518746e-10,20.893292811512946,7081.536889076233
nan,nan,747520,0.0,0.30661045082379135,0.031249999679857865,0.0,0.0,365,7.62295081967213e-05,1000.0,-465.4515870437087,2,5.3840600712864745e-11,23.32002048790455,7083.378087282181
nan,nan,749568,0.0,0.4171203813515604,0.031249999738065526,0.0,0.0,366,7.561475409836064e-05,1000.0,-435.5276155506664,2,2.2331665388191566e-09,17.351038402318956,7085.274228096008
nan,nan,751616,0.0,0.3138220236054622,0.0312499999825377,0.0,0.0,367,7.5e-05,1000.0,-428.6108421451198,2,2.9621992414573336e-11,22.42599450945854,7087.31165599823
-292.242667867371,67.13401627711067,751616,nan,nan,nan,nan,nan,nan,nan,nan,nan,nan,nan,nan,7091.770388126373
nan,nan,753664,0.0,0.41799761400325225,0.03124999981955625,0.0,0.0,368,7.438524590163934e-05,1000.0,-544.378001793968,2,3.650619211985432e-12,16.63798021376133,7093.70138335228
nan,nan,755712,0.0,0.3087601564475335,0.031249999802093954,0.0,0.0,369,7.377049180327869e-05,1000.0,-467.36483140455755,2,9.44662693033759e-13,25.515192699432372,7095.614086151123
nan,nan,757760,0.0,0.36794713615672664,0.03124999986612238,0.0,0.0,370,7.315573770491801e-05,1000.0,-399.12939360089126,2,6.854021960486089e-10,18.29357200562954,7097.645738124847
nan,nan,759808,0.0,0.31104754623956976,0.031249999889405446,0.0,0.0,371,7.254098360655736e-05,1000.0,-392.36377272116636,2,1.5578259556572137e-10,24.456651571393014,7099.619066238403
nan,nan,761856,0.0,0.32516302085714416,0.031250000075669956,0.0,0.0,372,7.192622950819672e-05,1000.0,-501.7389326311926,2,6.065430531048994e-13,27.50600606650114,7101.478698968887
-288.5044454649662,86.95373391326011,761856,nan,nan,nan,nan,nan,nan,nan,nan,nan,nan,nan,nan,7105.772701263428
nan,nan,763904,0.0,0.24291546356398613,0.031249999813735486,0.0,0.0,373,7.131147540983607e-05,1000.0,-467.3711466584068,2,5.623063539927507e-13,29.579906046390533,7107.696024179459
nan,nan,765952,0.0,0.46079278991092,0.031249999639112503,0.0,0.0,374,7.06967213114754e-05,1000.0,-363.2895321936286,2,7.015673636779394e-09,12.252243636548519,7109.63579416275
nan,nan,768000,0.0,0.33440425174776467,0.03125,0.0,0.0,375,7.008196721311474e-05,1000.0,-465.05145091946025,3,1.798883133256918e-10,29.874805030226707,7111.601047039032
nan,nan,770048,0.0,0.23002315999474376,0.03124999962747097,0.0,0.0,376,6.946721311475409e-05,1000.0,-465.8521529625318,2,4.493275766921396e-13,34.89918873906136,7113.478938102722
-319.4045559190835,61.92153842961093,770048,nan,nan,nan,nan,nan,nan,nan,nan,nan,nan,nan,nan,7117.87627696991
nan,nan,772096,0.0,0.27736883007455615,0.031249999650754035,0.0,0.0,377,6.885245901639344e-05,1000.0,-477.3962398044373,2,4.511816767565377e-13,26.331626942753793,7119.820500135422
nan,nan,774144,0.0,0.3842499806312844,0.03124999991268851,0.0,0.0,378,6.823770491803276e-05,1000.0,-436.81208539313064,2,4.69069864025872e-13,19.92296070754528,7121.829472064972
nan,nan,776192,0.0,0.4621000070706941,0.031249999947613107,0.0,0.0,379,6.762295081967211e-05,1000.0,-411.9678920421587,2,2.6441329233711393e-11,12.949663770198821,7123.86098408699
nan,nan,778240,0.0,0.39566193739883604,0.031249999842839316,0.0,0.0,380,6.700819672131147e-05,1000.0,-411.02356358777183,2,3.287191662974646e-12,22.546680721640588,7125.764498233795
nan,nan,780288,0.0,0.2762769495602697,0.031249999679857865,0.0,0.0,381,6.639344262295082e-05,1000.0,-563.2883861472012,2,4.581722983696106e-13,38.55195885300636,7127.721544265747
-333.8850494232388,80.47858767255585,780288,nan,nan,nan,nan,nan,nan,nan,nan,nan,nan,nan,nan,7131.978454113007
nan,nan,782336,0.0,0.3492525962879881,0.031249999883584678,0.0,0.0,382,6.577868852459017e-05,1000.0,-439.7303468187421,2,7.047475192093996e-13,23.045591653883456,7134.047028064728
nan,nan,784384,0.0,0.4055216444772668,0.03124999962747097,0.0,0.0,383,6.51639344262295e-05,1000.0,-435.7494680407605,2,6.92082349698105e-13,19.333022083342076,7136.039005279541
nan,nan,786432,0.0,0.3137730578891933,0.031249999743886293,0.0,0.0,384,6.454918032786884e-05,1000.0,-396.9044776131433,2,5.913834775277626e-13,24.336135056614875,7138.005773067474
nan,nan,788480,0.0,0.36657862227875737,0.031249999959254638,0.0,0.0,385,6.393442622950819e-05,1000.0,-461.43512472009485,2,1.2408855629517128e-11,17.924020501971246,7140.02611207962
nan,nan,790528,0.0,0.23652474229456857,0.03124999980791472,0.0,0.0,386,6.331967213114755e-05,1000.0,-328.75295142835927,2,1.1785252541048128e-12,31.091107311844826,7141.986025094986
-335.9905054020398,52.212911191642526,790528,nan,nan,nan,nan,nan,nan,nan,nan,nan,nan,nan,nan,7146.04208612442
nan,nan,792576,0.0,0.3495205997489393,0.031249999662395566,0.0,0.0,387,6.270491803278686e-05,1000.0,-433.06688127450536,2,5.919397128647549e-11,17.55059618353844,7172.098514318466
nan,nan,794624,0.0,0.36130243794759737,0.03124999997089617,0.0,0.0,388,6.209016393442621e-05,1000.0,-446.7442173360266,2,3.95162516844314e-10,16.915249159932138,7174.158795118332
nan,nan,796672,0.0,0.31876922325463963,0.031249999738065526,0.0,0.0,389,6.147540983606557e-05,1000.0,-508.4403799200264,2,3.5676979543023464e-11,22.903485050797464,7175.666728973389
nan,nan,798720,0.0,0.3580930590513162,0.031249999918509276,0.0,0.0,390,6.086065573770492e-05,1000.0,-445.46831538808357,2,1.5032778122900207e-12,19.220281653106213,7177.057235002518
nan,nan,800768,0.0,0.46030235341750086,0.03124999976134859,0.0,0.0,391,6.024590163934424e-05,1000.0,-363.12115123530407,2,1.2854429374657162e-09,12.224067150056362,7178.4534430503845
-344.4490673362772,68.20268942073376,800768,nan,nan,nan,nan,nan,nan,nan,nan,nan,nan,nan,nan,7181.485342979431
nan,nan,802816,0.0,0.3431802159408107,0.031249999708961695,0.0,0.0,392,5.963114754098359e-05,1000.0,-383.17283864037717,2,1.6290794095466135e-10,22.344458793103694,7186.733978271484
nan,nan,804864,0.0,0.40697716020513325,0.03125000005238689,0.0,0.0,393,5.901639344262294e-05,1000.0,-461.9705797418616,2,2.5522919179021083e-12,15.067702013254166,7189.950814962387
nan,nan,806912,0.0,0.4477220939705148,0.031249999592546374,0.0,0.0,394,5.84016393442623e-05,1000.0,-416.8323095869023,2,1.4013718227092279e-12,13.127425031363964,7192.165142059326
nan,nan,808960,0.0,0.4271327928523533,0.03125000000582077,0.0,0.0,395,5.778688524590165e-05,1000.0,-457.02638894790493,2,9.187630918732668e-12,17.414949299395083,7194.148056030273
nan,nan,811008,0.0,0.2881723369238898,0.03124999989522621,0.0,0.0,396,5.717213114754097e-05,1000.0,-513.297707220019,3,7.279371597417994e-13,29.43944883644581,7196.144951105118
-283.7914170033495,62.7700847525092,811008,nan,nan,nan,nan,nan,nan,nan,nan,nan,nan,nan,nan,7200.267643213272
nan,nan,813056,0.0,0.3887870725709945,0.03124999980791472,0.0,0.0,397,5.655737704918032e-05,1000.0,-423.2222592537032,2,1.3100190345753747e-12,19.553491830825806,7202.15222120285
nan,nan,815104,0.0,0.4366637818515301,0.031249999831197785,0.0,0.0,398,5.594262295081967e-05,1000.0,-472.22250489945213,2,7.922211416202087e-11,15.478745812922716,7204.078794002533
nan,nan,817152,0.0,0.4733396205352619,0.03124999973224476,0.0,0.0,399,5.532786885245902e-05,1000.0,-452.70480791614443,2,4.72198193294172e-10,13.629410556703807,7206.014631986618
nan,nan,819200,0.0,0.23912435935344548,0.03124999980791472,0.0,0.0,400,5.4713114754098344e-05,1000.0,-427.67277631936884,2,5.660832161657098e-11,30.108350214362144,7207.9791560173035
nan,nan,821248,0.0,0.3513153738458641,0.031249999743886293,0.0,0.0,401,5.409836065573769e-05,1000.0,-479.7021781839977,2,4.965209318475344e-13,24.87058433294296,7209.851547241211
-289.9798597624862,90.4281408186181,821248,nan,nan,nan,nan,nan,nan,nan,nan,nan,nan,nan,nan,7213.932761192322
nan,nan,823296,0.0,0.4903611877467483,0.031249999930150808,0.0,0.0,402,5.348360655737705e-05,1000.0,-462.72776290393904,2,2.867984596186593e-09,13.902737325429916,7215.874551057816
nan,nan,825344,0.0,0.45573595674941314,0.031249999889405446,0.0,0.0,403,5.28688524590164e-05,1000.0,-462.83847121976345,2,6.628178412223246e-09,13.524619467556477,7217.891407251358
nan,nan,827392,0.0,0.4163288532523438,0.03125000009313226,0.0,0.0,404,5.225409836065575e-05,1000.0,-435.01449472975344,2,2.5073684228888443e-10,19.850218293070792,7219.879148006439
nan,nan,829440,0.0,0.37500468709040435,0.03124999981955625,0.0,0.0,405,5.163934426229507e-05,1000.0,-437.2171229200591,2,5.01623916185454e-13,24.36959252655506,7221.783564090729
nan,nan,831488,0.0,0.4829483684501611,0.03124999981955625,0.0,0.0,406,5.102459016393442e-05,1000.0,-428.38037929016997,2,5.540193022906094e-13,15.007424916327,7223.709388017654
-289.476342731015,83.12364433023573,831488,nan,nan,nan,nan,nan,nan,nan,nan,nan,nan,nan,nan,7228.041493177414
nan,nan,833536,0.0,0.3172560242004693,0.03124999981955625,0.0,0.0,407,5.040983606557377e-05,1000.0,-394.2131245414365,2,4.679646257054381e-13,24.184434041380882,7229.940624237061
nan,nan,835584,0.0,0.35813125532586126,0.031249999772990124,0.0,0.0,408,4.979508196721312e-05,1000.0,-451.86060474984254,2,4.807812209060759e-13,22.558071425557138,7232.024381160736
nan,nan,837632,0.0,0.3268980648368597,0.031249999860301615,0.0,0.0,409,4.918032786885244e-05,1000.0,-475.982700571224,2,4.850392227517483e-13,26.053765469789504,7234.012021064758
nan,nan,839680,0.0,0.32312377077760174,0.031249999604187905,0.0,0.0,410,4.856557377049179e-05,1000.0,-402.1878918641627,2,4.918132386855055e-13,25.211284646391867,7235.9468722343445
nan,nan,841728,0.0,0.42858708336716517,0.03124999983701855,0.0,0.0,411,4.795081967213115e-05,1000.0,-509.87797763115134,2,1.0086035087022017e-12,17.151207810640337,7237.998517036438
-284.3417919800004,54.94041149395577,841728,nan,nan,nan,nan,nan,nan,nan,nan,nan,nan,nan,nan,7242.33697104454
nan,nan,843776,0.0,0.47016464405460284,0.03125000002328306,0.0,0.0,412,4.7336065573770496e-05,1000.0,-374.9420800760863,2,1.1179099745752886e-12,18.15850533246994,7244.377636194229
nan,nan,845824,0.0,0.3673772905371152,0.031249999714782463,0.0,0.0,413,4.672131147540982e-05,1000.0,-483.3946720846243,2,5.863818849394535e-13,22.178233274817465,7246.409170150757
nan,nan,847872,0.0,0.36164079571608454,0.031249999842839316,0.0,0.0,414,4.610655737704917e-05,1000.0,-425.7106147414972,2,6.011919711650148e-13,23.362808108329773,7248.475278139114
nan,nan,849920,0.0,0.23369179430883377,0.03124999973224476,0.0,0.0,415,4.549180327868852e-05,1000.0,-456.2699393945849,2,4.918849144864472e-13,38.807596892118454,7250.534955024719
nan,nan,851968,0.0,0.3275296230567619,0.031249999714782463,0.0,0.0,416,4.487704918032787e-05,1000.0,-398.9948018061881,2,5.855569653966498e-13,26.04843382537365,7252.485337257385
-307.9257054373391,66.96758954577867,851968,nan,nan,nan,nan,nan,nan,nan,nan,nan,nan,nan,nan,7256.71227312088
nan,nan,854016,0.0,0.25527307295706125,0.031249999662395566,0.0,0.0,417,4.426229508196723e-05,1000.0,-483.4482922294889,3,5.405799751587105e-13,39.38443125486374,7258.622546195984
nan,nan,856064,0.0,0.31826791444327684,0.031249999772990124,0.0,0.0,418,4.364754098360654e-05,1000.0,-494.54834012945776,2,7.892704958669522e-13,24.6235568523407,7260.643974304199
nan,nan,858112,0.0,0.38294740710407493,0.031249999650754035,0.0,0.0,419,4.30327868852459e-05,1000.0,-418.6907570230036,2,2.346038488669711e-10,17.51724490225315,7262.663664102554
nan,nan,860160,0.0,0.34558933682274073,0.031249999749707057,0.0,0.0,420,4.2418032786885246e-05,1000.0,-457.5468099634195,2,6.605600098492201e-11,21.86888780295849,7264.705150127411
-290.08838340946903,72.05765765088822,860160,nan,nan,nan,nan,nan,nan,nan,nan,nan,nan,nan,nan,7269.253128290176
nan,nan,862208,0.0,0.3160423630150035,0.031249999901046977,0.0,0.0,421,4.18032786885246e-05,1000.0,-453.56047583197335,2,8.598854883309339e-13,23.36295532733202,7271.268192052841
nan,nan,864256,0.0,0.4591394624905661,0.03124999987776391,0.0,0.0,422,4.118852459016392e-05,1000.0,-402.0621726435321,2,7.359222553846698e-10,13.94717472717166,7273.19442820549
nan,nan,866304,0.0,0.3459201199933887,0.03125000002910383,0.0,0.0,423,4.057377049180327e-05,1000.0,-372.2600681315282,2,1.8144983448792043e-11,19.0084687769413,7275.241244316101
nan,nan,868352,0.0,0.36298006945289674,0.03124999991268851,0.0,0.0,424,3.995901639344262e-05,1000.0,-431.2397620503556,2,5.260661800416593e-13,18.10979080796242,7277.2673432827
nan,nan,870400,0.0,0.2959081176784821,0.03124999981955625,0.0,0.0,425,3.934426229508198e-05,1000.0,-489.8653850105407,2,5.323561444710929e-13,27.307593068480493,7279.266852140427
-310.03238577303387,102.15457406343619,870400,nan,nan,nan,nan,nan,nan,nan,nan,nan,nan,nan,nan,7283.77645111084
nan,nan,872448,0.0,0.2751941117225215,0.03124999981955625,0.0,0.0,426,3.872950819672129e-05,1000.0,-342.1364582599182,2,4.927736441551895e-13,27.045462706685065,7285.836308956146
nan,nan,874496,0.0,0.3299529235577211,0.031249999714782463,0.0,0.0,427,3.811475409836065e-05,1000.0,-471.033990126082,2,7.53462003363583e-13,24.093338868021966,7287.869038105011
nan,nan,876544,0.0,0.41322525021387263,0.03124999987776391,0.0,0.0,428,3.75e-05,1000.0,-390.2700478354149,2,4.4197557064221894e-11,14.686398102343082,7289.782339096069
nan,nan,878592,0.0,0.3541862051119097,0.031249999691499396,0.0,0.0,429,3.6885245901639346e-05,1000.0,-377.68828471042275,2,5.789033569666437e-12,20.47618251144886,7291.901708126068
nan,nan,880640,0.0,0.319951258553192,0.0312499999825377,0.0,0.0,430,3.62704918032787e-05,1000.0,-381.6149975807818,2,1.5183103573196183e-12,22.081078153848647,7293.955888271332
-312.39984856847764,45.99979427020968,880640,nan,nan,nan,nan,nan,nan,nan,nan,nan,nan,nan,nan,7298.384533166885
nan,nan,882688,0.0,0.32917653378099204,0.03125000006402843,0.0,0.0,431,3.5655737704918016e-05,1000.0,-440.18701507774995,2,9.074463125098141e-13,17.983626888692378,7300.3660571575165
nan,nan,884736,0.0,0.4600649148691446,0.031249999930150808,0.0,0.0,432,3.504098360655737e-05,1000.0,-350.07878892674194,2,7.337932523301905e-11,12.415958265960217,7302.347514152527
nan,nan,886784,0.0,0.3290230922983028,0.03124999979045242,0.0,0.0,433,3.442622950819672e-05,1000.0,-427.1686961997597,2,7.130154291951307e-12,21.683580458164215,7304.271389961243
nan,nan,888832,0.0,0.2825514489319175,0.031249999831197785,0.0,0.0,434,3.3811475409836076e-05,1000.0,-461.9883225566233,2,5.043778517063789e-13,29.006983038783073,7306.196145296097
nan,nan,890880,0.0,0.35726585985394194,0.031249999860301615,0.0,0.0,435,3.319672131147539e-05,1000.0,-431.9137878530739,2,6.838298336468056e-13,15.692626067996025,7308.234578371048
-285.72126576616927,68.67543398340878,890880,nan,nan,nan,nan,nan,nan,nan,nan,nan,nan,nan,nan,7312.798784017563
nan,nan,892928,0.0,0.32313020263100045,0.031249999610008673,0.0,0.0,436,3.258196721311475e-05,1000.0,-416.80066441841484,2,5.81635463398197e-13,26.677305430173874,7314.835409164429
nan,nan,894976,0.0,0.3111746810609475,0.031249999685678632,0.0,0.0,437,3.1967213114754096e-05,1000.0,-404.37498047955205,2,1.2242947674164222e-12,18.684654462337495,7316.851437091827
nan,nan,897024,0.0,0.4099636520957574,0.031250000075669956,0.0,0.0,438,3.135245901639345e-05,1000.0,-471.8887022396994,3,9.778848543736523e-13,23.59005600810051,7318.936882972717
nan,nan,899072,0.0,0.2249727558810264,0.031249999755527825,0.0,0.0,439,3.0737704918032767e-05,1000.0,-514.2054555569392,2,6.784958280605442e-13,26.48904499411583,7320.878429174423
nan,nan,901120,0.0,0.3396469123661518,0.031249999726423994,0.0,0.0,440,3.012295081967212e-05,1000.0,-405.7502499096868,2,1.300559567894412e-12,22.91129932999611,7322.952652215958
-326.18612690149746,67.32033982071594,901120,nan,nan,nan,nan,nan,nan,nan,nan,nan,nan,nan,nan,7327.470513343811
nan,nan,903168,0.0,0.24392544872825966,0.031249999802093954,0.0,0.0,441,2.950819672131147e-05,1000.0,-434.37150721781336,2,5.708818247333002e-13,35.89136663079262,7329.576632261276
nan,nan,905216,0.0,0.41677809399552646,0.03124999956926331,0.0,0.0,442,2.8893442622950823e-05,1000.0,-437.1870654019734,2,1.1848851183002213e-10,18.348155476152897,7331.682650089264
nan,nan,907264,0.0,0.30971326084109024,0.031249999644933267,0.0,0.0,443,2.8278688524590176e-05,1000.0,-473.74421705800944,2,1.0182458234537519e-12,23.807779505848885,7333.583329200745
nan,nan,909312,0.0,0.35561360905412587,0.031249999994179233,0.0,0.0,444,2.7663934426229494e-05,1000.0,-412.4470946550431,2,8.746082457984465e-13,17.02827834635973,7335.618937253952
nan,nan,911360,0.0,0.372933354601264,0.031249999784631655,0.0,0.0,445,2.7049180327868846e-05,1000.0,-400.38184362345487,2,1.4843710609559429e-12,18.143230757117273,7337.641298294067
-346.02246310220096,97.92863900025243,911360,nan,nan,nan,nan,nan,nan,nan,nan,nan,nan,nan,nan,7342.171446084976
nan,nan,913408,0.0,0.4253595774527639,0.031249999685678632,0.0,0.0,446,2.64344262295082e-05,1000.0,-398.5171002373635,2,1.7336068671453817e-11,16.59618024677038,7344.199738264084
nan,nan,915456,0.0,0.2954119846224785,0.03124999986612238,0.0,0.0,447,2.581967213114755e-05,1000.0,-556.9899807434872,2,9.663476172283276e-13,29.549563509225845,7346.190139293671
nan,nan,917504,0.0,0.3068922768579796,0.031249999778810888,0.0,0.0,448,2.520491803278687e-05,1000.0,-439.3260555828883,2,7.988730383558707e-13,26.94712104201317,7348.1430032253265
nan,nan,919552,0.0,0.18702124411938711,0.03124999976134859,0.0,0.0,449,2.459016393442622e-05,1000.0,-358.7853250763628,2,4.824959443248055e-13,45.85147313475609,7350.072674036026
nan,nan,921600,0.0,0.39276180021697654,0.03124999998835847,0.0,0.0,450,2.3975409836065574e-05,1000.0,-448.70565252922404,2,3.613020062210825e-11,18.490050292015077,7352.136654138565
-343.46737281183425,127.91881824345057,921600,nan,nan,nan,nan,nan,nan,nan,nan,nan,nan,nan,nan,7364.737434148788
nan,nan,923648,0.0,0.41144448943668976,0.031249999976716937,0.0,0.0,451,2.3360655737704926e-05,1000.0,-393.4345150524666,2,1.7108510868581434e-11,15.610956709086896,7366.103916168213
nan,nan,925696,0.0,0.3909312777337618,0.031249999778810888,0.0,0.0,452,2.2745901639344244e-05,1000.0,-482.7005313546895,2,1.1264042746567224e-12,17.598452450335024,7367.512519359589
nan,nan,927744,0.0,0.28564232708886267,0.031249999930150808,0.0,0.0,453,2.2131147540983597e-05,1000.0,-413.47241474217924,2,4.923946922872029e-13,29.05220595598221,7368.88006401062
nan,nan,929792,0.0,0.2867001537117176,0.031249999639112503,0.0,0.0,454,2.151639344262295e-05,1000.0,-428.8068709413031,2,5.040612402774643e-13,27.98948019146919,7370.214004993439
nan,nan,931840,0.0,0.2987791215768084,0.031249999772990124,0.0,0.0,455,2.09016393442623e-05,1000.0,-531.4338680684614,2,5.226967147412172e-13,26.015350925922395,7372.28497004509
-289.73462027125953,73.34547027132609,931840,nan,nan,nan,nan,nan,nan,nan,nan,nan,nan,nan,nan,7382.827436208725
nan,nan,933888,0.0,0.4683332207379863,0.03124999995343387,0.0,0.0,456,2.0286885245901653e-05,1000.0,-442.25738710268536,2,1.4654004003337794e-11,16.220609348267317,7385.133745193481
nan,nan,935936,0.0,0.32379541618283836,0.031249999778810888,0.0,0.0,457,1.967213114754097e-05,1000.0,-439.5660453648378,2,7.424051167391737e-13,27.85119926929474,7387.1914229393005
nan,nan,937984,0.0,0.4532296708668582,0.03124999979045242,0.0,0.0,458,1.9057377049180324e-05,1000.0,-482.94330770858437,2,1.8380409004269983e-11,16.595869493484496,7389.155279159546
nan,nan,940032,0.0,0.31992007691878827,0.03124999994179234,0.0,0.0,459,1.8442622950819673e-05,1000.0,-436.96904695981806,3,1.213444368027499e-12,28.21311500966549,7391.137507200241
-288.55209397127106,77.21274106059371,940032,nan,nan,nan,nan,nan,nan,nan,nan,nan,nan,nan,nan,7395.37807226181
nan,nan,942080,0.0,0.19664517808705567,0.031249999871943147,0.0,0.0,460,1.7827868852459025e-05,1000.0,-381.2835591777348,2,4.581752358798717e-13,43.013765305280685,7397.357723236084
nan,nan,944128,0.0,0.2375126611208543,0.031249999871943147,0.0,0.0,461,1.7213114754098343e-05,1000.0,-460.17903009877296,2,4.998317952158724e-13,39.0517603456974,7399.391693115234
nan,nan,946176,0.0,0.2556640469003469,0.031249999796273187,0.0,0.0,462,1.6598360655737696e-05,1000.0,-512.1110696318149,2,5.29180535874344e-13,34.91853784918785,7401.416710138321
nan,nan,948224,0.0,0.41069172982824964,0.031249999842839316,0.0,0.0,463,1.5983606557377048e-05,1000.0,-438.3359364994826,2,5.741764453724306e-12,18.43363003730774,7403.441493034363
nan,nan,950272,0.0,0.36641174522228537,0.031249999772990124,0.0,0.0,464,1.53688524590164e-05,1000.0,-376.62593082818523,2,9.018041902186596e-13,20.22558190077543,7405.3705971241
-294.36311174877017,55.0701088883305,950272,nan,nan,nan,nan,nan,nan,nan,nan,nan,nan,nan,nan,8268.217042922974
nan,nan,952320,0.0,0.45102650427725166,0.031249999656574802,0.0,0.0,465,1.4754098360655752e-05,1000.0,-418.88021376425127,2,4.037364710443692e-11,17.91967753171921,8270.479970216751
nan,nan,954368,0.0,0.39238803832558916,0.03124999954015948,0.0,0.0,466,1.413934426229507e-05,1000.0,-481.5471292734393,2,1.1164824752432369e-12,20.571371722221375,8271.937184095383
nan,nan,956416,0.0,0.2880065706791356,0.031250000069849196,0.0,0.0,467,1.3524590163934423e-05,1000.0,-559.734310396806,2,4.724021623676215e-13,43.41529491245747,8273.505089044571
nan,nan,958464,0.0,0.3837429313105531,0.031249999772990124,0.0,0.0,468,1.2909836065573775e-05,1000.0,-517.113590343343,2,7.392322915773927e-13,18.487480379641056,8274.957651138306
nan,nan,960512,0.0,0.41866795319365335,0.03125000000582077,0.0,0.0,469,1.2295081967213128e-05,1000.0,-451.9037298715037,2,7.379082231420687e-13,22.58595372736454,8276.475692033768
-304.91980527637656,55.089742756690164,960512,nan,nan,nan,nan,nan,nan,nan,nan,nan,nan,nan,nan,8279.667367219925
nan,nan,962560,0.0,0.39144990717759354,0.03124999981955625,0.0,0.0,470,1.1680327868852446e-05,1000.0,-533.1047406824777,2,8.241151590664098e-13,18.236959931254386,8281.141862154007
nan,nan,964608,0.0,0.37108080559410156,0.03124999983701855,0.0,0.0,471,1.1065573770491798e-05,1000.0,-484.6658464612271,2,5.03795650894567e-13,21.540881323814393,8282.545401096344
nan,nan,966656,0.0,0.4338148347218521,0.03125000006402843,0.0,0.0,472,1.045081967213115e-05,1000.0,-425.32282494126986,2,1.1801073814613198e-12,17.53155596405268,8283.904375076294
nan,nan,968704,0.0,0.24949540221132338,0.031249999755527825,0.0,0.0,473,9.836065573770501e-06,1000.0,-435.0670312193448,2,5.299506858432617e-13,36.74059736728668,8285.83006811142
nan,nan,970752,0.0,0.4563626187155023,0.03124999984866008,0.0,0.0,474,9.221311475409821e-06,1000.0,-439.92564016836263,2,2.0750181555679336e-12,13.582948066294193,8288.96270108223
-278.226900610126,72.59533575138998,970752,nan,nan,nan,nan,nan,nan,nan,nan,nan,nan,nan,nan,8293.395688056946
nan,nan,972800,0.0,0.3506466799764894,0.03124999987776391,0.0,0.0,475,8.606557377049172e-06,1000.0,-458.7289974453163,2,5.460232344426405e-13,26.225973683595658,8295.89890408516
nan,nan,974848,0.0,0.47865636748028917,0.031249999825377017,0.0,0.0,476,7.991803278688524e-06,1000.0,-429.5489114942161,2,1.3648997629856169e-12,14.765060514211655,8298.061908960342
nan,nan,976896,0.0,0.29626022359589116,0.031249999860301615,0.0,0.0,477,7.377049180327876e-06,1000.0,-471.39563323205357,2,4.904469977926387e-13,32.34176717698574,8300.061118125916
nan,nan,978944,0.0,0.44269745086785406,0.031249999947613107,0.0,0.0,478,6.7622950819672285e-06,1000.0,-404.71687133028854,2,7.414921522719644e-13,17.66415918022394,8302.053462028503
nan,nan,980992,0.0,0.40453080999432134,0.031249999679857865,0.0,0.0,479,6.147540983606547e-06,1000.0,-410.58192351050343,2,7.177176815680779e-13,18.29507131576538,8304.037120103836
-304.98449362057823,59.897606312979995,980992,nan,nan,nan,nan,nan,nan,nan,nan,nan,nan,nan,nan,8308.301074266434
nan,nan,983040,0.0,0.3448862945660949,0.03125,0.0,0.0,480,5.532786885245899e-06,1000.0,-471.48453419314495,3,4.699043407261229e-13,28.5886164188385,8310.398765087128
nan,nan,985088,0.0,0.2606703250668943,0.03124999998835847,0.0,0.0,481,4.9180327868852505e-06,1000.0,-391.2007898548842,2,4.753749291045795e-13,33.30498692691326,8312.406721115112
nan,nan,987136,0.0,0.41641740263439714,0.031249999871943147,0.0,0.0,482,4.303278688524603e-06,1000.0,-411.85074484670736,2,5.329745397630707e-13,20.746213863790036,8314.451748132706
nan,nan,989184,0.0,0.3227205862523988,0.03124999984866008,0.0,0.0,483,3.6885245901639216e-06,1000.0,-528.3357690632206,2,4.589782400545277e-13,28.07275367975235,8316.410039186478
nan,nan,991232,0.0,0.5142777956207283,0.031249999738065526,0.0,0.0,484,3.0737704918032734e-06,1000.0,-435.3751179985208,2,6.844830843445628e-13,15.31996850669384,8318.359976053238
-251.95276405071658,55.68000343827009,991232,nan,nan,nan,nan,nan,nan,nan,nan,nan,nan,nan,nan,8322.672780036926
nan,nan,993280,0.0,0.2366215845104307,0.031249999633291736,0.0,0.0,485,2.4590163934426253e-06,1000.0,-428.5896581254809,2,4.295450796456098e-13,32.55866659879685,8324.595147132874
nan,nan,995328,0.0,0.28943924405612054,0.031249999959254638,0.0,0.0,486,1.8442622950819775e-06,1000.0,-408.7981682755096,2,4.236510492053704e-13,28.57123945951462,8326.807133197784
nan,nan,997376,0.0,0.4341588436625898,0.03124999984866008,0.0,0.0,487,1.2295081967212961e-06,1000.0,-430.10939700394454,2,4.798476660420069e-13,16.381721049547195,8329.026772022247
nan,nan,999424,0.0,0.35249561758246273,0.031249999965075402,0.0,0.0,488,6.147540983606481e-07,1000.0,-489.5865555139092,2,4.201326624684936e-13,25.825628644227983,8331.34136223793
