eval/mean_return,eval/std_return,step,train/approx_kl,train/clip_fraction,train/entropy,train/iteration,train/lr,train/mean_episode_length,train/mean_reward,train/num_episodes,train/policy_loss,train/value_loss,wall_time
,,32768,0.006165395783318673,0.0730712890625,17.455548295378684,1,0.0003,1000.5,-373.76767107033163,32,-0.007711053312959848,6.135803532600403,32.14197874069214
,,65536,0.007121507588817621,0.091009521484375,17.436226633191108,2,0.0002993852459016393,1001.0,-344.8895702412836,32,-0.010595147123967762,3.852407590299845,66.54973554611206
,,98304,0.008896664543499355,0.1221435546875,17.427614238858222,3,0.00029877049180327867,1001.0,-339.7300794608052,32,-0.012263089985208354,3.26469791457057,104.36753177642822
,,131072,0.009607931166829075,0.13299560546875,17.41300920844078,4,0.000298155737704918,1001.0,-358.47888138064127,32,-0.013102209280623356,3.566443234682083,136.95557641983032
,,163840,0.011353515204609721,0.159954833984375,17.39380788207054,5,0.00029754098360655737,1001.0,-330.0418427846417,32,-0.0135863218238228,3.569201782345772,169.03399872779846
,,196608,0.01191939691452717,0.1671630859375,17.43609935939312,6,0.0002969262295081967,1001.0,-323.2273553632309,32,-0.015114843549235956,3.40609208419919,199.1167914867401
,,229376,0.012578119924728525,0.177398681640625,17.456790095567705,7,0.00029631147540983607,1001.0,-324.9121591629274,32,-0.015745771062211134,3.573853429034352,229.7506332397461
,,262144,0.012108182291558477,0.1701904296875,17.435933485627174,8,0.00029569672131147536,1001.0,-310.4983843938627,32,-0.015800053733255482,4.129689415544272,260.6142518520355
,,294912,0.01379194912406092,0.194354248046875,17.438112366199494,9,0.0002950819672131147,1001.0,-305.5903786314934,32,-0.01586574240718619,3.493871360644698,290.2572021484375
,,327680,0.013576680522601237,0.192742919921875,17.452363017201424,10,0.00029446721311475406,1001.0,-320.49429405700516,32,-0.01646331864903914,3.4290167190134526,321.7134654521942
,,360448,0.015210873442265438,0.211004638671875,17.4368266671896,11,0.0002938524590163934,1001.0,-285.51796062584094,32,-0.01735712110166787,3.3813006300479174,351.9011573791504
,,393216,0.013213972251105589,0.187542724609375,17.442695844173432,12,0.00029323770491803276,1001.0,-276.5926499683544,32,-0.016314835214143387,3.6831917744129896,382.27115631103516
,,425984,0.014095770038329647,0.197637939453125,17.455626007914542,13,0.0002926229508196721,1001.0,-283.6678836049831,32,-0.017320171187020606,3.886801156401634,410.57203435897827
,,458752,0.015261753353843232,0.212347412109375,17.39202715754509,14,0.00029200819672131145,1001.0,-308.43918911369576,32,-0.01827522606472485,3.640475196391344,437.357976436615
,,491520,0.014051373123947997,0.196295166015625,17.43783081173897,15,0.0002913934426229508,1001.0,-289.39112327672206,32,-0.018294464942300692,3.8471246868371964,463.5905559062958
,,524288,0.015682554509476178,0.218817138671875,17.43750298023224,16,0.00029077868852459015,1001.0,-281.4234368377802,32,-0.018779703941982008,3.291250582039356,490.38653326034546
,,557056,0.016756508379330626,0.23363037109375,17.446233496069908,17,0.00029016393442622945,1001.0,-288.846316218286,32,-0.019679002762859454,3.244758107885718,516.8397853374481
,,589824,0.015373381594690727,0.215264892578125,17.461503610014915,18,0.00028954918032786885,1001.0,-279.19130277929224,32,-0.019553943554637954,3.1884288476780056,543.7764599323273
,,622592,0.014495180523226736,0.20325927734375,17.450341045856476,19,0.0002889344262295082,1001.0,-281.8195203390993,32,-0.018453220919764136,3.5011116802692412,569.6235644817352
,,655360,0.016230138148603145,0.225732421875,17.452534088492392,20,0.00028831967213114755,1001.0,-266.469386035694,32,-0.019658657227410004,3.1777005113661287,595.7330574989319
,,688128,0.01711350603873143,0.23240966796875,17.455995398759843,21,0.00028770491803278684,1001.0,-266.19851894515784,32,-0.019210315962118328,3.492859649658203,622.3277056217194
,,720896,0.016632716073581834,0.231805419921875,17.45046699941158,22,0.0002870901639344262,1001.0,-267.42138571395407,48,-0.019526153006154345,3.516731799766421,652.5160386562347
,,753664,0.017562114545944495,0.239794921875,17.41539861559868,23,0.00028647540983606554,1001.0,-280.1095764301725,32,-0.019788731304288376,2.996913744136691,679.2932245731354
,,786432,0.017315001269525964,0.238665771484375,17.444224789738655,24,0.0002858606557377049,1001.0,-279.0215468187454,32,-0.01927718591396115,2.9800814474001527,707.7619500160217
,,819200,0.016338554133835715,0.226947021484375,17.457096672058107,25,0.00028524590163934424,1001.0,-255.34068356656877,32,-0.01914248928660527,3.124827266857028,733.7551076412201
,,851968,0.016738446818999365,0.226751708984375,17.43352270424366,26,0.0002846311475409836,1001.0,-272.9862334693695,32,-0.01935325114609441,3.2426328264176845,760.3833115100861
-200.10251924806477,20.63494565075071,851968,nan,nan,nan,nan,nan,nan,nan,nan,nan,nan,801.9395084381104
nan,nan,884736,0.018432970935828054,0.2458740234375,17.455448454618455,27,0.00028401639344262294,1001.0,-274.39921025860986,32,-0.02075403307826491,2.8174053652212026,828.8084502220154
nan,nan,917504,0.017888175619373215,0.24300537109375,17.462805896997452,28,0.0002834016393442623,1001.0,-273.2924160275817,32,-0.019323461241583573,2.9321210481226445,855.3378140926361
nan,nan,950272,0.016994357861403842,0.228619384765625,17.422087541222574,29,0.00028278688524590163,1001.0,-259.91499102646117,32,-0.019454088449128902,3.3122678071260454,881.47523021698
-199.75107449538882,16.60914311517095,950272,nan,nan,nan,nan,nan,nan,nan,nan,nan,nan,923.1152973175049
nan,nan,983040,0.01716465727549803,0.232037353515625,17.47224679887295,30,0.00028217213114754093,1001.0,-259.4053843204904,32,-0.020128649101388875,2.9381735015660526,949.0397839546204
nan,nan,1015808,0.017222838303496246,0.23380126953125,17.435693866014482,31,0.0002815573770491803,1001.0,-261.1945801561942,32,-0.019254600819112965,2.973562822677195,976.2284655570984
nan,nan,1048576,0.017805184052485858,0.23656005859375,17.451186004281045,32,0.0002809426229508196,1001.0,-262.38565117974485,32,-0.019996019066820737,3.0239669354632497,1003.4126296043396
nan,nan,1081344,0.017414397249376636,0.235699462890625,17.393156665563584,33,0.00028032786885245903,1001.0,-266.5417948073764,32,-0.020058341817639304,2.969469371624291,1030.6034371852875
nan,nan,1114112,0.017126750739043926,0.23348388671875,17.454333326220514,34,0.0002797131147540983,1001.0,-264.0113225346025,32,-0.02072015264129732,3.2727128941565753,1056.8185172080994
nan,nan,1146880,0.01646299530802935,0.219061279296875,17.44694710969925,35,0.00027909836065573767,1001.0,-259.8333819257258,32,-0.01922922580706654,3.94709301404655,1083.44695687294
nan,nan,1179648,0.018262644494097913,0.235870361328125,17.44832009077072,36,0.000278483606557377,1001.0,-248.93586039599234,32,-0.02012970042633242,3.917073204740882,1110.0241885185242
nan,nan,1212416,0.019707429425761803,0.25550537109375,17.474871659278868,37,0.00027786885245901637,1001.0,-246.73267102577978,32,-0.020051340964710108,3.3416251150891183,1135.8361916542053
nan,nan,1245184,0.02058338803726656,0.267352294921875,17.405416238307954,38,0.0002772540983606557,1001.0,-249.25873289802593,32,-0.019351519017800457,3.1598700366914274,1161.6285526752472
nan,nan,1277952,0.021659584906228702,0.268017578125,17.44095123708248,39,0.00027663934426229507,1001.0,-249.11750495502,32,-0.01958614538962138,3.5927412804216146,1187.8782024383545
nan,nan,1310720,0.02070681697514374,0.262353515625,17.432749962806703,40,0.0002760245901639344,1001.0,-253.0462615107714,32,-0.018410523875354558,3.405059153214097,1213.7885370254517
nan,nan,1343488,0.022269562533256248,0.28206787109375,17.434744656085968,41,0.00027540983606557377,1001.0,-253.00172662037969,32,-0.020327413562336007,2.5209609657526015,1240.1076827049255
nan,nan,1376256,0.019527537134854354,0.252020263671875,17.41489726305008,42,0.0002747950819672131,1001.0,-254.84118528023268,32,-0.019876924834534293,2.9357981707900764,1266.6270356178284
nan,nan,1409024,0.019292056095582665,0.25029296875,17.414372432231904,43,0.0002741803278688524,1001.0,-246.69341984488403,32,-0.01998335736716399,3.1588089153170587,1292.7467560768127
nan,nan,1441792,0.018712787880940596,0.242413330078125,17.466548562049866,44,0.00027356557377049176,1001.0,-251.43446975907614,48,-0.019706529764516745,3.2673187758773565,1324.4130136966705
nan,nan,1474560,0.019465349089659866,0.250018310546875,17.42681728005409,45,0.0002729508196721311,1001.0,-241.8940432554341,32,-0.021124279632931574,3.596354005858302,8068.544620990753
nan,nan,1507328,0.02070923411847616,0.26441650390625,17.43850048780441,46,0.00027233606557377046,1001.0,-254.74997546273718,32,-0.019522193130251254,2.962725246138871,8106.901870012283
nan,nan,1540096,0.020301217833548435,0.263079833984375,17.44900345504284,47,0.0002717213114754098,1001.0,-254.61040372207282,32,-0.019925723126652882,2.673338491655886,8134.137788772583
nan,nan,1572864,0.019028488313415436,0.246234130859375,17.4369717001915,48,0.00027110655737704915,1001.0,-248.2927298630378,32,-0.02046076872939011,3.1417429206892846,8161.031879425049
nan,nan,1605632,0.019826408372682635,0.25341796875,17.44469369649887,49,0.0002704918032786885,1001.0,-249.77376743623847,32,-0.020327741705841618,2.9162244329229,8188.09666800499
nan,nan,1638400,0.16366410530499706,0.2739990234375,17.60578457713127,50,0.00026987704918032785,1001.0,-253.84457429242906,32,0.0019146932078001554,2.988030910305679,8215.495248794556
nan,nan,1671168,0.023762174035073257,0.27939453125,17.43435686826706,51,0.00026926229508196715,1001.0,-257.6741035811748,32,-0.019349845738179283,2.91861412320286,8244.899587392807
nan,nan,1703936,0.020730345312767896,0.262225341796875,17.41437019407749,52,0.00026864754098360655,1001.0,-245.6328812570715,32,-0.020446109039039585,3.0903113586828113,8272.184578418732
nan,nan,1736704,0.019603150656257638,0.24947509765625,17.463511511683464,53,0.0002680327868852459,1001.0,-238.15311564711016,32,-0.01998040378166479,3.0560855019837616,8298.946031332016
nan,nan,1769472,0.021810350930172716,0.27115478515625,17.4368606954813,54,0.00026741803278688525,1001.0,-236.444653921951,32,-0.020308793706499274,2.875044745951891,8325.604853391647
nan,nan,1802240,0.023372021496106753,0.284613037109375,17.44678553342819,55,0.0002668032786885246,1001.0,-241.54996822630855,32,-0.01951749740037485,2.5833693843334915,8351.963172674179
nan,nan,1835008,0.021882824200656615,0.270135498046875,17.43955616950989,56,0.0002661885245901639,1001.0,-246.02595187829237,32,-0.01945643081489834,2.721023822762072,8377.934120178223
nan,nan,1867776,0.019460098490526434,0.244744873046875,17.44525772333145,57,0.00026557377049180324,1001.0,-237.49322569388826,32,-0.020810267850902165,3.0198383517563343,8404.672850847244
nan,nan,1900544,0.020785738228369155,0.258184814453125,17.42862470149994,58,0.0002649590163934426,1001.0,-235.21549401880702,32,-0.02040663109291927,3.015408198535442,8430.703118562698
-203.7725078932337,12.431370904817232,1900544,nan,nan,nan,nan,nan,nan,nan,nan,nan,nan,8473.957245826721
nan,nan,1933312,0.020897156342471135,0.25574951171875,17.46398034095764,59,0.00026434426229508194,1001.0,-235.88402000802648,32,-0.021558614364039386,3.095837171562016,8500.334025621414
nan,nan,1966080,0.020801050421141554,0.254351806640625,17.453484892845154,60,0.0002637295081967213,1001.0,-238.59883366206532,32,-0.020242646196857096,3.040952700190246,8527.072670459747
nan,nan,1998848,0.021647567883701414,0.270404052734375,17.4111809194088,61,0.00026311475409836063,1001.0,-236.3756914731163,32,-0.02068680995471368,2.803057066164911,8553.712570428848
nan,nan,2031616,0.020239387104447816,0.255072021484375,17.4560958057642,62,0.0002625,1001.0,-235.66757123975407,32,-0.020509179922373732,3.1794419340789317,8580.496452331543
nan,nan,2064384,0.021607815019888222,0.268280029296875,17.44632276892662,63,0.00026188524590163933,1001.0,-242.66090937564474,32,-0.019952591221226612,3.131017112545669,8607.243048667908
nan,nan,2097152,0.021910228277920395,0.272149658203125,17.427268239855767,64,0.0002612704918032787,1001.0,-242.2820303836871,32,-0.019726211087981938,2.7152791442349553,8633.439986467361
nan,nan,2129920,0.023964092011738103,0.297015380859375,17.455697494745255,65,0.000260655737704918,1001.0,-238.9349022200972,32,-0.018564800761669175,2.6643939619883894,8660.101053237915
nan,nan,2162688,0.021195722153788666,0.25894775390625,17.450011360645295,66,0.0002600409836065573,1001.0,-243.86687548996838,48,-0.019781406016409164,3.539788111485541,8686.73763346672
nan,nan,2195456,0.022443395640220843,0.270953369140625,17.42405285835266,67,0.00025942622950819673,1001.0,-238.48498504663502,32,-0.01976458200297202,3.4997145483270287,8713.490325689316
nan,nan,2228224,0.024467941837065153,0.2930419921875,17.464181131124498,68,0.000258811475409836,1001.0,-248.96805662709738,32,-0.019608436220732984,2.563030138798058,8739.887271165848
nan,nan,2260992,0.020747731640585697,0.250714111328125,17.43715519607067,69,0.00025819672131147537,1001.0,-246.75930340937052,32,-0.019716028991388156,2.661876413039863,8766.831424236298
nan,nan,2293760,0.0194345921256172,0.24127197265625,17.445635989308357,70,0.0002575819672131147,1001.0,-241.8019918595936,32,-0.021429266136328805,3.426709910482168,8793.556759357452
nan,nan,2326528,0.02273977061813639,0.271331787109375,17.4620031028986,71,0.00025696721311475407,1001.0,-235.22367223074633,32,-0.020547467952565058,3.0917298143729566,8820.880154848099
nan,nan,2359296,0.022541791080584517,0.267498779296875,17.466156941652297,72,0.0002563524590163934,1001.0,-232.51117534174642,32,-0.020578684016800252,3.183440485969186,8847.766294956207
nan,nan,2392064,0.02382042765748338,0.28778076171875,17.432154375314713,73,0.00025573770491803277,1001.0,-223.3612484218745,32,-0.01946944249793887,2.803342131152749,8874.466866016388
nan,nan,2424832,0.022475217588362285,0.27369384765625,17.405102637410163,74,0.0002551229508196721,1001.0,-234.17568254191002,32,-0.019796883712115233,2.478869428485632,8901.280329942703
nan,nan,2457600,0.02294815960485721,0.283673095703125,17.425378608703614,75,0.00025450819672131146,1001.0,-234.21415038433062,32,-0.01894084301093244,2.245047635119408,8927.719163417816
nan,nan,2490368,0.021654592498089188,0.25692138671875,17.437037110328674,76,0.0002538934426229508,1001.0,-226.5518142950817,32,-0.020422516759572316,3.703615587390959,8954.680395126343
nan,nan,2523136,0.021947741879193926,0.2619384765625,17.421022295951843,77,0.0002532786885245901,1001.0,-228.41940158441417,32,-0.01917595929626259,3.0824583237990737,8981.076719999313
nan,nan,2555904,0.02281244715923094,0.27254638671875,17.426520147919653,78,0.00025266393442622946,1001.0,-225.91865861813358,32,-0.019977786513481987,3.554350634664297,9007.371709823608
nan,nan,2588672,0.022624549064130407,0.2629150390625,17.465623211860656,79,0.0002520491803278688,1001.0,-226.6158038362003,32,-0.020729442860829294,3.3969754807651045,9033.86255121231
nan,nan,2621440,0.02435402350311051,0.286956787109375,17.43197104036808,80,0.00025143442622950816,1001.0,-224.55393509102402,32,-0.019571564598300027,3.251488377712667,9060.422995328903
nan,nan,2654208,0.02459802373741695,0.290081787109375,17.449444013834,81,0.00025081967213114756,1001.0,-216.55907556975163,32,-0.020913440667209217,2.88720345441252,9087.17064666748
nan,nan,2686976,0.02322309043702262,0.271258544921875,17.436810046434402,82,0.0002502049180327869,1001.0,-225.48134643148418,32,-0.02083313045077375,3.45962250046432,9113.554178714752
nan,nan,2719744,0.1892285899251874,0.29625244140625,17.61274458169937,83,0.0002495901639344262,1001.0,-222.77511103675616,32,-0.01301885082575609,3.55308142490685,9140.63869047165
nan,nan,2752512,0.024180054937824026,0.29052734375,17.4243283867836,84,0.00024897540983606555,1001.0,-224.75474361266092,32,-0.021857899373571854,3.0126279916614296,9166.599617958069
nan,nan,2785280,0.024817798436924932,0.292242431640625,17.465322008728982,85,0.0002483606557377049,1001.0,-218.50187351892038,32,-0.01985633823715034,3.000318839214742,9193.383358716965
nan,nan,2818048,0.024699514504391118,0.28729248046875,17.4628758341074,86,0.00024774590163934425,1001.0,-213.0666587363737,32,-0.020444087781652343,2.4829163366928695,9219.698261976242
nan,nan,2850816,0.02409466690842237,0.286248779296875,17.45276383161545,87,0.0002471311475409836,1001.0,-212.21619384505672,32,-0.022371803222267773,2.855805458314717,9245.406217575073
-198.06563043598197,6.815803781520532,2850816,nan,nan,nan,nan,nan,nan,nan,nan,nan,nan,9289.179498672485
nan,nan,2883584,0.021497548688785173,0.259832763671875,17.44047114253044,88,0.00024651639344262295,1001.0,-222.76540411414294,48,-0.021763510880919056,3.388534107245505,9316.401737213135
nan,nan,2916352,0.022740245816021343,0.268609619140625,17.439476495981218,89,0.0002459016393442623,1001.0,-214.63946325854835,32,-0.021487743245234014,3.509030725993216,9343.02261376381
nan,nan,2949120,0.025812304128703546,0.301025390625,17.461183822155,90,0.00024528688524590164,1001.0,-211.38529713022035,32,-0.019740624150290386,2.7905335035175085,9369.783816814423
nan,nan,2981888,0.02515166639641393,0.293487548828125,17.442877620458603,91,0.00024467213114754094,1001.0,-216.13096317408088,32,-0.01916449071286479,2.752388547919691,9395.930028915405
nan,nan,3014656,0.02575819599915121,0.289044189453125,17.442553785443305,92,0.00024405737704918031,1001.0,-222.02802205603018,32,-0.019714585210749647,2.507138787582517,9422.024015665054
nan,nan,3047424,0.022899635403155115,0.27076416015625,17.460058903694154,93,0.00024344262295081966,1001.0,-212.0500186654677,32,-0.02164970305020688,3.0100970970466734,9448.217072963715
nan,nan,3080192,0.02476030680227268,0.289105224609375,17.429422131180765,94,0.000242827868852459,1001.0,-209.95376088750552,32,-0.020987719308322994,2.510123114287853,9474.861056804657
nan,nan,3112960,0.026565866338933118,0.297857666015625,17.468470886349678,95,0.00024221311475409833,1001.0,-208.78641295620776,32,-0.019527344175003236,2.5145790081471207,9502.124915122986
nan,nan,3145728,0.0237824603660556,0.276104736328125,17.470730072259904,96,0.00024159836065573768,1001.0,-207.5267271756401,32,-0.019250344167812728,2.537126633152366,9528.670864105225
nan,nan,3178496,0.024680620446815738,0.29344482421875,17.431485578417778,97,0.00024098360655737703,1001.0,-204.39961736745659,32,-0.021269069620757364,2.367727389931679,9555.2594769001
nan,nan,3211264,0.022625013000288165,0.269110107421875,17.426729735732078,98,0.00024036885245901638,1001.0,-215.04750872595088,32,-0.020695453586813527,2.3149029448628426,9581.74446105957
nan,nan,3244032,0.022682038724815355,0.2684814453125,17.449325597286226,99,0.00023975409836065573,1001.0,-204.46167083168166,32,-0.022510853789572138,3.0961907187476756,9607.864147901535
nan,nan,3276800,0.023045055792681523,0.280975341796875,17.42705892622471,100,0.00023913934426229505,1001.0,-196.7379030860746,32,-0.021287783987645525,2.406242012511939,9633.830299377441
nan,nan,3309568,0.02429363149603887,0.286627197265625,17.45176798403263,101,0.0002385245901639344,1001.0,-204.0458006837083,32,-0.020831264314620058,2.3560260416939856,9659.998658895493
nan,nan,3342336,0.024307181039694113,0.2760498046875,17.44255987405777,102,0.00023790983606557375,1001.0,-196.43666493122169,32,-0.02165199649025453,2.5749324498698116,9686.456247329712
nan,nan,3375104,0.02461616725922795,0.287030029296875,17.44573134481907,103,0.00023729508196721307,1001.0,-198.6542029199237,32,-0.020949003038549564,2.440102466195822,9712.524730682373
nan,nan,3407872,0.026803364569423137,0.30126953125,17.446368241310118,104,0.00023668032786885242,1001.0,-196.52724281117116,32,-0.01995197933683812,2.512170589528978,9739.126341819763
nan,nan,3440640,0.025138170324862586,0.29013671875,17.451085665822028,105,0.00023606557377049177,1001.0,-185.01547327386743,32,-0.020180938628618604,2.1838584626093507,9765.590373754501
nan,nan,3473408,0.024676623912819197,0.292279052734375,17.458853301405906,106,0.00023545081967213112,1001.0,-190.47178282523322,32,-0.02026295027390006,2.2111126288771628,9791.99064707756
nan,nan,3506176,0.024980056802451144,0.287042236328125,17.41878486573696,107,0.0002348360655737705,1001.0,-189.28540312584533,32,-0.020995838775706942,2.173813729546964,9818.13151216507
nan,nan,3538944,0.02352774258288264,0.279351806640625,17.410608929395675,108,0.00023422131147540984,1001.0,-192.30839560517654,32,-0.02048530663960264,1.9944934220984578,9844.81851530075
nan,nan,3571712,0.023780777660795137,0.279949951171875,17.42498090863228,109,0.00023360655737704916,1001.0,-188.81770976164788,48,-0.019993403148691868,2.378835272695869,9871.503390550613
nan,nan,3604480,0.02492553638658137,0.2861328125,17.44753601849079,110,0.0002329918032786885,1001.0,-185.07637079368868,32,-0.021606770959624554,2.8084324672818184,9898.386262655258
nan,nan,3637248,0.02540937092162494,0.29808349609375,17.461701583862304,111,0.00023237704918032786,1001.0,-195.52049005070694,32,-0.018919556085165823,2.169731886126101,9925.175936937332
nan,nan,3670016,0.024500097531927167,0.286358642578125,17.43947167992592,112,0.00023176229508196718,1001.0,-194.2472936679533,32,-0.020419995595148066,2.156149839237332,9951.827167510986
nan,nan,3702784,0.025307733434237888,0.29088134765625,17.4688170671463,113,0.00023114754098360653,1001.0,-189.40045224524914,32,-0.022400304672919445,2.6320424947887657,9978.540766954422
nan,nan,3735552,0.024668988214762065,0.286083984375,17.43900879919529,114,0.00023053278688524588,1001.0,-188.70120891042737,32,-0.02151085058285389,2.0563308496028183,10004.715839385986
nan,nan,3768320,0.02646585517504718,0.2970703125,17.47300109565258,115,0.00022991803278688523,1001.0,-193.04877729620978,32,-0.02078379539307207,1.9473215698264539,10030.929469347
nan,nan,3801088,0.024830442103484528,0.290069580078125,17.39387803375721,116,0.00022930327868852458,1001.0,-197.56135212511612,32,-0.020208069885120493,1.9713412288576364,10057.287076234818
-191.6206694836223,15.24245262689233,3801088,nan,nan,nan,nan,nan,nan,nan,nan,nan,nan,10100.336917161942
nan,nan,3833856,0.024692109279203577,0.284210205078125,17.458224219083785,117,0.00022868852459016393,1001.0,-189.27854447162457,32,-0.020265782575734193,2.1155014213174583,10126.564428567886
nan,nan,3866624,0.024264248498366215,0.287469482421875,17.4435015976429,118,0.00022807377049180325,1001.0,-180.97574815589965,32,-0.021284340324928052,2.051492219697684,10153.37319779396
nan,nan,3899392,0.02338407615534379,0.279669189453125,17.434187293052673,119,0.0002274590163934426,1001.0,-177.11573139819444,32,-0.022029188589658587,2.2083251321688295,10180.266022205353
nan,nan,3932160,0.024542322320849054,0.287359619140625,17.456044459342955,120,0.00022684426229508195,1001.0,-188.4983357963372,32,-0.022470622929540697,2.4859343495219948,10207.074299573898
nan,nan,3964928,0.024328497739406884,0.287213134765625,17.464907437562943,121,0.00022622950819672127,1001.0,-178.5838806652094,32,-0.021525864316208752,2.3090738251805307,10233.796857833862
nan,nan,3997696,0.024907960414202533,0.293328857421875,17.432848316431045,122,0.00022561475409836062,1001.0,-184.1712987676974,32,-0.02191601050508325,1.864910015836358,10259.781061649323
nan,nan,4030464,0.023633942284868682,0.27701416015625,17.433251917362213,123,0.000225,1001.0,-181.1917828104111,32,-0.023091695479524787,2.2975648559629915,10285.68730378151
nan,nan,4063232,0.024967470187766592,0.298419189453125,17.479438677430153,124,0.00022438524590163934,1001.0,-182.02129617408343,32,-0.022023768715007462,1.8439543715678155,10312.358280420303
nan,nan,4096000,0.025846370333601952,0.306256103515625,17.462318742275237,125,0.0002237704918032787,1001.0,-183.16250001422026,32,-0.021280243691580835,1.7974797150120139,10339.220203638077
nan,nan,4128768,0.025052002431766595,0.2896484375,17.432441911101343,126,0.00022315573770491804,1001.0,-174.86947276663457,32,-0.02205858962770435,1.9715477300807833,10365.987699747086
nan,nan,4161536,0.02316945512975508,0.2777587890625,17.422700127959253,127,0.00022254098360655736,1001.0,-183.61690659102987,32,-0.022451818581612316,2.3301040695980193,10392.534467458725
nan,nan,4194304,0.023961853746368434,0.288543701171875,17.419613137841225,128,0.0002219262295081967,1001.0,-174.48343660660385,32,-0.02203316233935766,2.1318289447575807,10418.537159442902
nan,nan,4227072,0.023363547816188657,0.277056884765625,17.464012765884398,129,0.00022131147540983603,1001.0,-176.97990283118372,32,-0.02111589675623691,2.129732204042375,10444.255705833435
nan,nan,4259840,0.02416021305725735,0.28797607421875,17.4801726013422,130,0.00022069672131147538,1001.0,-190.74801716915346,32,-0.02100183394868509,2.0113060919567944,10470.37931895256
nan,nan,4292608,0.02345437652511464,0.27861328125,17.427442547678947,131,0.00022008196721311473,1001.0,-185.73511058252254,48,-0.022878600400144933,2.7890279583632944,10496.859325170517
nan,nan,4325376,0.02511712362538674,0.290643310546875,17.420113453269003,132,0.00021946721311475408,1001.0,-180.2499173270012,32,-0.022449209033220542,2.4111425545066596,10523.608969688416
nan,nan,4358144,0.02552951413053961,0.29599609375,17.449604111909867,133,0.00021885245901639343,1001.0,-172.62655954833173,32,-0.02244796312515973,2.34185139965266,10550.332008600235
nan,nan,4390912,0.02503870868094964,0.291943359375,17.44414620399475,134,0.00021823770491803278,1001.0,-173.70422613184655,32,-0.022159843295958125,2.2094524521380663,10577.759531021118
nan,nan,4423680,0.02467788250542071,0.283758544921875,17.44323326051235,135,0.0002176229508196721,1001.0,-179.92927545929018,32,-0.02070701157790609,1.9632226179353893,10604.351456165314
nan,nan,4456448,0.022961225148537778,0.278582763671875,17.46817110478878,136,0.00021700819672131145,1001.0,-178.58577793895228,32,-0.021244854270480572,2.1992325434461235,10630.263237476349
nan,nan,4489216,0.024044698313809933,0.282666015625,17.43229705095291,137,0.0002163934426229508,1001.0,-184.11174450304458,32,-0.022221376180823427,2.1621036964468656,10656.421269416809
nan,nan,4521984,0.024032793189689983,0.281585693359375,17.46866698563099,138,0.00021577868852459012,1001.0,-179.11355535686454,32,-0.02196351580132614,2.1841681603342296,10682.818964481354
nan,nan,4554752,0.024113202049557005,0.280499267578125,17.470425340533257,139,0.00021516393442622947,1001.0,-185.43967061732553,32,-0.021603151883755344,2.2420657854527235,10709.638509988785
nan,nan,4587520,0.024453173025904107,0.279901123046875,17.43149790763855,140,0.00021454918032786884,1001.0,-188.93119009194385,32,-0.022259520613442874,2.0866053508594633,10736.33617591858
nan,nan,4620288,0.024019378756565856,0.279998779296875,17.439823204278945,141,0.0002139344262295082,1001.0,-182.66825896578735,32,-0.0217881228949409,2.316017815284431,10763.647695541382
nan,nan,4653056,0.024002053510048426,0.278460693359375,17.473040068149565,142,0.00021331967213114754,1001.0,-183.9492190002485,32,-0.02154118877951987,2.229209223203361,10789.943648815155
nan,nan,4685824,0.025172654062407672,0.287237548828125,17.441747680306435,143,0.0002127049180327869,1001.0,-179.21301532884735,32,-0.02134779650150449,2.3990735612809657,10815.89118552208
nan,nan,4718592,0.02415272824218846,0.278143310546875,17.47665572464466,144,0.0002120901639344262,1001.0,-190.68368530020257,32,-0.020073047983896686,2.3870334893465044,10842.032217025757
nan,nan,4751360,0.024019533335740563,0.282000732421875,17.449554592370987,145,0.00021147540983606556,1001.0,-185.6094595762109,32,-0.021100576731259934,2.2874403385445476,10867.709255218506
-173.35845059913248,5.229688840692836,4751360,nan,nan,nan,nan,nan,nan,nan,nan,nan,nan,10912.011020898819
nan,nan,4784128,0.024849340077344094,0.291796875,17.463362085819245,146,0.00021086065573770488,1001.0,-184.2523957362653,32,-0.021130286045809042,1.970399178750813,10939.626348257065
nan,nan,4816896,0.023850422731993604,0.28602294921875,17.422905108332635,147,0.00021024590163934423,1001.0,-189.9955233593396,32,-0.021443734849890463,2.0846651174128055,10966.615843772888
nan,nan,4849664,0.022998625846594224,0.266668701171875,17.426035243272782,148,0.00020963114754098358,1001.0,-188.27128699021577,32,-0.022582098924613093,2.4118051739409565,10993.130064725876
nan,nan,4882432,0.02347845130934729,0.27286376953125,17.45235545039177,149,0.00020901639344262293,1001.0,-183.8937136602318,32,-0.02142651441608905,2.4627416932955386,11019.26111984253
nan,nan,4915200,0.02327935058674484,0.26605224609375,17.438010439276695,150,0.00020840163934426228,1001.0,-185.3418558827809,32,-0.021019726777012693,2.3539259107783437,11045.520766973495
nan,nan,4947968,0.02389377060899278,0.275994873046875,17.446727177500726,151,0.00020778688524590163,1001.0,-189.37653180246423,32,-0.02030749207988265,2.5545184982940556,11072.044600725174
nan,nan,4980736,0.025332180938494275,0.2822021484375,17.414690166711807,152,0.00020717213114754098,1001.0,-184.5266689699706,32,-0.022164851462002845,2.56245769970119,11097.973293542862
nan,nan,5013504,0.02397109611010819,0.27520751953125,17.449681788682938,153,0.0002065573770491803,1001.0,-188.9904311526764,48,-0.021406868550548096,2.5985292243771254,11124.4838681221
nan,nan,5046272,0.022531855512352195,0.260955810546875,17.439970651268958,154,0.00020594262295081965,1001.0,-188.8386838588407,32,-0.02258407461486058,2.7979368317872284,11150.730527877808
nan,nan,5079040,0.023767616758777876,0.27977294921875,17.446579021215438,155,0.00020532786885245897,1001.0,-188.2150356272919,32,-0.021682090983813396,2.259286385588348,11176.645982980728
nan,nan,5111808,0.02249415675905766,0.263287353515625,17.410674303770065,156,0.00020471311475409832,1001.0,-194.0920418484059,32,-0.021945891149516682,2.754783513583243,11202.755908966064
nan,nan,5144576,0.02286812620186538,0.269586181640625,17.39274932742119,157,0.0002040983606557377,1001.0,-192.09420012465614,32,-0.019977870280854404,2.670241511706263,11229.107008695602
nan,nan,5177344,0.022670989478865523,0.261749267578125,17.456870764493942,158,0.00020348360655737704,1001.0,-185.15222105462246,32,-0.022853908857723582,3.306769194640219,11256.000569105148
nan,nan,5210112,0.024720645791239802,0.28681640625,17.426899129152297,159,0.0002028688524590164,1001.0,-188.9216202780944,32,-0.021509773819707333,2.271561643760651,11282.855966806412
nan,nan,5242880,0.02464168135775253,0.281817626953125,17.40790722370148,160,0.00020225409836065574,1001.0,-193.73708265564,32,-0.02191825463232817,2.6351171830669045,11310.306083202362
nan,nan,5275648,0.0207438860055845,0.25068359375,17.440214613080023,161,0.0002016393442622951,1001.0,-189.78530653383137,32,-0.023275516196736134,3.357157693989575,11336.457807064056
nan,nan,5308416,0.02425588486730703,0.279559326171875,17.453556218743323,162,0.0002010245901639344,1001.0,-194.1564672372759,32,-0.021004365612316177,2.4290539257228376,11362.493908405304
nan,nan,5341184,0.024606237734042226,0.28367919921875,17.449991846084593,163,0.00020040983606557376,1001.0,-195.78118996431982,32,-0.022465556408133126,2.5381283284164966,11388.882085561752
nan,nan,5373952,0.023559130053763512,0.27684326171875,17.441777297854422,164,0.00019979508196721308,1001.0,-187.4247911283561,32,-0.021720558199012883,2.485007514059544,11415.433409929276
nan,nan,5406720,0.023329978354013292,0.27281494140625,17.4080750644207,165,0.00019918032786885243,1001.0,-191.57480598365788,32,-0.021140977058530554,2.4742940990254283,11442.138148069382
nan,nan,5439488,0.024085720923903865,0.275262451171875,17.416185531020165,166,0.00019856557377049178,1001.0,-193.07216688254366,32,-0.02177921791189874,2.5749892573803663,11468.39535188675
nan,nan,5472256,0.02547308736757259,0.288446044921875,17.459586998820306,167,0.00019795081967213113,1001.0,-196.0726034546289,32,-0.0230565588150057,2.4553229792043565,11495.357524394989
nan,nan,5505024,0.022192747837107164,0.261578369140625,17.44176665842533,168,0.00019733606557377048,1001.0,-197.1546232455271,32,-0.021427336754277347,2.3740862254053354,11521.442501306534
nan,nan,5537792,0.0230141617677873,0.266339111328125,17.456843128800394,169,0.00019672131147540983,1001.0,-194.9701368337318,32,-0.02167708572524134,2.640551867522299,11547.916612148285
nan,nan,5570560,0.0209021935450437,0.249945068359375,17.442068266868592,170,0.00019610655737704915,1001.0,-198.1179826359732,32,-0.022992173286911565,3.157672765292227,11574.688405752182
nan,nan,5603328,0.023809424167484394,0.279766845703125,17.429315799474715,171,0.0001954918032786885,1001.0,-198.93678419718054,32,-0.019785677436448167,2.083824869990349,11601.580604791641
nan,nan,5636096,0.02206748397911724,0.26011962890625,17.434601926803587,172,0.00019487704918032787,1001.0,-199.41890301151653,32,-0.021313708491652504,2.7009259624406696,11628.274849176407
nan,nan,5668864,0.022420632203284184,0.265374755859375,17.45677069425583,173,0.00019426229508196717,1001.0,-201.43014748058434,32,-0.020715448630653555,2.538796902168542,11654.558411836624
nan,nan,5701632,0.022019405721584916,0.25650634765625,17.433505326509476,174,0.00019364754098360654,1001.0,-205.70808635052768,32,-0.02228140617007739,2.8433208923786877,11680.880725622177
-167.4142792914633,12.219662163758068,5701632,nan,nan,nan,nan,nan,nan,nan,nan,nan,nan,11724.600584030151
nan,nan,5734400,0.019459173866562197,0.235955810546875,17.44350219964981,175,0.0001930327868852459,1001.0,-207.75572956322398,48,-0.022317598030349474,3.9665911991149185,11750.904651403427
nan,nan,5767168,0.022744822851745995,0.264813232421875,17.442974629998208,176,0.00019241803278688524,1001.0,-203.69642032569507,32,-0.021687551224749767,3.6434491857886315,11777.278488636017
nan,nan,5799936,0.023302476038588794,0.25609130859375,17.435444647073744,177,0.0001918032786885246,1001.0,-210.45361209470045,32,-0.02050267926460947,3.9020610427483917,11803.281121492386
nan,nan,5832704,0.027010246911959256,0.305291748046875,17.423431918025017,178,0.00019118852459016394,1001.0,-201.06886723488367,32,-0.019561859822715633,2.7552252179943024,11829.024864673615
nan,nan,5865472,0.02607001614596811,0.29566650390625,17.46089132130146,179,0.00019057377049180326,1001.0,-205.3798774878971,32,-0.020879949091613524,2.6941942126490175,11856.44315290451
nan,nan,5898240,0.02296849450940499,0.255169677734375,17.419182538986206,180,0.0001899590163934426,1001.0,-207.1958379308725,32,-0.019420855586213294,3.2480661436915397,11882.652751922607
nan,nan,5931008,0.02345922485656047,0.263720703125,17.40457203388214,181,0.00018934426229508193,1001.0,-206.74123776301886,32,-0.02241717518409132,3.401501401141286,11908.417168617249
nan,nan,5963776,0.026413484834120027,0.2916259765625,17.45579277575016,182,0.00018872950819672128,1001.0,-207.82958135408353,32,-0.020196913742984178,3.0270197331905364,11934.16739487648
nan,nan,5996544,0.02390819077081687,0.273895263671875,17.435266196727753,183,0.00018811475409836063,1001.0,-207.4847292317918,32,-0.021301937680254922,2.904756930470467,11960.420168161392
nan,nan,6029312,0.026033660607572527,0.293414306640625,17.455445566773413,184,0.00018749999999999998,1001.0,-212.61756348458707,32,-0.019697634645490326,2.6844409349374474,11987.156534910202
nan,nan,6062080,0.0242934704223444,0.27874755859375,17.46046766936779,185,0.00018688524590163933,1001.0,-205.87849125031056,32,-0.01988982964976458,2.7923282572999595,12013.713327169418
nan,nan,6094848,0.021614019016487872,0.252587890625,17.431862795352934,186,0.00018627049180327867,1001.0,-204.88944617386014,32,-0.019988730803015643,2.934851225186139,12040.74115896225
nan,nan,6127616,0.022973619796539425,0.251849365234375,17.460210156440734,187,0.00018565573770491805,1001.0,-205.54396145343597,32,-0.021656871078448603,4.180972707085312,12066.693631410599
nan,nan,6160384,0.024487862271780615,0.276629638671875,17.44682111740112,188,0.00018504098360655735,1001.0,-212.0050503195872,32,-0.02149749479285674,3.0651780661195516,12092.715074777603
nan,nan,6193152,0.025987703030841657,0.27691650390625,17.39705894589424,189,0.00018442622950819672,1001.0,-204.1767548282869,32,-0.02016898816727917,3.125225535966456,12119.242163181305
nan,nan,6225920,0.0252928116809926,0.278155517578125,17.46879688799381,190,0.00018381147540983602,1001.0,-207.09916441259625,32,-0.020173181874270085,3.2825083646923305,12145.8232152462
nan,nan,6258688,0.02428961646401149,0.276812744140625,17.424069654941558,191,0.0001831967213114754,1001.0,-217.16048402768527,32,-0.02219238196485094,3.1568246269598603,12172.473651885986
nan,nan,6291456,0.02459675186801178,0.283905029296875,17.40250231921673,192,0.00018258196721311474,1001.0,-224.25804798943554,32,-0.021834330561978275,2.9548510453663765,12199.06486582756
nan,nan,6324224,0.02544431989590521,0.288372802734375,17.43031925559044,193,0.0001819672131147541,1001.0,-216.00044048763402,32,-0.01969618126822752,2.716800755262375,12225.762477397919
nan,nan,6356992,0.02340462135070993,0.26552734375,17.437544268369674,194,0.00018135245901639344,1001.0,-207.8108048812888,32,-0.021198004870529984,3.246618612110615,12251.748965740204
nan,nan,6389760,0.023789882224809843,0.26278076171875,17.460144877433777,195,0.0001807377049180328,1001.0,-228.13255082156974,32,-0.020779898988257627,3.898928719945252,12277.938029289246
nan,nan,6422528,0.0267394480517396,0.305126953125,17.43876102566719,196,0.0001801229508196721,1001.0,-212.8410342350202,48,-0.01926645584171638,2.569864103011787,12304.446849107742
nan,nan,6455296,0.020666802854611886,0.24456787109375,17.42518416643143,197,0.00017950819672131146,1001.0,-208.2946465731637,32,-0.0219793930715241,4.111695197969675,12330.905602693558
nan,nan,6488064,0.02516463084029965,0.285345458984375,17.423751705884932,198,0.0001788934426229508,1001.0,-218.79565727894482,32,-0.02117953504639445,3.4425817273557184,12357.594601869583
nan,nan,6520832,0.028102630433568265,0.310137939453125,17.452575796842574,199,0.00017827868852459013,1001.0,-217.30778915807042,32,-0.019808078788628336,2.5441060179844497,12384.345047950745
nan,nan,6553600,0.023050265548954486,0.2676513671875,17.456243044137956,200,0.00017766393442622948,1001.0,-215.18673120017678,32,-0.019926450708589984,2.957065218407661,12410.846448659897
nan,nan,6586368,0.022596618920215406,0.260894775390625,17.449719709157943,201,0.00017704918032786883,1001.0,-206.94450222183923,32,-0.020207277355075347,3.600842989049852,12436.705732107162
nan,nan,6619136,0.02207712944036757,0.257049560546875,17.441663375496866,202,0.00017643442622950818,1001.0,-219.20558285102481,32,-0.02080174182083283,4.071207768656313,12462.263704538345
nan,nan,6651904,0.02589115982045769,0.289007568359375,17.44810112118721,203,0.00017581967213114755,1001.0,-205.14847915179934,32,-0.019497885573946404,3.108115650806576,12488.387536525726
-178.03696003517913,2.5617870529790374,6651904,nan,nan,nan,nan,nan,nan,nan,nan,nan,nan,12531.815909147263
nan,nan,6684672,0.023416234475371313,0.271295166015625,17.383388796448706,204,0.0001752049180327869,1001.0,-208.01430271957452,32,-0.01994810937976581,3.6979857961647213,12558.266525745392
nan,nan,6717440,0.025189134569154704,0.29149169921875,17.426768392324448,205,0.0001745901639344262,1001.0,-215.58880945410738,32,-0.020561278108652915,3.38063529683277,12584.655126571655
nan,nan,6750208,0.02337960266668233,0.27855224609375,17.424603760242462,206,0.00017397540983606557,1001.0,-211.90588754144298,32,-0.01948842413039529,3.470199254155159,12610.746632814407
-180.52568316732768,2.1301877188004523,6750208,nan,nan,nan,nan,nan,nan,nan,nan,nan,nan,12653.891317605972
nan,nan,6782976,0.02591253989157849,0.293511962890625,17.435202625393867,207,0.00017336065573770487,1001.0,-210.17529800603418,32,-0.019621967575221787,3.321802857983857,12680.041313648224
nan,nan,6815744,0.024148144855280405,0.27076416015625,17.464893820881844,208,0.00017274590163934424,1001.0,-220.86385372263925,32,-0.019369509080570425,4.021320741437376,12705.884439468384
nan,nan,6848512,0.025002714604124777,0.2915771484375,17.448111379146575,209,0.0001721311475409836,1001.0,-214.95357538425432,32,-0.01901453748578206,3.881500493735075,12731.966406106949
nan,nan,6881280,0.02286991914152168,0.2555908203125,17.440198215842248,210,0.00017151639344262294,1001.0,-205.99451231656548,32,-0.018129538658104138,4.747794694639742,12758.982062101364
nan,nan,6914048,0.024053777815788636,0.2757080078125,17.44135462343693,211,0.0001709016393442623,1001.0,-225.87811250710286,32,-0.018656968084542314,3.8371979111805556,12785.49385881424
nan,nan,6946816,0.026495499722659587,0.299639892578125,17.420684972405432,212,0.00017028688524590164,1001.0,-210.49628844272118,32,-0.01788748981234676,3.073402347508818,12812.08613538742
nan,nan,6979584,0.023529863953081077,0.252716064453125,17.4516348361969,213,0.00016967213114754099,1001.0,-202.16126829882592,32,-0.01995316840475425,5.566303300857544,12838.83206486702
nan,nan,7012352,0.0250688631531375,0.28890380859375,17.458009120821952,214,0.0001690573770491803,1001.0,-221.3282869964376,32,-0.021127233308652647,3.463477924000472,12865.049279928207
nan,nan,7045120,0.027619729771322453,0.3117431640625,17.47158825099468,215,0.00016844262295081966,1001.0,-211.65800963810258,32,-0.018444018224545288,4.172725035436452,12891.14045548439
nan,nan,7077888,0.022631600102613447,0.264227294921875,17.461853376030923,216,0.00016782786885245898,1001.0,-217.41344260091228,32,-0.01982741009451274,3.5360663921572266,12917.194983243942
nan,nan,7110656,0.021901200329739367,0.25552978515625,17.419584941864013,217,0.00016721311475409833,1001.0,-214.84901552676166,32,-0.020288597061517068,5.108945921435952,12944.155309200287
nan,nan,7143424,0.023144813096223515,0.2604248046875,17.40326686501503,218,0.00016659836065573768,1001.0,-215.06205396237405,48,-0.020668121867493026,4.939259837195277,12970.440731048584
nan,nan,7176192,0.02280184776209353,0.266162109375,17.430972015857698,219,0.00016598360655737702,1001.0,-200.0143385255887,32,-0.01932330459530931,4.640808797907084,12996.799297571182
nan,nan,7208960,0.026490720946094372,0.292889404296875,17.471108016371726,220,0.0001653688524590164,1001.0,-206.34876569786485,32,-0.016676892031682655,4.21936058588326,13023.362351179123
nan,nan,7241728,0.024766687862211256,0.28145751953125,17.42660807669163,221,0.00016475409836065575,1001.0,-206.96922246951317,32,-0.01934727125481004,3.6441531562246383,13049.853307008743
nan,nan,7274496,0.023997951715500676,0.27064208984375,17.452363634109496,222,0.0001641393442622951,1001.0,-207.51648779014323,32,-0.01904170181878726,3.6441852188669146,13076.109924316406
nan,nan,7307264,0.02261928639127291,0.2735107421875,17.435092395544054,223,0.00016352459016393442,1001.0,-213.45183495008166,32,-0.01865945072568138,4.514200868643821,13102.580079078674
nan,nan,7340032,0.023084314923835336,0.269732666015625,17.4455763399601,224,0.00016290983606557377,1001.0,-208.20207024853224,32,-0.01826270905439742,3.9762352232821288,13129.099268436432
nan,nan,7372800,0.02480355391599005,0.281353759765625,17.454237642884255,225,0.0001622950819672131,1001.0,-214.15363281066763,32,-0.019626833029906265,3.568089485168457,13155.078639030457
nan,nan,7405568,0.022496547071568784,0.253564453125,17.439613735675813,226,0.00016168032786885244,1001.0,-215.05555377483785,32,-0.01764272125765274,4.064057887066156,13181.216257810593
nan,nan,7438336,0.02593121686768427,0.2693115234375,17.475661370158196,227,0.0001610655737704918,1001.0,-216.61984556448974,32,-0.0168325287711923,5.4648820355534555,13207.71113705635
nan,nan,7471104,0.026002326818343136,0.30543212890625,17.488151505589485,228,0.00016045081967213114,1001.0,-212.4585680017761,32,-0.017564618103642717,3.448041452281177,13234.219262123108
nan,nan,7503872,0.025692401417836665,0.292724609375,17.42556192278862,229,0.00015983606557377049,1001.0,-205.17944201875636,32,-0.018031160618920693,3.675066688656807,13260.613978385925
nan,nan,7536640,0.023706907331506953,0.276934814453125,17.442760592699052,230,0.00015922131147540984,1001.0,-213.49960748454583,32,-0.018850073971407255,3.75890049720183,13287.260553359985
nan,nan,7569408,0.021775081322266486,0.247344970703125,17.42170769870281,231,0.00015860655737704916,1001.0,-206.96850364156265,32,-0.019015624791063602,5.297564812377095,13313.803852081299
nan,nan,7602176,0.026753919915790902,0.302862548828125,17.451081904768944,232,0.0001579918032786885,1001.0,-207.06758640171938,32,-0.018346723782451592,3.1898602932691573,13339.681814432144
nan,nan,7634944,0.021730426932117554,0.258013916015625,17.40636140704155,233,0.00015737704918032785,1001.0,-210.9115621608845,32,-0.01866610569122713,4.797120644524694,13365.481530189514
nan,nan,7667712,0.021540299790285645,0.239398193359375,17.433158865571023,234,0.00015676229508196718,1001.0,-205.31565335552514,32,-0.018192551506945164,4.257108150888234,13391.489658117294
nan,nan,7700480,0.023022129840319393,0.254339599609375,17.459677335619926,235,0.00015614754098360653,1001.0,-200.06106411486132,32,-0.017190894921077414,5.085255497507751,13417.193159103394
-174.52991890990293,1.9067230284827352,7700480,nan,nan,nan,nan,nan,nan,nan,nan,nan,nan,13461.872563838959
nan,nan,7733248,0.024510710528193157,0.285235595703125,17.448488119244576,236,0.00015553278688524587,1001.0,-201.73931760314377,32,-0.01822776194094331,3.781692250724882,13488.912301540375
nan,nan,7766016,0.021853467644177726,0.250030517578125,17.424192243814467,237,0.00015491803278688525,1001.0,-200.23362661234057,32,-0.017672848317306488,4.135368756018579,13515.32453083992
nan,nan,7798784,0.022304806371539598,0.248382568359375,17.421732598543166,238,0.0001543032786885246,1001.0,-207.88493062591118,32,-0.018617882932267092,4.5529894810169935,13541.601946115494
nan,nan,7831552,0.023605549463172792,0.278961181640625,17.40615620315075,239,0.00015368852459016395,1001.0,-210.54311710132237,32,-0.019841822806483833,3.5555435184389355,13567.800462961197
nan,nan,7864320,0.021254693408991443,0.255438232421875,17.43677995800972,240,0.00015307377049180327,1001.0,-202.66869242541733,48,-0.019474905253809995,4.2084951115772125,13593.695343971252
nan,nan,7897088,0.021761937670089538,0.2265869140625,17.457054245471955,241,0.00015245901639344262,1001.0,-206.41326183858268,32,-0.01819380217784783,6.443876149319112,13619.852502822876
nan,nan,7929856,0.02387646559109271,0.27403564453125,17.42189939916134,242,0.00015184426229508194,1001.0,-207.4548699802036,32,-0.01974244455632288,3.7948035027831795,13646.490424871445
nan,nan,7962624,0.022020177778904325,0.25382080078125,17.43925396800041,243,0.0001512295081967213,1001.0,-207.72577176009486,32,-0.018073898042348446,4.194580165296793,13673.667031288147
nan,nan,7995392,0.024391921009737416,0.26776123046875,17.492940011620522,244,0.00015061475409836064,1001.0,-208.77473149700927,32,-0.017333367174433078,3.986958974227309,13700.238721370697
nan,nan,8028160,0.023093590344433323,0.2805908203125,17.49378064274788,245,0.00015,1001.0,-203.2338464594258,32,-0.018794631171476794,3.429423745907843,13726.530476808548
nan,nan,8060928,0.022049391869222744,0.25281982421875,17.44507665038109,246,0.00014938524590163934,1001.0,-200.13082327267443,32,-0.0182453548812191,3.8186504104174674,13752.714406013489
nan,nan,8093696,0.019843732359004208,0.230010986328125,17.44980169534683,247,0.00014877049180327868,1001.0,-215.12340214086734,32,-0.020438902424939443,5.237811481021344,13778.585010290146
nan,nan,8126464,0.025417504628785538,0.2874267578125,17.461010405421256,248,0.000148155737704918,1001.0,-219.9294710640391,32,-0.018808307495055486,3.498505810461938,13804.94695186615
nan,nan,8159232,0.02343504426680738,0.266937255859375,17.420952332019805,249,0.00014754098360655736,1001.0,-211.60706944843335,32,-0.019038979987453786,3.318626348581165,13831.96296620369
nan,nan,8192000,0.022251524214152597,0.25335693359375,17.425459253787995,250,0.0001469262295081967,1001.0,-220.52523256529383,32,-0.019805856839593617,3.8761104295030235,13859.021393060684
nan,nan,8224768,0.024406289853504858,0.27406005859375,17.458164605498315,251,0.00014631147540983605,1001.0,-205.27629072887768,32,-0.01929508236316906,3.041811155062169,13885.724668741226
nan,nan,8257536,0.023360573989339172,0.262823486328125,17.459292674064635,252,0.00014569672131147537,1001.0,-208.24154218786202,32,-0.018663043828564697,3.4728512830100953,13912.270680904388
nan,nan,8290304,0.01940168795808859,0.2220947265625,17.42131823003292,253,0.00014508196721311472,1001.0,-214.10694885571925,32,-0.02005694032413885,4.491039702482522,13938.543001174927
nan,nan,8323072,0.024644823252310745,0.276611328125,17.451389640569687,254,0.0001444672131147541,1001.0,-207.72442875018277,32,-0.020464088441076455,3.0326299333013593,13964.421884536743
nan,nan,8355840,0.022709959494750364,0.259613037109375,17.462352624535562,255,0.00014385245901639345,1001.0,-214.7633543362033,32,-0.01983050896524219,3.6118113961070777,13990.255932331085
nan,nan,8388608,0.021239973368210485,0.2412353515625,17.42081753909588,256,0.00014323770491803277,1001.0,-224.6840399831853,32,-0.01884354518915643,3.725704241823405,14017.355088710785
nan,nan,8421376,0.02168728646574891,0.2501220703125,17.436907309293748,257,0.00014262295081967212,1001.0,-220.61929896168073,32,-0.019808320674928836,3.999483342282474,14043.740713357925
nan,nan,8454144,0.023055223840856343,0.264361572265625,17.428066602349283,258,0.00014200819672131147,1001.0,-217.9344946654165,32,-0.01985686749976594,3.2302538344636558,14069.549651622772
nan,nan,8486912,0.022194952789141097,0.256109619140625,17.459006369113922,259,0.00014139344262295082,1001.0,-214.35675580949354,32,-0.019900705623149405,3.5969108465127646,14096.123946905136
nan,nan,8519680,0.022239188447929336,0.25430908203125,17.405775102972985,260,0.00014077868852459017,1001.0,-225.79672715878075,32,-0.020004718273412436,3.747002643160522,14122.258582115173
nan,nan,8552448,0.02192934735940071,0.254852294921875,17.41923815011978,261,0.0001401639344262295,1001.0,-231.24494793820034,32,-0.019846424368734007,3.292195343784988,14148.14567565918
nan,nan,8585216,0.01812878048949642,0.212725830078125,17.453346273303033,262,0.00013954918032786884,1001.0,-232.63366013049895,48,-0.02182171021231625,5.830031164735556,14176.47103190422
nan,nan,8617984,0.021738831920083614,0.251678466796875,17.42267315983772,263,0.00013893442622950819,1001.0,-258.6833669787675,32,-0.02058586365383235,4.948604181222618,14208.368982315063
nan,nan,8650752,0.024258894811282516,0.277978515625,17.450926330685615,264,0.00013831967213114753,1001.0,-235.45398151547838,32,-0.019504805342876352,3.1656840428709985,14235.798256874084
-160.0263054208089,15.834329968644559,8650752,nan,nan,nan,nan,nan,nan,nan,nan,nan,nan,14278.568410634995
nan,nan,8683520,0.021350575242831838,0.2489013671875,17.44212928712368,265,0.00013770491803278686,1001.0,-240.2039316382559,32,-0.019353381268592783,3.8078757973387836,14306.445663452148
nan,nan,8716288,0.01991683060368814,0.23653564453125,17.442584240436553,266,0.0001370901639344262,1001.0,-223.76600925927238,32,-0.021256241754599614,4.10798667203635,14334.563931465149
nan,nan,8749056,0.021953681112790946,0.248260498046875,17.42491928935051,267,0.00013647540983606555,1001.0,-212.72866018182617,32,-0.017711291277009877,4.141633143462241,14362.597112894058
nan,nan,8781824,0.02037109261509613,0.236590576171875,17.42558982074261,268,0.0001358606557377049,1001.0,-218.75888190037608,32,-0.018509477651969065,4.734608489181847,14390.786803245544
nan,nan,8814592,0.022023008143150946,0.253082275390625,17.436344531178474,269,0.00013524590163934422,1001.0,-224.5904180065039,32,-0.020148834072460885,4.039332192204893,14418.533832550049
nan,nan,8847360,0.022221418431581697,0.26214599609375,17.433266872167586,270,0.00013463114754098357,1001.0,-238.14412958387078,32,-0.019148041026346617,3.55731382034719,14446.213157176971
nan,nan,8880128,0.01942520906450227,0.227642822265625,17.452470368146898,271,0.00013401639344262295,1001.0,-228.1816494870202,32,-0.02022596667666221,4.4183944973163305,14474.06814789772
nan,nan,8912896,0.022557717482777663,0.265411376953125,17.48408537507057,272,0.0001334016393442623,1001.0,-230.5179468423393,32,-0.02106989995445474,3.7911778739653528,14501.82757639885
nan,nan,8945664,0.021407950199136393,0.244036865234375,17.43719655573368,273,0.00013278688524590165,1001.0,-242.02243815280858,32,-0.020750704878446415,4.2596998933702706,14529.519001245499
nan,nan,8978432,0.022173384969573818,0.255364990234375,17.456473976373672,274,0.00013217213114754097,1001.0,-215.24775272034637,32,-0.02021511618331715,3.6611750345677136,14557.58114361763
nan,nan,9011200,0.021262450587528292,0.24732666015625,17.434463292360306,275,0.00013155737704918032,1001.0,-239.78776466255582,32,-0.019698132686608007,3.5639338817447426,14586.803261995316
nan,nan,9043968,0.019135956107493256,0.228497314453125,17.455381751060486,276,0.00013094262295081967,1001.0,-236.12151371045186,32,-0.020887385783862556,4.664712096378207,14614.410231113434
nan,nan,9076736,0.021135481231976883,0.24688720703125,17.463155382871626,277,0.00013032786885245902,1001.0,-232.91600450904696,32,-0.019183164062997093,4.105667513143271,14642.873229503632
nan,nan,9109504,0.021230003359960392,0.253680419921875,17.421767726540565,278,0.00012971311475409834,1001.0,-236.04255303297685,32,-0.021275651218456915,4.137017995864153,14670.739795207977
nan,nan,9142272,0.02033853614666441,0.24765625,17.446111556887626,279,0.00012909836065573769,1001.0,-244.2788514027555,32,-0.021459421495819697,3.3636468762531875,14698.470375537872
nan,nan,9175040,0.021439444924908457,0.2581787109375,17.42495794892311,280,0.00012848360655737703,1001.0,-270.2668845794539,32,-0.020207592881342863,3.4976458942517636,14725.910903930664
nan,nan,9207808,0.02036331563103886,0.241900634765625,17.434075343608857,281,0.00012786885245901638,1001.0,-246.4480416268734,32,-0.019863777144200866,3.6322820480912923,14753.854067087173
nan,nan,9240576,0.01874040312031866,0.224847412109375,17.434903702139856,282,0.00012725409836065573,1001.0,-246.12877898844135,32,-0.020449918522353984,4.838724242243916,14782.49071598053
nan,nan,9273344,0.020999702097469708,0.244378662109375,17.46528168916702,283,0.00012663934426229505,1001.0,-230.22032333836853,48,-0.020578663491323822,4.441337647289037,14810.54748249054
nan,nan,9306112,0.018246015018667093,0.220184326171875,17.44929767847061,284,0.0001260245901639344,1001.0,-233.02180289649465,32,-0.022080100745370146,5.047100009955466,14838.4443359375
nan,nan,9338880,0.02218128737840743,0.264495849609375,17.427824729681014,285,0.00012540983606557378,1001.0,-252.98420962943214,32,-0.021019409572181756,3.2429641877301036,14866.188178062439
nan,nan,9371648,0.019479960223907255,0.239501953125,17.42394915521145,286,0.00012479508196721313,1001.0,-254.59495324063096,32,-0.021298965098685584,4.123844029568136,14894.173952102661
nan,nan,9404416,0.020446409363648853,0.241583251953125,17.379862025380135,287,0.00012418032786885242,1001.0,-222.30951844958724,32,-0.01959856388421031,3.655958914104849,14922.15382027626
nan,nan,9437184,0.0183803405809158,0.229364013671875,17.440820264816285,288,0.0001235655737704918,1001.0,-264.7176197621385,32,-0.020144348621397513,4.314639179967344,14950.801767349243
nan,nan,9469952,0.020257759177184198,0.25272216796875,17.416958543658257,289,0.00012295081967213115,1001.0,-241.0508786382482,32,-0.02093055694567738,3.220478908251971,14978.752745866776
nan,nan,9502720,0.02067373607424088,0.251959228515625,17.453033474087714,290,0.0001223360655737705,1001.0,-272.43830635680274,32,-0.021955809007340576,3.044627521093935,15006.135080099106
nan,nan,9535488,0.01661082345453906,0.212109375,17.43843235373497,291,0.0001217213114754098,1001.0,-242.87744821746185,32,-0.020464885706678614,4.329579702205956,15034.115545272827
nan,nan,9568256,0.02087999554532871,0.250555419921875,17.44396869242191,292,0.00012110655737704917,1001.0,-235.47842870873973,32,-0.02032550420262851,3.1818429748527706,15062.22090792656
nan,nan,9601024,0.01845985536056105,0.216241455078125,17.453428906202316,293,0.00012049180327868852,1001.0,-268.6557053025797,32,-0.01969269777619047,4.914826557412743,15089.486333370209
-170.1405482832096,8.4340192553317,9601024,nan,nan,nan,nan,nan,nan,nan,nan,nan,nan,15132.994841575623
nan,nan,9633792,0.019942048456141493,0.245556640625,17.452284640073778,294,0.00011987704918032786,1001.0,-266.2735300128115,32,-0.020678271854194463,4.355012948997318,15160.838845729828
nan,nan,9666560,0.020052293078333606,0.24857177734375,17.43144933581352,295,0.00011926229508196721,1001.0,-245.6072305198882,32,-0.01982241644655005,3.3110074107535183,15188.21319437027
nan,nan,9699328,0.01801680272692465,0.229248046875,17.444901499152184,296,0.00011864754098360654,1001.0,-239.32206004048317,32,-0.020564086125523316,3.472886869870126,15215.990398645401
nan,nan,9732096,0.01827143651789811,0.229925537109375,17.433601051568985,297,0.00011803278688524588,1001.0,-258.14565375719064,32,-0.01956713902982301,3.901738124154508,15243.84150671959
nan,nan,9764864,0.019766623671966955,0.248382568359375,17.42811331152916,298,0.00011741803278688525,1001.0,-255.6180313999891,32,-0.020612434047507122,3.397418081946671,15271.496223449707
nan,nan,9797632,0.018839328784088137,0.234857177734375,17.457577350735665,299,0.0001168032786885246,1001.0,-248.16748589574706,32,-0.020130313751724315,3.3349450746551157,15299.941819190979
nan,nan,9830400,0.018650471296496107,0.228631591796875,17.4378990650177,300,0.00011618852459016392,1001.0,-236.96097497215231,32,-0.020281202949627188,3.449044417962432,15327.562747478485
nan,nan,9863168,0.01730680854852835,0.219659423828125,17.464184620976447,301,0.00011557377049180327,1001.0,-223.3045605301346,32,-0.019767388535910868,3.421290362067521,15354.891276597977
nan,nan,9895936,0.0164355781274935,0.208978271484375,17.430036067962646,302,0.00011495901639344261,1001.0,-247.93951881339973,32,-0.019707767434738344,4.211908016446978,15382.221229314804
nan,nan,9928704,0.017026621287732267,0.214385986328125,17.422872433066367,303,0.00011434426229508196,1001.0,-249.0961504732122,32,-0.01975818570572301,3.8939574478194117,15409.517424345016
nan,nan,9961472,0.01802996091573732,0.229022216796875,17.45659918487072,304,0.00011372950819672129,1001.0,-226.0684643944279,32,-0.019567626510979607,4.333855013176799,15436.788212776184
nan,nan,9994240,0.01814729390098364,0.214678955078125,17.425720992684365,305,0.00011311475409836063,1001.0,-232.56607903793687,48,-0.01982448064518394,5.919094210118056,15464.109253406525
nan,nan,10027008,0.018036370232584885,0.22772216796875,17.44790925681591,306,0.0001125,1001.0,-228.0788236072682,32,-0.021708860681974328,4.429084439575672,15492.84317278862
nan,nan,10059776,0.019179761578561737,0.234527587890625,17.430547472834586,307,0.00011188524590163935,1001.0,-227.34070344710676,32,-0.020127228072306026,4.41926136650145,15520.298783063889
nan,nan,10092544,0.01926395364316704,0.243377685546875,17.428034335374832,308,0.0001112704918032787,1001.0,-244.03373908064603,32,-0.020803101568162674,3.1628316666930916,15548.645144701004
nan,nan,10125312,0.015652365484857,0.1991943359375,17.41680227816105,309,0.00011065573770491802,1001.0,-224.93639274678793,32,-0.019300591222054207,4.238065281417221,15578.16505908966
nan,nan,10158080,0.018296584575728046,0.220166015625,17.46855636835098,310,0.00011004098360655737,1001.0,-222.46797731099028,32,-0.019958144059637563,4.4781595200300215,15605.92259979248
nan,nan,10190848,0.019389930908801034,0.24261474609375,17.45826680958271,311,0.00010942622950819671,1001.0,-237.22213680347846,32,-0.02004035012869281,3.5410953450016676,15633.30142211914
nan,nan,10223616,0.018369736819295213,0.23109130859375,17.427810683846474,312,0.00010881147540983606,1001.0,-243.03580087877043,32,-0.02019630276481621,3.7260748032480477,15660.658388614655
nan,nan,10256384,0.017787731071439338,0.217510986328125,17.43858155310154,313,0.00010819672131147538,1001.0,-227.60703583675703,32,-0.01839170228704461,4.635854927077889,15688.571266651154
nan,nan,10289152,0.0177686890529003,0.222503662109375,17.441611754894257,314,0.00010758196721311473,1001.0,-213.1160904830323,32,-0.020243595787906087,4.090335855726153,15716.919017791748
nan,nan,10321920,0.017504025916423416,0.217559814453125,17.43238458633423,315,0.0001069672131147541,1001.0,-222.18454226788563,32,-0.020542874201055383,3.4244445826858283,15744.385270118713
nan,nan,10354688,0.01646646708577464,0.207562255859375,17.43283855319023,316,0.00010635245901639344,1001.0,-247.42481641575995,32,-0.02006574185725185,3.959921549446881,15771.99685382843
nan,nan,10387456,0.017258414253228695,0.213519287109375,17.43106267154217,317,0.00010573770491803277,1001.0,-231.85625625494362,32,-0.020141726772271794,4.34283035043627,15799.32126235962
nan,nan,10420224,0.019029418043282932,0.237847900390625,17.443458929657936,318,0.00010512295081967212,1001.0,-238.99772258031058,32,-0.02010335800368921,3.1829291859641673,15826.732132911682
nan,nan,10452992,0.017488377204063,0.21317138671875,17.431587797403335,319,0.00010450819672131146,1001.0,-245.066213556667,32,-0.01982957006257493,3.8724700041115283,15855.462818861008
nan,nan,10485760,0.01752945034641016,0.20484619140625,17.43810804784298,320,0.00010389344262295081,1001.0,-228.97527259272226,32,-0.018788270141521936,4.626030950807035,15884.189674139023
nan,nan,10518528,0.018831272258466925,0.235113525390625,17.45910040140152,321,0.00010327868852459018,1001.0,-252.18539809011978,32,-0.02014333263359731,3.2736794559285043,15911.89435839653
nan,nan,10551296,0.017107574780311552,0.211761474609375,17.446298506855964,322,0.00010266393442622948,1001.0,-232.47011440378697,32,-0.019785740957013333,3.370225144457072,15939.272047281265
-184.52010136527872,3.863646097724246,10551296,nan,nan,nan,nan,nan,nan,nan,nan,nan,nan,15980.794768571854
nan,nan,10584064,0.01585134322922386,0.196221923828125,17.431788024306297,323,0.00010204918032786885,1001.0,-250.32728084451074,32,-0.01944848310231464,4.363230226188898,16008.561535596848
nan,nan,10616832,0.01697820879962819,0.215289306640625,17.44928789138794,324,0.0001014344262295082,1001.0,-236.55418940454734,32,-0.01948241206409875,3.878713401593268,16037.1044754982
nan,nan,10649600,0.018418316078532372,0.23094482421875,17.435594314336775,325,0.00010081967213114754,1001.0,-242.25497204786333,32,-0.019009525669025605,3.083203463163227,16064.519755363464
nan,nan,10682368,0.01617131955354125,0.20174560546875,17.413232839107515,326,0.00010020491803278687,1001.0,-229.80348110607775,32,-0.018716850052805968,3.6037553077563644,16091.968922615051
nan,nan,10715136,0.016456678272152202,0.207574462890625,17.459160619974135,327,9.959016393442621e-05,1001.0,-231.37024894183583,48,-0.019218196168367285,4.830231199041009,16119.134372711182
nan,nan,10747904,0.015396627311929478,0.1946533203125,17.431382447481155,328,9.897540983606556e-05,1001.0,-234.20544487752034,32,-0.020010362159518992,4.411907904781401,16146.782844543457
nan,nan,10780672,0.01628255444811657,0.20340576171875,17.436734381318093,329,9.836065573770491e-05,1001.0,-242.25456410691885,32,-0.01962256691440416,4.058272243849933,16174.229444503784
nan,nan,10813440,0.015430108697546529,0.195391845703125,17.382695078849792,330,9.774590163934423e-05,1001.0,-225.1795096853842,32,-0.01754703661208623,3.93004282284528,16201.591054439545
nan,nan,10846208,0.01793077020411147,0.228167724609375,17.41209129691124,331,9.713114754098358e-05,1001.0,-236.86503579985884,32,-0.01896080624719616,3.190214482229203,16230.095740318298
nan,nan,10878976,0.01613192261866061,0.207696533203125,17.46037727892399,332,9.651639344262295e-05,1001.0,-246.9908817147425,32,-0.018572501750895754,3.795499857701361,16258.235106229782
nan,nan,10911744,0.016336973939178278,0.197186279296875,17.453065556287765,333,9.59016393442623e-05,1001.0,-258.80261707713,32,-0.018542704187711933,4.803594089392573,16285.501814365387
nan,nan,10944512,0.017853767764245278,0.224554443359375,17.433395072817802,334,9.528688524590164e-05,1001.0,-223.58134104746304,32,-0.018790047997026705,3.514962298842147,16314.30769109726
nan,nan,10977280,0.01580930386844557,0.209490966796875,17.44371663630009,335,9.467213114754097e-05,1001.0,-236.81095851895333,32,-0.019495880710019266,4.069752064533532,16343.044331550598
nan,nan,11010048,0.015616897972358856,0.202362060546875,17.464837461709976,336,9.405737704918031e-05,1001.0,-245.80921184072605,32,-0.019178963683953044,3.884697440546006,16370.874056816101
nan,nan,11042816,0.01761680940326187,0.21878662109375,17.48504205644131,337,9.344262295081966e-05,1001.0,-246.85697067883586,32,-0.01897654531421722,3.679646962089464,16399.645704984665
nan,nan,11075584,0.01621728785648884,0.2110595703125,17.441906267404555,338,9.282786885245903e-05,1001.0,-235.2620790023961,32,-0.018327410960046107,4.123382769338787,16427.417165994644
nan,nan,11108352,0.01681479788858269,0.2123779296875,17.41333264708519,339,9.221311475409833e-05,1001.0,-250.7515573874554,32,-0.019439415316810482,3.843882856704295,16456.8063519001
nan,nan,11141120,0.01638005977074499,0.19766845703125,17.43196245729923,340,9.15983606557377e-05,1001.0,-254.97648635156145,32,-0.018782735500280978,4.500776095688343,16483.6496860981
nan,nan,11173888,0.017205007732627564,0.21907958984375,17.425882983207703,341,9.098360655737704e-05,1001.0,-219.1816926653543,32,-0.01840988726398791,3.5787265467457474,16510.87957215309
nan,nan,11206656,0.014900762991601368,0.188421630859375,17.46233355998993,342,9.03688524590164e-05,1001.0,-235.48451820356408,32,-0.018718681832251605,4.02344400472939,16538.74386715889
nan,nan,11239424,0.017226491415931376,0.220208740234375,17.442963337898256,343,8.975409836065574e-05,1001.0,-226.61893619454682,32,-0.019206666206810042,3.440698985848576,16566.546665906906
nan,nan,11272192,0.014460268934635678,0.178326416015625,17.45697471499443,344,8.913934426229506e-05,1001.0,-247.1446084630307,32,-0.01775913965611835,4.51381719764322,16594.776797771454
nan,nan,11304960,0.016276220658619424,0.20576171875,17.468008905649185,345,8.852459016393441e-05,1001.0,-234.80184516252024,32,-0.019998457844485527,4.678578134998679,16622.368979215622
nan,nan,11337728,0.016412256694457027,0.210894775390625,17.429436233639716,346,8.790983606557378e-05,1001.0,-240.93059978851156,32,-0.018236957856424853,3.4454440590925515,16649.98672223091
nan,nan,11370496,0.015150521087343804,0.19891357421875,17.459581258893014,347,8.729508196721312e-05,1001.0,-235.77562127224064,32,-0.01825583853715216,3.851853486802429,16677.585144281387
nan,nan,11403264,0.016254869941258222,0.20537109375,17.448178282380105,348,8.668032786885243e-05,1001.0,-233.7613584341966,32,-0.01840898840309819,4.455973456893116,16705.970007896423
nan,nan,11436032,0.016892070843823603,0.223138427734375,17.430065858364106,349,8.60655737704918e-05,1001.0,-222.50842547986954,48,-0.019328974136078612,3.9457006389275193,16734.20819735527
nan,nan,11468800,0.014158641271933448,0.175958251953125,17.420748442411423,350,8.545081967213114e-05,1001.0,-242.25076114152972,32,-0.019179336316301487,5.678195816837251,16762.21058821678
nan,nan,11501568,0.014795883959595812,0.196185302734375,17.416953662037848,351,8.483606557377049e-05,1001.0,-240.57190567422955,32,-0.019672098415321672,3.7294914189726116,16789.676585912704
-191.29717353886346,4.029542090949614,11501568,nan,nan,nan,nan,nan,nan,nan,nan,nan,nan,16831.13006711006
nan,nan,11534336,0.014218521502334625,0.179815673828125,17.439505830407143,352,8.422131147540981e-05,1001.0,-238.15370158328147,32,-0.018210814015037612,4.370072829350829,16858.50141811371
nan,nan,11567104,0.014782982370525133,0.192718505859375,17.422350651025774,353,8.360655737704916e-05,1001.0,-262.92904949408046,32,-0.018308735297614474,4.441760291531682,16886.222558498383
nan,nan,11599872,0.01568668726795295,0.202508544921875,17.43837135732174,354,8.299180327868851e-05,1001.0,-230.1262555828037,32,-0.01735929724891321,3.8004050352144985,16914.590795993805
nan,nan,11632640,0.015698681526555448,0.196673583984375,17.414893770217894,355,8.237704918032787e-05,1001.0,-233.45192801893282,32,-0.01685775585792726,4.34485399229452,16943.334677696228
nan,nan,11665408,0.01381810458478867,0.168475341796875,17.445164906978608,356,8.176229508196722e-05,1001.0,-249.74438126136846,32,-0.017382701305541558,6.6875795919448136,16971.03467464447
nan,nan,11698176,0.016944630648504246,0.216070556640625,17.477401342988014,357,8.114754098360655e-05,1001.0,-259.9971085697229,32,-0.019229942234960617,3.3900528269819916,16998.316468715668
nan,nan,11730944,0.015231557773950044,0.199444580078125,17.422006371617318,358,8.05327868852459e-05,1001.0,-243.49742960587227,32,-0.01722566690405074,3.5567372638732193,17025.605721712112
nan,nan,11763712,0.015008526456949767,0.189703369140625,17.432000994682312,359,7.991803278688524e-05,1001.0,-242.91008951887105,32,-0.01788661071477691,4.21999675873667,17053.923691511154
nan,nan,11796480,0.01379119051307498,0.18045654296875,17.425325194001196,360,7.930327868852459e-05,1001.0,-227.6519105681337,32,-0.018532811937620863,4.397654629033059,17081.297535657883
nan,nan,11829248,0.01654713658062974,0.2149658203125,17.420288145542145,361,7.868852459016391e-05,1001.0,-228.64688110141327,32,-0.018261626760067883,3.879806411685422,17109.383589982986
nan,nan,11862016,0.014346378946356708,0.18739013671875,17.47079280614853,362,7.807377049180326e-05,1001.0,-252.39787622096065,32,-0.018496040752506816,4.221515578124672,17137.56749534607
nan,nan,11894784,0.0158430350398703,0.201104736328125,17.463267827033995,363,7.745901639344263e-05,1001.0,-232.15309007620397,32,-0.017744130988648976,4.218569228518755,17165.651112556458
nan,nan,11927552,0.014701599360341789,0.19583740234375,17.41659469008446,364,7.684426229508197e-05,1001.0,-208.02940883406538,32,-0.018279880709451392,5.251235364191234,17194.156584501266
nan,nan,11960320,0.014425155063509009,0.187664794921875,17.447725328803063,365,7.62295081967213e-05,1001.0,-223.72991902165535,32,-0.01783348026947351,4.19376335516572,17223.31060028076
nan,nan,11993088,0.0125518696862855,0.16070556640625,17.39629892706871,366,7.561475409836064e-05,1001.0,-216.87499630929597,32,-0.018202959956033736,4.18177422164008,17251.389481067657
nan,nan,12025856,0.014987577988722477,0.19852294921875,17.406249991059305,367,7.5e-05,1001.0,-216.57155054667584,32,-0.017338708960596704,3.6156643483787776,17279.514182567596
nan,nan,12058624,0.014369047263971878,0.193206787109375,17.439773747324942,368,7.438524590163934e-05,1001.0,-217.984019920719,32,-0.01742655991038191,3.14169815601781,17308.067277431488
nan,nan,12091392,0.013155219688633224,0.1723388671875,17.456749737262726,369,7.377049180327869e-05,1001.0,-214.8159362176824,32,-0.016481827753887048,3.453121376177296,17335.5624294281
nan,nan,12124160,0.012858093115937663,0.168548583984375,17.437506076693534,370,7.315573770491801e-05,1001.0,-217.35323771376576,48,-0.017184083659230964,5.750577181018889,17363.244124650955
nan,nan,12156928,0.013365903996600537,0.17412109375,17.452508878707885,371,7.254098360655736e-05,1001.0,-212.0104606841374,32,-0.018330960251478245,5.427015562169254,17390.439316272736
nan,nan,12189696,0.013655777693929848,0.18017578125,17.40398107469082,372,7.192622950819672e-05,1001.0,-213.73043252598072,32,-0.018087521828056195,4.601213899534196,17418.314947366714
nan,nan,12222464,0.012892499603549368,0.16949462890625,17.42515665590763,373,7.131147540983607e-05,1001.0,-220.0637301887264,32,-0.018136176400003024,4.327172145899385,17446.344338178635
nan,nan,12255232,0.012327456108323531,0.158209228515625,17.441681426763534,374,7.06967213114754e-05,1001.0,-226.3605343899285,32,-0.018616321550507565,4.820905065070837,17474.72183918953
nan,nan,12288000,0.014090075319472817,0.187066650390625,17.429162979125977,375,7.008196721311474e-05,1001.0,-225.53930986371319,32,-0.017553593208140227,4.019942402094602,17502.848785877228
nan,nan,12320768,0.013630998424923746,0.170849609375,17.46721833050251,376,6.946721311475409e-05,1001.0,-217.45479119726528,32,-0.016779798033530822,4.584303101431578,17530.180783987045
nan,nan,12353536,0.013396162608114538,0.178326416015625,17.427297005057333,377,6.885245901639344e-05,1001.0,-216.00576343525185,32,-0.017752296857361217,4.142936146818101,17558.205229997635
nan,nan,12386304,0.012744249838942779,0.169232177734375,17.442269027233124,378,6.823770491803276e-05,1001.0,-218.26013281893097,32,-0.01829450158838881,3.5178284225054086,17587.26782464981
nan,nan,12419072,0.013411648152759881,0.1779541015625,17.425806134939194,379,6.762295081967211e-05,1001.0,-203.53190761354097,32,-0.016138997527013997,3.112386655341834,17614.911211013794
nan,nan,12451840,0.012032798726067995,0.157598876953125,17.449244862794878,380,6.700819672131147e-05,1001.0,-209.3811489119375,32,-0.016150172250854668,4.129437681706622,17642.55601811409
-186.92595841960338,3.850735076393068,12451840,nan,nan,nan,nan,nan,nan,nan,nan,nan,nan,17684.537801265717
nan,nan,12484608,0.011481280989391962,0.152227783203125,17.407764169573785,381,6.639344262295082e-05,1001.0,-213.48038390667648,32,-0.01705802768083231,4.426043750997633,17712.879014730453
nan,nan,12517376,0.01214455314038787,0.157696533203125,17.428464522957803,382,6.577868852459017e-05,1001.0,-222.1197678690064,32,-0.017799807298069938,6.540269197896123,17740.948431015015
nan,nan,12550144,0.012650799092443776,0.16239013671875,17.419353064894675,383,6.51639344262295e-05,1001.0,-215.67754610288873,32,-0.018126127065625042,4.941674938984216,17768.67444205284
-188.16438554915177,3.0694280333927457,12550144,nan,nan,nan,nan,nan,nan,nan,nan,nan,nan,17811.206789255142
nan,nan,12582912,0.013140616382952431,0.172393798828125,17.4030624628067,384,6.454918032786884e-05,1001.0,-201.77208326339962,32,-0.017065345219452865,4.264878073148429,17838.972546577454
nan,nan,12615680,0.01188142313985736,0.15716552734375,17.424173992872237,385,6.393442622950819e-05,1001.0,-204.95088140461766,32,-0.017145677344524303,4.505227013491094,17866.524107694626
nan,nan,12648448,0.011824946581327822,0.155609130859375,17.433415985107423,386,6.331967213114755e-05,1001.0,-205.37020643924333,32,-0.016829032938767342,4.639109237026423,17893.927946805954
nan,nan,12681216,0.012040735547998338,0.15916748046875,17.443198615312575,387,6.270491803278686e-05,1001.0,-210.5318783042223,32,-0.017808494090422754,5.459811490681022,17921.340029478073
nan,nan,12713984,0.011689965774712619,0.149957275390625,17.42589895427227,388,6.209016393442621e-05,1001.0,-199.87410403393537,32,-0.0172265647626773,3.4353330418467523,17949.75833630562
nan,nan,12746752,0.01202281627447519,0.15811767578125,17.428365823626518,389,6.147540983606557e-05,1001.0,-206.21199176874092,32,-0.017008942147367635,5.1784087982960045,17978.528364896774
nan,nan,12779520,0.011532291156618158,0.150927734375,17.445812809467316,390,6.086065573770492e-05,1001.0,-200.62245823505754,32,-0.01709716330151423,4.970441465824843,18006.053515672684
nan,nan,12812288,0.012449321427629912,0.167230224609375,17.42987453341484,391,6.024590163934424e-05,1001.0,-208.76564817058042,32,-0.01678601639723638,3.9584033747203646,18034.10410141945
nan,nan,12845056,0.011120296633453108,0.14560546875,17.44882795214653,392,5.963114754098359e-05,1001.0,-203.44939177281375,48,-0.017089253738959087,6.250281502027065,18061.64809846878
nan,nan,12877824,0.01076274801234831,0.1390625,17.42882503569126,393,5.901639344262294e-05,1001.0,-208.81319752364408,32,-0.018655661577213323,6.135276391729713,18089.34774327278
nan,nan,12910592,0.010662836713527213,0.140350341796875,17.41489059329033,394,5.84016393442623e-05,1001.0,-207.04439107463452,32,-0.0171938014231273,4.074191392771899,18116.972148656845
nan,nan,12943360,0.011270834906827076,0.1481689453125,17.412495338916777,395,5.778688524590165e-05,1001.0,-215.65170475141295,32,-0.01809581092238659,4.409737421385944,18145.44742822647
nan,nan,12976128,0.010369997312591295,0.132598876953125,17.443952777981757,396,5.717213114754097e-05,1001.0,-205.3559984281839,32,-0.01648248015299032,5.1984483824111525,18172.95371580124
nan,nan,13008896,0.012417009536875412,0.1658447265625,17.448351487517357,397,5.655737704918032e-05,1001.0,-216.14499969821483,32,-0.016421236772293922,4.300766302831471,18200.932506799698
nan,nan,13041664,0.011201611879369012,0.143597412109375,17.44314361214638,398,5.594262295081967e-05,1001.0,-220.44528368578597,32,-0.017263243916386273,5.417036930005997,18228.278154611588
nan,nan,13074432,0.012776962015414029,0.166961669921875,17.410254895687103,399,5.532786885245902e-05,1001.0,-210.08527194605855,32,-0.018044083940912968,3.969496149662882,18255.976333618164
nan,nan,13107200,0.010710552582531818,0.138006591796875,17.409426793456078,400,5.4713114754098344e-05,1001.0,-210.63263136918334,32,-0.016637135035853134,4.8059760081581775,18283.3544754982
nan,nan,13139968,0.010852452269682544,0.142864990234375,17.45514371395111,401,5.409836065573769e-05,1001.0,-229.21620630109769,32,-0.017228493501170304,4.1841683282516895,18311.06185078621
nan,nan,13172736,0.009580932405151543,0.11978759765625,17.423534685373305,402,5.348360655737705e-05,1001.0,-204.4449489397262,32,-0.01661219237357727,5.087100990209729,18338.681321382523
nan,nan,13205504,0.01024240064798505,0.13770751953125,17.428104066848753,403,5.28688524590164e-05,1001.0,-219.38977630260877,32,-0.017379874400648986,4.754290882777423,18365.826035499573
nan,nan,13238272,0.010690579625588725,0.1370361328125,17.416603100299834,404,5.225409836065575e-05,1001.0,-209.16298652892806,32,-0.016666471139978968,3.7039734669029714,18394.30041193962
nan,nan,13271040,0.010598229755123612,0.137738037109375,17.445408481359483,405,5.163934426229507e-05,1001.0,-214.79534761934576,32,-0.01605568423328805,5.219953240267932,18422.93827342987
nan,nan,13303808,0.010545128260855564,0.12998046875,17.434957924485207,406,5.102459016393442e-05,1001.0,-207.79806504880648,32,-0.015846329910345958,5.0318264189176265,18450.121342897415
nan,nan,13336576,0.010830755718052388,0.1439208984375,17.446142399311064,407,5.040983606557377e-05,1001.0,-210.86366100648354,32,-0.016258258340531028,3.9078198093455283,18477.56644797325
nan,nan,13369344,0.009123022147468874,0.116510009765625,17.44343521296978,408,4.979508196721312e-05,1001.0,-207.2344185631464,32,-0.017208983502496267,5.012272395100444,18505.026322841644
nan,nan,13402112,0.010387526355407318,0.1310302734375,17.42684424817562,409,4.918032786885244e-05,1001.0,-224.04464489780435,32,-0.016781344242190244,4.467314324481412,18533.236385822296
nan,nan,13434880,0.00998690621345304,0.133258056640625,17.421608954668045,410,4.856557377049179e-05,1001.0,-223.55219239545366,32,-0.016667250790487743,3.7713961392641067,18562.08406162262
nan,nan,13467648,0.009743106772293685,0.128857421875,17.399762803316115,411,4.795081967213115e-05,1001.0,-223.23019455117714,32,-0.01676394074165728,4.874864106625319,18589.693021059036
nan,nan,13500416,0.010086702341141063,0.13316650390625,17.439955514669418,412,4.7336065573770496e-05,1001.0,-224.62682325130731,32,-0.016418579453602433,3.770332252746448,18616.788271665573
-190.45790897318244,4.513241447249106,13500416,nan,nan,nan,nan,nan,nan,nan,nan,nan,nan,18658.41220641136
nan,nan,13533184,0.010354123733850428,0.138604736328125,17.412400290369987,413,4.672131147540982e-05,1001.0,-212.32459950651517,32,-0.015644546400289984,3.0994633724913,18685.893922805786
nan,nan,13565952,0.009649029946376685,0.123590087890625,17.417302376031877,414,4.610655737704917e-05,1001.0,-206.4517910352015,48,-0.016988109378144146,5.789995731785893,18714.840726852417
nan,nan,13598720,0.009144724296129425,0.119232177734375,17.43014500141144,415,4.549180327868852e-05,1001.0,-205.29868240655296,32,-0.016379255329229635,5.655625850055367,18743.895086050034
nan,nan,13631488,0.009613352605083492,0.127874755859375,17.44967339038849,416,4.487704918032787e-05,1001.0,-208.1364027908507,32,-0.017311424359650118,4.405057141277939,18771.708256959915
nan,nan,13664256,0.008577860503646662,0.107647705078125,17.4323971003294,417,4.426229508196723e-05,1001.0,-213.85023232273534,32,-0.01648734919290291,4.1732005554251375,18799.632899284363
nan,nan,13697024,0.009165451813532854,0.121429443359375,17.43619505763054,418,4.364754098360654e-05,1001.0,-228.40485258524157,32,-0.01649309651402291,4.079049247410149,18827.04043030739
nan,nan,13729792,0.008354924243394634,0.10103759765625,17.4533350199461,419,4.30327868852459e-05,1001.0,-203.59909788588115,32,-0.016422662816330556,5.764938274864107,18854.3684258461
nan,nan,13762560,0.008381900998574564,0.10504150390625,17.43009862303734,420,4.2418032786885246e-05,1001.0,-221.40705092154624,32,-0.01635179528457229,4.447693333309144,18881.671713590622
nan,nan,13795328,0.008673732788520284,0.11051025390625,17.487469351291658,421,4.18032786885246e-05,1001.0,-216.70307948648298,32,-0.01670261220424436,4.409801247576252,18909.65784907341
nan,nan,13828096,0.010571580347823328,0.14088134765625,17.44226750433445,422,4.118852459016392e-05,1001.0,-230.85200751084352,32,-0.016583343463935307,4.015126401372254,18938.691425085068
nan,nan,13860864,0.009011029964312911,0.116644287109375,17.45273956656456,423,4.057377049180327e-05,1001.0,-210.51217064340742,32,-0.0168559415738855,3.6405604797881095,18966.607729434967
nan,nan,13893632,0.009310995234773144,0.123443603515625,17.420795914530753,424,3.995901639344262e-05,1001.0,-203.29697405685,32,-0.01642399645279511,3.7654478521086276,18994.657096862793
nan,nan,13926400,0.00833834592049243,0.10772705078125,17.396072334051134,425,3.934426229508198e-05,1001.0,-224.92112554990896,32,-0.016431990263663467,4.849338456289843,19022.646642446518
nan,nan,13959168,0.007887134527845775,0.097381591796875,17.377803763747217,426,3.872950819672129e-05,1001.0,-212.18863235999106,32,-0.015686607444513355,4.612919117836282,19049.82548904419
nan,nan,13991936,0.008622376885614357,0.10428466796875,17.402429804205894,427,3.811475409836065e-05,1001.0,-216.03875253715614,32,-0.01600713982625166,5.058082865690812,19077.605315685272
nan,nan,14024704,0.00935697602435539,0.12386474609375,17.435820895433427,428,3.75e-05,1001.0,-208.01484436812828,32,-0.015377806071046506,3.6442677554208784,19105.459857940674
nan,nan,14057472,0.007516091802244773,0.091510009765625,17.415878984332085,429,3.6885245901639346e-05,1001.0,-202.89665656880675,32,-0.014610333124437602,4.283359696157277,19132.84883904457
nan,nan,14090240,0.008949203489828505,0.116290283203125,17.43982737958431,430,3.62704918032787e-05,1001.0,-206.91095775346196,32,-0.015190558160975342,4.117301005218178,19160.720939397812
nan,nan,14123008,0.00778826082314481,0.098583984375,17.416196644306183,431,3.5655737704918016e-05,1001.0,-209.45850129141084,32,-0.015184768629114841,4.102948744315654,19188.517631292343
nan,nan,14155776,0.00759320431316155,0.093707275390625,17.41485513448715,432,3.504098360655737e-05,1001.0,-212.68763439355092,32,-0.015028475863437052,4.607882696948946,19211.036766529083
nan,nan,14188544,0.007247985748108476,0.08778076171875,17.44747970700264,433,3.442622950819672e-05,1001.0,-207.63083743923286,32,-0.015323713302495889,4.2896648611873385,19233.27664256096
nan,nan,14221312,0.008839583530061645,0.115045166015625,17.424333536624907,434,3.3811475409836076e-05,1001.0,-217.82789042502947,32,-0.016366337400540942,4.1490292041096835,19255.942795038223
nan,nan,14254080,0.0071139270075946115,0.086785888671875,17.407534265518187,435,3.319672131147539e-05,1001.0,-210.94663774818343,32,-0.014015257732171448,4.110249326750636,19282.375962734222
nan,nan,14286848,0.0069021767863887366,0.082733154296875,17.433346477150916,436,3.258196721311475e-05,1001.0,-213.2301602786256,48,-0.01484220683123567,6.218211232870817,19305.7914583683
nan,nan,14319616,0.007803785164287547,0.09952392578125,17.441115579009058,437,3.1967213114754096e-05,1001.0,-215.16751990380268,32,-0.014878737207618542,4.592137108277529,19329.88517522812
nan,nan,14352384,0.007527520115036168,0.092608642578125,17.40225726366043,438,3.135245901639345e-05,1001.0,-222.57535717097414,32,-0.01504922314779833,4.659084456088022,19353.688586711884
nan,nan,14385152,0.007483666651751264,0.093133544921875,17.391102784872054,439,3.0737704918032767e-05,1001.0,-208.15218398652564,32,-0.014931655790860532,3.9208458723966033,19376.222285032272
nan,nan,14417920,0.0072737333073746415,0.090887451171875,17.42674129605293,440,3.012295081967212e-05,1001.0,-210.461880755674,32,-0.014157128842998645,3.732603565044701,19399.16603088379
nan,nan,14450688,0.006895420660657692,0.081976318359375,17.45146408379078,441,2.950819672131147e-05,1001.0,-208.83093853111967,32,-0.014118530381529127,4.778845531772822,19421.255932807922
-195.8236068097021,4.597777399062646,14450688,nan,nan,nan,nan,nan,nan,nan,nan,nan,nan,19452.9229722023
nan,nan,14483456,0.006725099340110318,0.078564453125,17.41952549517155,442,2.8893442622950823e-05,1001.0,-219.90497601295502,32,-0.014696750550501746,4.186766491085291,19476.312042474747
nan,nan,14516224,0.006516769644804299,0.07730712890625,17.394390454888345,443,2.8278688524590176e-05,1001.0,-211.11715031937817,32,-0.014185311718756565,4.33931788969785,19498.54533147812
nan,nan,14548992,0.006273065310233505,0.0712890625,17.43187892138958,444,2.7663934426229494e-05,1001.0,-216.33979205368718,32,-0.014436694573669228,3.988457578187808,19521.168769598007
nan,nan,14581760,0.006516012054635212,0.07841796875,17.43809677362442,445,2.7049180327868846e-05,1001.0,-224.46492440213677,32,-0.013948419131338596,4.495803686697036,19543.842483758926
nan,nan,14614528,0.005981236911247833,0.067120361328125,17.413478580117225,446,2.64344262295082e-05,1001.0,-207.53922766472016,32,-0.013173391633608844,5.085778123140335,19565.92803788185
nan,nan,14647296,0.006200846303909202,0.07242431640625,17.46037462055683,447,2.581967213114755e-05,1001.0,-204.72949849794094,32,-0.013238644395460141,4.783903602976352,19588.562812566757
nan,nan,14680064,0.006172395187240909,0.071270751953125,17.449005550146104,448,2.520491803278687e-05,1001.0,-203.95930292231003,32,-0.013250160835013958,4.281763570383191,19611.041890859604
nan,nan,14712832,0.005680369345282088,0.062530517578125,17.424431797862052,449,2.459016393442622e-05,1001.0,-205.12545300895653,32,-0.013191943154743058,4.256494160369039,19633.44735264778
nan,nan,14745600,0.006467334921762813,0.075970458984375,17.41239906847477,450,2.3975409836065574e-05,1001.0,-206.5474781213866,32,-0.013397344026452629,4.3278762977570295,19657.007661819458
nan,nan,14778368,0.005935635058995104,0.066082763671875,17.421039697527885,451,2.3360655737704926e-05,1001.0,-204.8265557109853,32,-0.01321179810911417,4.206235120538622,19679.87407875061
nan,nan,14811136,0.005563604059352656,0.059765625,17.46843534708023,452,2.2745901639344244e-05,1001.0,-210.75340042866668,32,-0.012848928295716178,5.1753729552030565,19702.246683359146
nan,nan,14843904,0.006019960889170761,0.07042236328125,17.434160894155504,453,2.2131147540983597e-05,1001.0,-201.63374249724296,32,-0.01354369473992847,3.661272732261568,19725.167603492737
nan,nan,14876672,0.005549334574607201,0.060845947265625,17.413807570934296,454,2.151639344262295e-05,1001.0,-210.12607741859026,32,-0.01239579706962104,3.8114475438371302,19747.339137792587
nan,nan,14909440,0.005544133024159237,0.059259033203125,17.414264169335365,455,2.09016393442623e-05,1001.0,-211.42819498348052,32,-0.012546676306737937,4.178397705266252,19769.85912823677
nan,nan,14942208,0.005483225210628007,0.06112060546875,17.413770830631258,456,2.0286885245901653e-05,1001.0,-214.9523506017148,32,-0.012897913742199308,4.469178428500891,19792.661398887634
nan,nan,14974976,0.005125652649803669,0.05328369140625,17.439921498298645,457,1.967213114754097e-05,1001.0,-211.776333081885,48,-0.011911376579882926,5.61869996804744,19814.71866130829
nan,nan,15007744,0.004909576174395624,0.051116943359375,17.409740468859674,458,1.9057377049180324e-05,1001.0,-217.18632636847443,32,-0.012892364312574501,5.1875965564511715,19838.206555604935
nan,nan,15040512,0.004915880672706407,0.05074462890625,17.43269367814064,459,1.8442622950819673e-05,1001.0,-209.37781010502022,32,-0.012202990620426134,4.773926481418312,19860.567563295364
nan,nan,15073280,0.004724375081423204,0.048187255859375,17.444410440325736,460,1.7827868852459025e-05,1001.0,-211.34643511510478,32,-0.01235583262896398,3.640949637675658,19882.95246386528
nan,nan,15106048,0.005164501936087617,0.055157470703125,17.411454272270202,461,1.7213114754098343e-05,1001.0,-207.54199447753453,32,-0.012270391845231644,5.204570210725069,19905.858595609665
nan,nan,15138816,0.004543616687442409,0.04415283203125,17.394997096061708,462,1.6598360655737696e-05,1001.0,-212.32450894232346,32,-0.012268495313401217,4.707272303290665,19928.188784599304
nan,nan,15171584,0.005378976388601586,0.057232666015625,17.39178317785263,463,1.5983606557377048e-05,1001.0,-206.96554005652473,32,-0.01207919989610673,3.4866063846740873,19950.55790734291
nan,nan,15204352,0.004814863923820667,0.048583984375,17.485262724757195,464,1.53688524590164e-05,1001.0,-210.7529568089792,32,-0.011232835814371355,4.193620317522436,19973.039461374283
nan,nan,15237120,0.0038120072669698855,0.032470703125,17.405515569448472,465,1.4754098360655752e-05,1001.0,-205.41488915573967,32,-0.010393930506688775,4.340454122517258,19994.836367368698
nan,nan,15269888,0.004681929359503556,0.0441650390625,17.417953249812125,466,1.413934426229507e-05,1001.0,-207.41493081670632,32,-0.010273432208487065,4.801562382560223,20019.235781431198
nan,nan,15302656,0.003724570456688525,0.03173828125,17.43538044691086,467,1.3524590163934423e-05,1001.0,-220.5043652475873,32,-0.010467060407972895,4.3706984429154545,20041.819616794586
nan,nan,15335424,0.0043046771290391915,0.04130859375,17.425468808412553,468,1.2909836065573775e-05,1001.0,-212.740987075151,32,-0.010937839524558512,3.0977022239938377,20064.195260047913
nan,nan,15368192,0.0038742669912608108,0.033551025390625,17.455012136697768,469,1.2295081967213128e-05,1001.0,-206.02767196721078,32,-0.00961464006031747,4.426983769703656,20087.15208387375
nan,nan,15400960,0.0034251605240569914,0.0262939453125,17.43741170167923,470,1.1680327868852446e-05,1001.0,-210.16276891886744,32,-0.009420647851584363,5.111519271228462,20109.220658779144
-202.13663227193697,4.679462434313365,15400960,nan,nan,nan,nan,nan,nan,nan,nan,nan,nan,20141.01240992546
nan,nan,15433728,0.0033512453857838407,0.025469970703125,17.443049710988998,471,1.1065573770491798e-05,1001.0,-205.85706824539267,32,-0.009250238561435253,4.0098535032942895,20163.898629903793
nan,nan,15466496,0.0031332864411524495,0.022711181640625,17.417155414819717,472,1.045081967213115e-05,1001.0,-228.07486799858333,32,-0.008414951207305421,4.380499412119389,20186.735965013504
nan,nan,15499264,0.003937195401158533,0.034039306640625,17.43426825106144,473,9.836065573770501e-06,1001.0,-215.5464617469117,32,-0.00907334616422304,3.883325109537691,20209.30527448654
nan,nan,15532032,0.0030047463060327573,0.021917724609375,17.405503836274146,474,9.221311475409821e-06,1001.0,-213.94169485360626,32,-0.008047764022194315,3.9437449420802295,20231.972748041153
nan,nan,15564800,0.002434345266374294,0.0142822265625,17.420280349254607,475,8.606557377049172e-06,1001.0,-213.05276833019838,32,-0.007839491882987205,4.330119522288442,20254.3414580822
nan,nan,15597568,0.0029680032370379195,0.021490478515625,17.444377908110617,476,7.991803278688524e-06,1001.0,-208.95451529732236,32,-0.008167580712324707,3.461299263872206,20276.73144364357
nan,nan,15630336,0.0027023453134461307,0.019268798828125,17.44561892747879,477,7.377049180327876e-06,1001.0,-209.4371402612577,32,-0.006812357870512642,3.7854279027320445,20299.486565351486
nan,nan,15663104,0.002117614644157584,0.011871337890625,17.420887050032615,478,6.7622950819672285e-06,1001.0,-212.6360757746694,32,-0.0065090938245703,4.6916598048992455,20321.795296669006
nan,nan,15695872,0.002089750613231445,0.01275634765625,17.442874312400818,479,6.147540983606547e-06,1001.0,-208.2943925711304,48,-0.00641530214161321,5.351164705492556,20344.142288446426
nan,nan,15728640,0.0021437117975438014,0.01126708984375,17.41878032386303,480,5.532786885245899e-06,1001.0,-220.10992486136905,32,-0.0053274742305802645,5.126570929307491,20367.35044169426
nan,nan,15761408,0.0019169200590113179,0.009625244140625,17.426353013515474,481,4.9180327868852505e-06,1001.0,-217.3847074429146,32,-0.005797981270734454,4.290471681859344,20389.43495130539
nan,nan,15794176,0.0026215883663098793,0.01630859375,17.461942833662032,482,4.303278688524603e-06,1001.0,-231.73860939034984,32,-0.005711635637271684,3.4224869756493717,20412.825009822845
nan,nan,15826944,0.0019243517926952336,0.008831787109375,17.379913103580474,483,3.6885245901639216e-06,1001.0,-209.20266101528526,32,-0.00464842430446879,4.865643854346127,20432.251837968826
nan,nan,15859712,0.0012185958315967583,0.0037353515625,17.42866072356701,484,3.0737704918032734e-06,1001.0,-206.67680565956726,32,-0.003898301725712372,3.8451023283414543,20451.59557723999
nan,nan,15892480,0.0006468620900704991,0.001190185546875,17.432683071494104,485,2.4590163934426253e-06,1001.0,-210.83450026621009,32,-0.002898240702779731,4.009913187194615,20470.483974695206
nan,nan,15925248,0.0009882494152407162,0.00191650390625,17.40471984744072,486,1.8442622950819775e-06,1001.0,-223.31977762356718,32,-0.0029398424143437297,4.078474444895983,20489.463957309723
nan,nan,15958016,0.00019771557017520536,5.4931640625e-05,17.44151317179203,487,1.2295081967212961e-06,1001.0,-228.3566417031056,32,-0.0015620030048012269,4.171366751287133,20508.983136177063
nan,nan,15990784,6.12558225839166e-05,0.0,17.415437537431718,488,6.147540983606481e-07,1001.0,-213.99524279517624,32,-0.0007453612488461658,3.944344668742269,20528.047568559647
