eval/mean_return,eval/std_return,step,train/approx_kl,train/clip_fraction,train/entropy,train/iteration,train/lr,train/mean_episode_length,train/mean_reward,train/num_episodes,train/policy_loss,train/value_loss,wall_time
,,2048,0.014724803873104975,0.20986328125,17.52900896072388,1,0.0003,1000.0,-361.2994394240508,2,-0.04222067144874018,21.39719361662865,2.0921099185943604
,,4096,0.016160391582525337,0.23271484375,17.395469468832015,2,0.0002993852459016393,1024.0,-340.0248572159861,2,-0.05372371957055293,20.897324177622796,4.1377646923065186
,,6144,0.02405777219682932,0.30771484375,17.36507186293602,3,0.00029877049180327867,1024.0,-293.5189299435639,2,-0.06020909075450618,13.931021304428578,6.156718969345093
,,8192,0.026608337395009583,0.333251953125,17.480129438638688,4,0.000298155737704918,1024.0,-321.9410143859773,2,-0.0645463629742153,15.561743721365929,8.277095794677734
,,10240,0.023523980999016203,0.30498046875,17.491265934705734,5,0.00029754098360655737,1024.0,-370.5642494653922,2,-0.06600463551294525,19.827817669510843,10.40202784538269
-246.81307297600256,45.08008168801531,10240,nan,nan,nan,nan,nan,nan,nan,nan,nan,nan,13.891371011734009
nan,nan,12288,0.047640537790721284,0.4607421875,17.50725554227829,6,0.0002969262295081967,1024.0,-320.6619204281203,2,-0.06992775549879297,7.421811367571354,16.29254388809204
nan,nan,14336,0.04560543865663931,0.434130859375,17.594792783260345,7,0.00029631147540983607,1024.0,-261.81829203727455,2,-0.06813576883723726,8.32145164385438,18.578723907470703
nan,nan,16384,0.050581435367348604,0.46142578125,17.334055143594743,8,0.00029569672131147536,1024.0,-277.93906985104195,2,-0.07119192783138714,7.832959494739771,20.738141775131226
nan,nan,18432,0.030661584372865036,0.3724609375,17.447944366931914,9,0.0002950819672131147,1024.0,-270.5874366407926,2,-0.07555160718329716,12.364124969393014,22.821954011917114
nan,nan,20480,0.030417521190247498,0.36572265625,17.426473885774612,10,0.00029446721311475406,1024.0,-351.09767329055137,2,-0.06817408957285806,17.11893526613712,24.907334804534912
-254.03547717589055,58.51042765098753,20480,nan,nan,nan,nan,nan,nan,nan,nan,nan,nan,28.27675175666809
nan,nan,22528,0.04906429530237801,0.44501953125,17.399137395620347,11,0.0002938524590163934,1024.0,-276.4439125530307,2,-0.07266658622538671,10.474587839841842,30.36208200454712
nan,nan,24576,0.0388036095246207,0.415185546875,17.485258769989013,12,0.00029323770491803276,1024.0,-280.1025734328623,2,-0.07242294614843559,13.895200398564338,32.47545599937439
nan,nan,26624,0.04584778042626567,0.438232421875,17.52544785141945,13,0.0002926229508196721,1024.0,-355.37463410191344,2,-0.07213136063073762,12.938102239370346,34.60849976539612
nan,nan,28672,0.04279218368756119,0.42958984375,17.404177379608154,14,0.00029200819672131145,1024.0,-343.0294780693233,2,-0.06779014448111412,14.767181195318699,36.71530890464783
nan,nan,30720,0.06736139907443431,0.511083984375,17.51737643480301,15,0.0002913934426229508,1024.0,-374.303169601347,2,-0.07005390208796598,12.580005294084549,38.8421790599823
-212.0601311284385,48.74086621083617,30720,nan,nan,nan,nan,nan,nan,nan,nan,nan,nan,42.24474287033081
nan,nan,32768,0.08327576300653164,0.5423828125,17.37175077199936,16,0.00029077868852459015,1024.0,-354.0926507131494,2,-0.0711720557505032,9.767527590692044,44.34024786949158
nan,nan,34816,0.07866143333958461,0.5525390625,17.484576684236526,17,0.00029016393442622945,1024.0,-318.35547736197094,2,-0.07218379779660608,9.948035749793053,46.42972373962402
nan,nan,36864,0.04177940217778087,0.42431640625,17.63651783466339,18,0.00028954918032786885,1024.0,-350.8214634749852,2,-0.07662785523571074,17.904833801090717,48.52816987037659
nan,nan,38912,0.1444337719673058,0.62255859375,17.575808721780778,19,0.0002889344262295082,1024.0,-297.1344483034863,2,-0.05971906436025165,8.343633654713631,50.644537687301636
nan,nan,40960,0.047174827370326966,0.442138671875,17.48238365650177,20,0.00028831967213114755,1024.0,-394.54913969525467,2,-0.07242784158734139,16.283402045071124,52.72635102272034
-192.70596989077407,57.5929261308419,40960,nan,nan,nan,nan,nan,nan,nan,nan,nan,nan,56.16711378097534
nan,nan,43008,0.07095451397181023,0.518359375,17.426953262090684,21,0.00028770491803278684,1024.0,-301.57795795777326,2,-0.07438023308932315,10.397300073504448,58.24505090713501
nan,nan,45056,0.11164930390077643,0.61494140625,17.427218502759935,22,0.0002870901639344262,1024.0,-298.19880456386727,2,-0.06704156104242429,7.079623167961836,60.2901177406311
nan,nan,47104,0.04205366218229756,0.430615234375,17.472033014893533,23,0.00028647540983606554,1024.0,-216.90756847032054,2,-0.07950089919904713,13.411050887405873,62.35376000404358
nan,nan,49152,0.0639599805668695,0.508056640625,17.39415625333786,24,0.0002858606557377049,1024.0,-267.4685223112109,2,-0.07869402130017988,10.770087464153766,64.4270887374878
nan,nan,51200,0.0685204376175534,0.5123046875,17.44967166185379,25,0.00028524590163934424,1024.0,-255.86179301763548,2,-0.07355165190529078,10.028263096511363,66.48556184768677
-165.02445823423642,64.01965024134809,51200,nan,nan,nan,nan,nan,nan,nan,nan,nan,nan,69.94974303245544
nan,nan,53248,0.04898552872473374,0.459423828125,17.432718628644942,26,0.0002846311475409836,1024.0,-301.7104903212306,2,-0.0750779930211138,14.710785992443562,72.08842992782593
nan,nan,55296,0.03964109953667503,0.421484375,17.421475106477736,27,0.00028401639344262294,1024.0,-289.72107341870185,2,-0.07730099858890753,20.08996944129467,74.22757768630981
nan,nan,57344,0.08037436435406561,0.551123046875,17.42197068929672,28,0.0002834016393442623,1024.0,-199.99142369250015,2,-0.07692816615162883,9.664378203451633,76.32600808143616
nan,nan,59392,0.08626178037084173,0.5638671875,17.542858731746673,29,0.00028278688524590163,1024.0,-334.38028717160773,2,-0.076011381126591,12.331820072233677,78.4768717288971
nan,nan,61440,0.12014053578022868,0.600634765625,17.498098075389862,30,0.00028217213114754093,1024.0,-243.3887658784509,2,-0.070804904391116,9.588368801772594,80.6112289428711
-156.46073785087546,39.874257582011914,61440,nan,nan,nan,nan,nan,nan,nan,nan,nan,nan,84.02841901779175
nan,nan,63488,0.16647409770812374,0.67275390625,17.786586350202562,31,0.0002815573770491803,1024.0,-245.20014395644347,2,-0.06290296764927916,6.722471214085817,86.13970303535461
nan,nan,65536,0.09418589415436145,0.565869140625,17.4283700466156,32,0.0002809426229508196,1024.0,-172.4092419737671,2,-0.07520387112163007,8.925075048953294,88.30027890205383
nan,nan,67584,0.07109456536127254,0.5318359375,17.392758053541183,33,0.00028032786885245903,1024.0,-224.8825344508719,2,-0.08503073277242948,11.046486912667751,90.40497589111328
nan,nan,69632,0.05356067374232225,0.489794921875,17.429053965210915,34,0.0002797131147540983,1024.0,-363.3388743552149,2,-0.081088898415328,15.763811865448952,92.51407790184021
nan,nan,71680,0.034342379271402025,0.40576171875,17.381854391098024,35,0.00027909836065573767,1024.0,-357.23413952579983,2,-0.08129996279458282,26.195416006445885,94.59834599494934
-111.5120129708276,40.86553609242235,71680,nan,nan,nan,nan,nan,nan,nan,nan,nan,nan,98.04422283172607
nan,nan,73728,0.08001451690797694,0.535693359375,17.555769234895706,36,0.000278483606557377,1024.0,-282.2253696360284,2,-0.07008566306030843,13.095744539797305,100.7568588256836
nan,nan,75776,0.14775530929036904,0.6306640625,17.652745306491852,37,0.00027786885245901637,1024.0,-231.13293332894466,2,-0.0650906625407515,9.805122794955969,103.53276896476746
nan,nan,77824,0.09898901109991129,0.587255859375,17.47407782673836,38,0.0002772540983606557,1024.0,-200.18085433227478,2,-0.07448542100610211,11.088055845350027,105.97690010070801
nan,nan,79872,0.09462901857914403,0.595458984375,17.426223826408386,39,0.00027663934426229507,1024.0,-229.18575044974543,2,-0.07659152534615714,12.647064401209354,108.25479388237
nan,nan,81920,0.15479889271664432,0.6708984375,17.520755833387376,40,0.0002760245901639344,1024.0,-309.45106007011293,2,-0.06912559982738457,8.657932271063327,110.48164486885071
-129.90838267740477,46.343235948268294,81920,nan,nan,nan,nan,nan,nan,nan,nan,nan,nan,114.05454993247986
nan,nan,83968,0.09478068558964878,0.57861328125,17.54198585152626,41,0.00027540983606557377,1024.0,-199.37597445706749,2,-0.07956572335970122,10.373402227461337,116.18231391906738
nan,nan,86016,0.26233464377583005,0.72568359375,17.61223824620247,42,0.0002747950819672131,1024.0,-190.54598556786993,2,-0.05401298500073608,4.308513858169317,118.27032494544983
nan,nan,88064,0.045892802393063904,0.440966796875,17.35578410625458,43,0.0002741803278688524,1024.0,-280.70178197905926,2,-0.07029832874541171,15.523845422267915,120.37968468666077
nan,nan,90112,0.11871922002464999,0.6171875,17.406047135591507,44,0.00027356557377049176,1024.0,-252.7720998402441,2,-0.0771696737530874,7.555152101069689,122.48155784606934
-97.23038445922421,64.28033582579417,90112,nan,nan,nan,nan,nan,nan,nan,nan,nan,nan,125.88900089263916
nan,nan,92160,0.055757032067049295,0.483056640625,17.617648422718048,45,0.0002729508196721311,1024.0,-150.67842749678005,2,-0.07970611944183474,10.899971315264702,127.95203399658203
nan,nan,94208,0.046688957681180907,0.44794921875,17.49444924592972,46,0.00027233606557377046,1024.0,-296.51399461029877,2,-0.07572697548312135,14.493070252239704,130.02903294563293
nan,nan,96256,0.062051399875781496,0.489501953125,17.437031435966492,47,0.0002717213114754098,1024.0,-244.89796868803012,2,-0.07984946922806557,13.269767872989178,132.2086100578308
nan,nan,98304,0.16988258657802363,0.64384765625,17.484553521871568,48,0.00027110655737704915,1024.0,-195.08416884675114,2,-0.06744486094394234,6.746389102190733,134.36176586151123
nan,nan,100352,0.0664390731632011,0.490380859375,17.42313120365143,49,0.0002704918032786885,1024.0,-207.2742243753898,2,-0.07283915424923179,11.994607317447663,136.42141485214233
-62.67960696142724,48.20655814590068,100352,nan,nan,nan,nan,nan,nan,nan,nan,nan,nan,139.815691947937
nan,nan,102400,0.09570105088932905,0.577392578125,17.41183134317398,50,0.00026987704918032785,1024.0,-248.41993384032162,2,-0.06786552666453645,10.060500951111317,141.86509799957275
nan,nan,104448,0.14871503462491092,0.632568359375,17.536389851570128,51,0.00026926229508196715,1024.0,-128.20262035120754,2,-0.0667245709017152,6.914662043750286,144.00424695014954
nan,nan,106496,0.20780522607383317,0.69697265625,17.632928049564363,52,0.00026864754098360655,1024.0,-170.85507548378587,2,-0.06929184688196983,5.603612135350704,146.18532609939575
nan,nan,108544,0.17501012246939354,0.6810546875,17.543004262447358,53,0.0002680327868852459,1024.0,-165.43742332033491,2,-0.07364045909489506,5.530172401666642,148.26841592788696
nan,nan,110592,0.13216318918566686,0.644873046875,17.517915880680086,54,0.00026741803278688525,1024.0,-201.42645298083812,2,-0.08003756815742236,5.529158672690391,150.28813481330872
-63.78671813338864,42.4363551778642,110592,nan,nan,nan,nan,nan,nan,nan,nan,nan,nan,153.65966367721558
nan,nan,112640,0.04102907524793409,0.424462890625,17.479327768087387,55,0.0002668032786885246,1024.0,-275.2854908951773,2,-0.07522150757722557,13.188427735865115,155.6624310016632
nan,nan,114688,0.05867028016946278,0.495654296875,17.35762768983841,56,0.0002661885245901639,1024.0,-216.78172593983234,2,-0.08095767901395448,9.083479540795087,157.75660800933838
nan,nan,116736,0.06411407977866475,0.52275390625,17.386101871728897,57,0.00026557377049180324,1024.0,-143.21066597173572,2,-0.08168925365316682,11.37756786942482,159.8697109222412
nan,nan,118784,0.0703260028414661,0.52138671875,17.55597316622734,58,0.0002649590163934426,1024.0,-247.04158660717457,2,-0.0818317923869472,12.251439236104488,162.02958369255066
nan,nan,120832,0.1633233369764639,0.669677734375,17.3971916615963,59,0.00026434426229508194,1024.0,-126.85268792141174,2,-0.08426300778519362,5.824777795374393,164.04515886306763
-79.9628762642541,60.54028313262081,120832,nan,nan,nan,nan,nan,nan,nan,nan,nan,nan,167.45066475868225
nan,nan,122880,0.0905693220498506,0.554638671875,17.48267905116081,60,0.0002637295081967213,1024.0,-230.27348536451473,2,-0.0745216602954315,9.656433584541082,169.43623805046082
nan,nan,124928,0.18244795920036266,0.679150390625,17.537457370758055,61,0.00026311475409836063,1024.0,-208.38826479759967,2,-0.07819038855377584,5.543202218413353,171.46191477775574
nan,nan,126976,0.1119668551516952,0.60078125,17.3899812489748,62,0.0002625,1024.0,-174.29034049246195,2,-0.0858291042241035,8.002791694551707,173.52195596694946
nan,nan,129024,0.14266931421007029,0.643408203125,17.53368803858757,63,0.00026188524590163933,1024.0,-106.09930948223331,2,-0.08346750107884873,7.184057038277388,175.7008979320526
nan,nan,131072,0.16210768142773305,0.6501953125,17.658242845535277,64,0.0002612704918032787,1024.0,-108.80638234624642,2,-0.08350610986235552,6.604362978041172,177.76702785491943
-42.22202767606895,73.50394770159917,131072,nan,nan,nan,nan,nan,nan,nan,nan,nan,nan,181.21817088127136
nan,nan,133120,0.07479318829427939,0.538134765625,17.42397314310074,65,0.000260655737704918,1024.0,-82.22758011062942,2,-0.07959812887711451,9.06768250092864,183.26723384857178
nan,nan,135168,0.1816813335637562,0.67275390625,17.51264207959175,66,0.0002600409836065573,1024.0,-126.85323074117247,2,-0.07879261988273356,5.227888859808445,186.15110397338867
nan,nan,137216,0.08418391671148129,0.557470703125,17.41979823708534,67,0.00025942622950819673,1024.0,-142.02921551173006,2,-0.08472633782657794,10.614297519624234,188.71226692199707
nan,nan,139264,0.08611587088962551,0.585595703125,17.38705592751503,68,0.000258811475409836,1024.0,-153.74710777056256,2,-0.08865844234533142,9.862813018262386,191.32846593856812
nan,nan,141312,0.11214346402266528,0.615380859375,17.421523624658583,69,0.00025819672131147537,1024.0,-137.7458648579575,2,-0.0836755845186417,8.76582443267107,193.9603350162506
21.362108813384275,54.04860372557766,141312,nan,nan,nan,nan,nan,nan,nan,nan,nan,nan,197.73942875862122
nan,nan,143360,0.10474680159823038,0.60400390625,17.337097012996672,70,0.0002575819672131147,1024.0,-58.08450749751327,2,-0.07846015693212394,9.274458420276641,200.117614030838
nan,nan,145408,0.19862829070771112,0.709716796875,17.57044251561165,71,0.00025696721311475407,1024.0,-113.72874607990657,2,-0.08385530879895668,6.824099364876747,202.65020990371704
nan,nan,147456,0.05904917423613369,0.5037109375,17.419829154014586,72,0.0002563524590163934,1024.0,-151.97161988318797,2,-0.07763835869554896,13.984031282365322,205.50321793556213
nan,nan,149504,0.13807099603000098,0.627294921875,17.5541434943676,73,0.00025573770491803277,1024.0,-76.06275348695574,2,-0.08339592857810203,7.625029356777668,208.00377583503723
nan,nan,151552,0.07036086736770812,0.5478515625,17.466887378692626,74,0.0002551229508196721,1024.0,-186.26633745731039,2,-0.08827706011652481,15.505887545645237,210.10994791984558
16.547493701927774,67.5316616601704,151552,nan,nan,nan,nan,nan,nan,nan,nan,nan,nan,213.79181265830994
nan,nan,153600,0.22078926880203653,0.707958984375,17.665468430519105,75,0.00025450819672131146,1024.0,-56.219805750589884,2,-0.07247615433007012,6.006375098228455,216.07467103004456
nan,nan,155648,0.173744460529997,0.69130859375,17.512799662351608,76,0.0002538934426229508,1024.0,-80.35966351424624,2,-0.08755855681083631,7.327504109591246,218.7795467376709
nan,nan,157696,0.14216190326551442,0.664404296875,17.441655617952346,77,0.0002532786885245901,1024.0,-49.69259324648355,2,-0.09139901117887347,7.575667697191238,222.13764190673828
nan,nan,159744,0.1353627659729682,0.655859375,17.542164301872255,78,0.00025266393442622946,1024.0,-66.48420085608134,2,-0.0879436621646164,6.900379909574985,224.78945398330688
nan,nan,161792,0.10310156694904435,0.60419921875,17.4463122010231,79,0.0002520491803278688,1024.0,-55.0862513247791,2,-0.09128615040681325,8.575129532814026,227.5386197566986
95.89115814331727,34.15205618419284,161792,nan,nan,nan,nan,nan,nan,nan,nan,nan,nan,231.4824550151825
nan,nan,163840,0.1720871060329955,0.665869140625,17.601212793588637,80,0.00025143442622950816,1024.0,-105.49177339731922,2,-0.08156852704414633,7.256366115063429,233.60926389694214
nan,nan,165888,0.04773145132348873,0.47294921875,17.351661843061446,81,0.00025081967213114756,1024.0,-173.10301438825667,2,-0.08158818088122644,17.92868086695671,235.91862607002258
nan,nan,167936,0.07052955872786697,0.52783203125,17.463622546195985,82,0.0002502049180327869,1024.0,-62.41510358741684,2,-0.07650330508913612,12.905034962296487,238.60820293426514
nan,nan,169984,0.05803581272484735,0.479541015625,17.508147764205933,83,0.0002495901639344262,1024.0,-104.72485345297908,2,-0.07878157941740938,16.467427669465543,240.77170872688293
nan,nan,172032,0.1629350792558398,0.65302734375,17.611509215831756,84,0.00024897540983606555,1024.0,-84.4628578236763,2,-0.07652989625930787,9.542010103166103,242.85895705223083
91.13289016475314,37.73034141480114,172032,nan,nan,nan,nan,nan,nan,nan,nan,nan,nan,246.30350303649902
nan,nan,174080,0.1492947734775953,0.66416015625,17.427811908721925,85,0.0002483606557377049,1024.0,-28.310175743659112,2,-0.08285746521723922,9.003745460510254,248.29534673690796
nan,nan,176128,0.22684115259908139,0.709228515625,17.68481160402298,86,0.00024774590163934425,1024.0,-73.24416632477109,2,-0.07966254623024724,5.857862332463265,250.4531488418579
nan,nan,178176,0.07351631821948104,0.553515625,17.463652509450913,87,0.0002471311475409836,1024.0,-188.4809189880372,2,-0.08076040184532758,16.14651193022728,252.60145688056946
nan,nan,180224,0.16151801488013007,0.6607421875,17.502241200208665,88,0.00024651639344262295,1024.0,29.660620890936954,2,-0.08154147189343348,6.937513659149408,254.86193680763245
143.41151439108216,48.91049525479849,180224,nan,nan,nan,nan,nan,nan,nan,nan,nan,nan,258.38231587409973
nan,nan,182272,0.3110413208924001,0.74638671875,17.654711270332335,89,0.0002459016393442623,1024.0,-38.35082311204866,2,-0.06295116929977666,4.907950054109096,260.4683430194855
nan,nan,184320,0.12335731436614879,0.62978515625,17.699198174476624,90,0.00024528688524590164,1024.0,-69.87606977335737,2,-0.08394811929028947,7.067848102748394,262.86633491516113
nan,nan,186368,0.17529113955097272,0.685791015625,17.606357008218765,91,0.00024467213114754094,1024.0,-49.65841209237863,2,-0.09104394617315847,5.878729075193405,265.1375699043274
nan,nan,188416,0.19116552424966357,0.704248046875,17.58450537919998,92,0.00024405737704918031,1024.0,-38.855127329316,2,-0.08045455883257091,5.600961971282959,267.7176818847656
nan,nan,190464,0.13579747076146303,0.628857421875,17.441656970977782,93,0.00024344262295081966,1024.0,-27.788168613085077,2,-0.09065312585153151,9.699410419166089,270.0888240337372
155.594108467976,44.841814173533585,190464,nan,nan,nan,nan,nan,nan,nan,nan,nan,nan,273.5781099796295
nan,nan,192512,0.148299855471123,0.6732421875,17.651706522703172,94,0.000242827868852459,1024.0,76.01939945629444,2,-0.0910386095260037,7.0702172592282295,275.8647379875183
nan,nan,194560,0.1454890969005646,0.659130859375,17.531212574243547,95,0.00024221311475409833,1024.0,-52.06657369962643,2,-0.08562543232401368,7.938910529017448,278.4513409137726
nan,nan,196608,0.10859979021188337,0.61142578125,17.509495860338212,96,0.00024159836065573768,1024.0,15.057469910624722,2,-0.08673906254698523,9.290582084655762,281.3024318218231
nan,nan,198656,0.14204720858542713,0.638720703125,17.521553444862366,97,0.00024098360655737703,1024.0,48.27074948350713,2,-0.08978542889817617,11.103506335616112,283.8845818042755
nan,nan,200704,0.13904845026845578,0.652490234375,17.464051061868666,98,0.00024036885245901638,1024.0,21.152081181030606,2,-0.08739748082589358,8.957898569852114,286.2888250350952
197.37404023933772,44.641919759321425,200704,nan,nan,nan,nan,nan,nan,nan,nan,nan,nan,289.9768807888031
nan,nan,202752,0.23804776396136731,0.724609375,17.534778201580046,99,0.00023975409836065573,1024.0,8.270815462267999,2,-0.07705591911508236,5.1586244367063046,292.0231468677521
nan,nan,204800,0.18422530143579935,0.702880859375,17.6119002699852,100,0.00023913934426229505,1024.0,-8.629711563606563,2,-0.0902296870292048,6.060671800374985,294.1787598133087
nan,nan,206848,0.07345814146101474,0.5341796875,17.351864647865295,101,0.0002385245901639344,1024.0,-132.57909889181772,2,-0.08286619624996092,10.418678304553032,296.3768289089203
nan,nan,208896,0.15285663394606672,0.67265625,17.558377039432525,102,0.00023790983606557375,1024.0,-5.482975537346604,2,-0.09099419871854479,9.256334038078785,298.55043292045593
nan,nan,210944,0.13391664558439514,0.6486328125,17.427201908826827,103,0.00023729508196721307,1024.0,26.72159978878208,2,-0.09478490830515511,9.327285462617875,300.81062602996826
188.46842942039135,87.10763355982567,210944,nan,nan,nan,nan,nan,nan,nan,nan,nan,nan,304.4470899105072
nan,nan,212992,0.12939788360963575,0.640087890625,17.415602093935014,104,0.00023668032786885242,1024.0,118.9122103245165,2,-0.09418003022074117,10.555042806267739,306.90717577934265
nan,nan,215040,0.19700886660721154,0.6828125,17.550445872545243,105,0.00023606557377049177,1024.0,8.617989222816707,2,-0.07806200690101832,8.481894965469838,309.4130918979645
nan,nan,217088,0.13966844421811403,0.659423828125,17.5201369702816,106,0.00023545081967213112,1024.0,73.86490699817485,2,-0.0876575577800395,8.618462440371513,311.79233503341675
nan,nan,219136,0.11297437113535125,0.608544921875,17.490848869085312,107,0.0002348360655737705,1024.0,32.46221918345226,2,-0.08878845123690553,10.957603484392166,314.25142192840576
nan,nan,221184,0.1970919428858906,0.69111328125,17.560232317447664,108,0.00023422131147540984,1024.0,141.6868820562203,2,-0.08163399707700592,7.875654904544353,316.37082290649414
253.5289493670844,64.3110515061042,221184,nan,nan,nan,nan,nan,nan,nan,nan,nan,nan,320.29025197029114
nan,nan,223232,0.1285920288937632,0.630810546875,17.369394493103027,109,0.00023360655737704916,1024.0,55.96959128784955,2,-0.08313730659428983,10.978229269385338,322.6366157531738
nan,nan,225280,0.12519538850174286,0.652734375,17.598413544893265,110,0.0002329918032786885,1024.0,16.977773520734598,2,-0.08588831762317568,9.723079225420951,324.9025619029999
nan,nan,227328,0.07103204239683691,0.53916015625,17.4946191072464,111,0.00023237704918032786,1024.0,-52.514997480977605,2,-0.08731236269522924,16.864324364066125,327.4635818004608
nan,nan,229376,0.18266725462453906,0.66962890625,17.6007709980011,112,0.00023176229508196718,1024.0,82.75199415921222,2,-0.08860481020237784,11.798979540169238,329.86381793022156
nan,nan,231424,0.18589815842278767,0.696630859375,17.509357500076295,113,0.00023114754098360653,1024.0,122.95060935039095,2,-0.08333427909819875,10.046337144076825,331.9075880050659
274.9445900325259,99.54003831665152,231424,nan,nan,nan,nan,nan,nan,nan,nan,nan,nan,335.34227299690247
nan,nan,233472,0.23482329369871877,0.7185546875,17.690440583229066,114,0.00023053278688524588,1024.0,69.78171397368666,2,-0.07754171862034127,9.125480090081691,337.3641710281372
nan,nan,235520,0.12146886835980694,0.640478515625,17.458745712041853,115,0.00022991803278688523,1024.0,83.39819405659748,2,-0.09092943652067334,11.795712839066983,339.5687589645386
nan,nan,237568,0.1535188700829167,0.66064453125,17.56640909910202,116,0.00022930327868852458,1024.0,130.4464482497565,2,-0.08871201896399725,10.603295049071312,341.68971991539
nan,nan,239616,0.17614146549312865,0.679931640625,17.5248481631279,117,0.00022868852459016393,1024.0,78.36769683345246,2,-0.08309982140635838,9.259305625408889,343.89343094825745
nan,nan,241664,0.2090020754985744,0.7140625,17.47067156434059,118,0.00022807377049180325,1024.0,104.79287243469349,2,-0.08191541671549203,9.224124705791473,346.0629689693451
263.9901541866623,69.47590345742076,241664,nan,nan,nan,nan,nan,nan,nan,nan,nan,nan,349.51697182655334
nan,nan,243712,0.18495912707585377,0.7029296875,17.598771542310715,119,0.0002274590163934426,1024.0,56.02844508690895,2,-0.07969004626502282,9.06166727989912,351.5441188812256
nan,nan,245760,0.14634697398578284,0.647265625,17.469116467237473,120,0.00022684426229508195,1024.0,69.7683976991147,2,-0.08788555470237043,7.713069325685501,353.7354669570923
nan,nan,247808,0.1923181495454628,0.696875,17.518114280700683,121,0.00022622950819672127,1024.0,125.16957738347779,2,-0.07826511303137522,8.89847123324871,356.04640889167786
nan,nan,249856,0.20524362004362046,0.699951171875,17.54198825955391,122,0.00022561475409836062,1024.0,164.4194608723153,2,-0.07403638848627452,7.871463982760906,358.1956458091736
nan,nan,251904,0.06464103608741426,0.517529296875,17.34624051451683,123,0.000225,1024.0,106.84427541315658,2,-0.07833079643896781,19.69690182507038,360.19991970062256
340.178169404024,29.73061222129449,251904,nan,nan,nan,nan,nan,nan,nan,nan,nan,nan,363.75286984443665
nan,nan,253952,0.17238086727738847,0.66455078125,17.540493881702425,124,0.00022438524590163934,1024.0,154.16697978877096,2,-0.08088183302315884,10.192169804871082,365.89487195014954
nan,nan,256000,0.17553971193847245,0.679443359375,17.499352234601975,125,0.0002237704918032787,1024.0,184.18595211913362,2,-0.0806083256873535,9.176121978461742,368.040638923645
nan,nan,258048,0.32767452292901,0.752392578125,17.53581858277321,126,0.00022315573770491804,1024.0,126.21027127856719,2,-0.06904257258283905,6.621348837763071,370.60595774650574
nan,nan,260096,0.11138574516226071,0.618603515625,17.478186947107314,127,0.00022254098360655736,1024.0,130.77391872361855,2,-0.08841190605016891,11.603504821658134,373.03364872932434
330.5401392851578,69.61528338109953,260096,nan,nan,nan,nan,nan,nan,nan,nan,nan,nan,376.6317298412323
nan,nan,262144,0.14255773688782938,0.665966796875,17.5441341817379,128,0.0002219262295081967,1024.0,144.65822872798742,2,-0.09116415733878966,10.38762337565422,378.82810497283936
nan,nan,264192,0.17937192215467804,0.673876953125,17.400808012485506,129,0.00022131147540983603,1024.0,191.51071710780406,2,-0.08834115100617054,9.373829545080662,381.33389377593994
nan,nan,266240,0.13894106123771052,0.655419921875,17.561586368083955,130,0.00022069672131147538,1024.0,170.07811946043648,2,-0.08959788197244052,10.612743160128593,383.71185994148254
nan,nan,268288,0.16621910292597022,0.64853515625,17.48639547228813,131,0.00022008196721311473,1024.0,222.1369741266002,2,-0.07623889191017952,11.205867204070092,386.1968288421631
nan,nan,270336,0.10766777056851425,0.60234375,17.517763513326646,132,0.00021946721311475408,1024.0,136.36606962401254,2,-0.08855767207569443,11.543248948454856,388.56764578819275
337.3734340920963,92.92990708404704,270336,nan,nan,nan,nan,nan,nan,nan,nan,nan,nan,392.03415298461914
nan,nan,272384,0.09475541975698434,0.5943359375,17.38179678916931,133,0.00021885245901639343,1024.0,117.8719062669791,2,-0.08827680952090304,15.475800512731075,394.31630086898804
nan,nan,274432,0.26518403708760163,0.73134765625,17.554353022575377,134,0.00021823770491803278,1024.0,128.74434252482672,2,-0.07523311394033953,8.327409359067678,397.17611289024353
nan,nan,276480,0.1412519114848692,0.6474609375,17.535273724794386,135,0.0002176229508196721,1024.0,188.22324415435648,2,-0.07780048043641727,11.355851255357265,400.12292098999023
nan,nan,278528,0.1419057191873435,0.649267578125,17.534738653898238,136,0.00021700819672131145,1024.0,187.168985555676,2,-0.09164638450893108,13.515562929213047,402.8101909160614
nan,nan,280576,0.14384985411306844,0.6697265625,17.62878947854042,137,0.0002163934426229508,1024.0,174.62573300864278,2,-0.08431602697237395,12.732333414256573,405.3053159713745
351.01673039327426,58.76004018623223,280576,nan,nan,nan,nan,nan,nan,nan,nan,nan,nan,409.15348076820374
nan,nan,282624,0.08465325721772388,0.557861328125,17.479722970724104,138,0.00021577868852459012,1024.0,70.69207612311753,2,-0.08582570930593647,16.940894439816475,411.49834394454956
nan,nan,284672,0.23529665092355573,0.7107421875,17.584608739614488,139,0.00021516393442622947,1024.0,222.64840233876328,2,-0.06850883202569094,10.406273572146892,413.72047781944275
nan,nan,286720,0.16568558897124602,0.670556640625,17.431322705745696,140,0.00021454918032786884,1024.0,169.74120479031473,2,-0.08562174600956496,10.311993563175202,416.12943410873413
nan,nan,288768,0.3126125905691879,0.738720703125,17.702574563026428,141,0.0002139344262295082,1024.0,169.99912735137084,2,-0.06855369708500803,7.506117089092731,418.21647477149963
nan,nan,290816,0.14410767637891694,0.649462890625,17.529860639572142,142,0.00021331967213114754,1024.0,189.29660091875382,2,-0.08456841696752235,9.515018263459206,420.28281903266907
388.2832430679018,74.49301556054203,290816,nan,nan,nan,nan,nan,nan,nan,nan,nan,nan,423.74728083610535
nan,nan,292864,0.0865090494742617,0.58076171875,17.396387749910353,143,0.0002127049180327869,1024.0,87.49041185200718,2,-0.09326868094212841,17.479287588596343,425.75420475006104
nan,nan,294912,0.16483741838019342,0.671728515625,17.406371819972993,144,0.0002120901639344262,1024.0,170.6661450709326,2,-0.08678254905098584,9.426621954143048,427.8231086730957
nan,nan,296960,0.19053333200572525,0.698095703125,17.54603394269943,145,0.00021147540983606556,1024.0,224.6767206448851,2,-0.08168585671810433,9.137641164660455,429.9557900428772
nan,nan,299008,0.14962684320053085,0.661865234375,17.55901159644127,146,0.00021086065573770488,1024.0,206.75218717155724,2,-0.08497373298159801,10.939095796644688,432.0700738430023
nan,nan,301056,0.31353735399316063,0.71796875,17.65720805823803,147,0.00021024590163934423,1024.0,204.90764374559598,2,-0.06301175359112676,9.206601645052434,434.12769889831543
414.5511073512545,97.55080823051077,301056,nan,nan,nan,nan,nan,nan,nan,nan,nan,nan,437.55929589271545
nan,nan,303104,0.21258063960412982,0.69267578125,17.578607535362245,148,0.00020963114754098358,1024.0,286.2958359710757,2,-0.07860852899320889,9.304733009636402,439.5923147201538
nan,nan,305152,0.2530089746200247,0.710986328125,17.654746723175048,149,0.00020901639344262293,1024.0,290.0992643149203,2,-0.07662170660769334,9.876819483935833,441.7094519138336
nan,nan,307200,0.09495253347267862,0.578271484375,17.29266936182976,150,0.00020840163934426228,1024.0,160.108582057719,2,-0.08329263827181421,15.079205486178399,443.8390667438507
nan,nan,309248,0.12611616781214252,0.6361328125,17.507554137706755,151,0.00020778688524590163,1024.0,201.03745491192868,2,-0.09602204630209599,12.703322331607342,445.92435097694397
nan,nan,311296,0.23654837106587365,0.642333984375,17.43499991297722,152,0.00020717213114754098,1024.0,290.158794621211,2,-0.07709174972842447,11.10561882406473,447.93693375587463
478.2775858170404,70.54785464787625,311296,nan,nan,nan,nan,nan,nan,nan,nan,nan,nan,451.3122968673706
nan,nan,313344,0.11289192588592414,0.5662109375,17.402625146508218,153,0.0002065573770491803,1024.0,126.64997309851441,2,-0.08562300070334458,15.243034070730209,453.38025069236755
nan,nan,315392,0.14539497960649897,0.676025390625,17.5266584277153,154,0.00020594262295081965,1024.0,266.4715207779045,2,-0.08527288140030578,12.893835772573947,455.4702970981598
nan,nan,317440,0.12183069429011084,0.626318359375,17.37485717535019,155,0.00020532786885245897,1024.0,317.7850920130336,2,-0.08747384530433919,15.535183361172676,457.65915179252625
nan,nan,319488,0.19219625352998265,0.65556640625,17.45805208683014,156,0.00020471311475409832,1024.0,365.27992837589176,2,-0.07708344865241087,13.990262946486473,459.8204689025879
nan,nan,321536,0.20174438587564508,0.68427734375,17.589020532369613,157,0.0002040983606557377,1024.0,316.3255613886556,2,-0.08361529629328288,11.39060894101858,462.1239459514618
532.0457747126665,66.60366611912836,321536,nan,nan,nan,nan,nan,nan,nan,nan,nan,nan,467.07740473747253
nan,nan,323584,0.16422429541125894,0.67412109375,17.5593562066555,158,0.00020348360655737704,1024.0,324.3253723482205,2,-0.08622110220894683,14.087736551463603,469.2428300380707
nan,nan,325632,0.1867089968349319,0.68740234375,17.58317134976387,159,0.0002028688524590164,1024.0,304.2659534978935,2,-0.07668898333213292,11.156416852772235,471.87111377716064
nan,nan,327680,0.14772898187802638,0.664501953125,17.381294351816177,160,0.00020225409836065574,1024.0,310.82136881415516,2,-0.08074697923730127,13.427918146550656,474.0050747394562
nan,nan,329728,0.10927082335401792,0.58427734375,17.416974312067033,161,0.0002016393442622951,1024.0,225.5550073902661,2,-0.08807286822266178,21.027991542220114,476.0600047111511
nan,nan,331776,0.16108858624356798,0.662744140625,17.63473161458969,162,0.0002010245901639344,1024.0,322.3812193735479,2,-0.08210640518227592,13.611590974032879,478.06700682640076
548.8864400140627,63.76346028520407,331776,nan,nan,nan,nan,nan,nan,nan,nan,nan,nan,481.4969127178192
nan,nan,333824,0.14857835778966547,0.6421875,17.457832545042038,163,0.00020040983606557376,1024.0,220.0610962789105,2,-0.08417072601732797,16.061642178893088,483.5192048549652
nan,nan,335872,0.09347440847777762,0.597314453125,17.44357898235321,164,0.00019979508196721308,1024.0,290.57476720354333,2,-0.08403271061251871,21.186737981438636,485.5874927043915
nan,nan,337920,0.09818827271810733,0.58779296875,17.517034709453583,165,0.00019918032786885243,1024.0,311.5061499438939,2,-0.08014839430979918,20.491896110773087,487.66638684272766
nan,nan,339968,0.25349543782649564,0.69560546875,17.48326131105423,166,0.00019856557377049178,1024.0,356.4863633528058,2,-0.05810200561536476,14.814536726474762,489.7340657711029
nan,nan,342016,0.13710070476518013,0.62900390625,17.43438876271248,167,0.00019795081967213113,1024.0,340.5115045599756,2,-0.07517833586316555,16.472603802382945,491.7992889881134
575.8814028345153,42.519137500472034,342016,nan,nan,nan,nan,nan,nan,nan,nan,nan,nan,495.34238481521606
nan,nan,344064,0.25585185418021866,0.726318359375,17.534272503852844,168,0.00019733606557377048,1024.0,357.403744897047,2,-0.06292470994085306,14.044411328434943,497.38003301620483
nan,nan,346112,0.19147370705904904,0.70087890625,17.533179646730424,169,0.00019672131147540983,1024.0,394.2584277893068,2,-0.06928806809592061,14.219254235923291,499.53006196022034
nan,nan,348160,0.20399924551893492,0.7076171875,17.553750443458558,170,0.00019610655737704915,1024.0,321.25498100612845,2,-0.08221679215494078,14.815341794490815,501.6978919506073
nan,nan,350208,0.14305243234266526,0.653662109375,17.561494183540344,171,0.0001954918032786885,1024.0,411.50378594368857,2,-0.07704762468929402,14.949682147800923,503.7471957206726
495.5548376730121,71.31160509486155,350208,nan,nan,nan,nan,nan,nan,nan,nan,nan,nan,507.1089267730713
nan,nan,352256,0.11276099427777808,0.604541015625,17.531985539197922,172,0.00019487704918032787,1024.0,338.9332709830461,2,-0.07262940366636031,18.470530569553375,509.12104892730713
nan,nan,354304,0.13979508925986012,0.63056640625,17.447884958982467,173,0.00019426229508196717,1024.0,322.62649579811364,2,-0.07914028809173032,16.11822614520788,511.28108167648315
nan,nan,356352,0.16517510189150925,0.667919921875,17.525129771232606,174,0.00019364754098360654,1024.0,505.3536995417754,2,-0.07807045333320276,15.327766668796539,513.638035774231
nan,nan,358400,0.13173418874794152,0.6345703125,17.42358965277672,175,0.0001930327868852459,1024.0,382.54741565318034,2,-0.07692567943304311,19.585263308882713,515.8125398159027
nan,nan,360448,0.17517754595319274,0.668603515625,17.496584159135818,176,0.00019241803278688524,1024.0,355.9475856153417,2,-0.07357796868309378,13.01251878887415,517.8335227966309
563.4783948077727,36.874002409889776,360448,nan,nan,nan,nan,nan,nan,nan,nan,nan,nan,521.170108795166
nan,nan,362496,0.14260210767679382,0.640283203125,17.505168050527573,177,0.0001918032786885246,1024.0,279.58096202016253,2,-0.08253550910449121,18.143622636795044,523.1738810539246
nan,nan,364544,0.21062048333114944,0.719580078125,17.52357726097107,178,0.00019118852459016394,1024.0,407.9236717810568,2,-0.06862970624642913,13.885345615446568,525.2433278560638
nan,nan,366592,0.21251418090832885,0.6984375,17.480078566074372,179,0.00019057377049180326,1024.0,464.23743734003597,2,-0.060962482981267385,16.072788974642755,527.3332848548889
nan,nan,368640,0.12690303281706292,0.635986328125,17.52768706679344,180,0.0001899590163934426,1024.0,323.3739502516546,2,-0.07549633570597507,16.620635472238064,529.741513967514
nan,nan,370688,0.23888509209209588,0.709814453125,17.65009813904762,181,0.00018934426229508193,1024.0,386.2418172760463,2,-0.06901923040568363,12.966236838698388,531.8067638874054
614.6603721820107,58.58055611465395,370688,nan,nan,nan,nan,nan,nan,nan,nan,nan,nan,535.1955597400665
nan,nan,372736,0.13277065606962424,0.6408203125,17.44723016023636,182,0.00018872950819672128,1024.0,372.65983577778434,2,-0.07599873720027972,16.496508015692235,537.1740248203278
nan,nan,374784,0.16417694613337516,0.66962890625,17.630311155319212,183,0.00018811475409836063,1024.0,425.6634884688995,2,-0.06920644149940927,14.879373487830161,539.4563949108124
nan,nan,376832,0.11327488128736149,0.6189453125,17.386752867698668,184,0.00018749999999999998,1024.0,450.21739508597113,2,-0.07645058684574906,16.744065067172052,541.9060337543488
nan,nan,378880,0.17154640424996614,0.669091796875,17.53415659070015,185,0.00018688524590163933,1024.0,423.2242674367779,2,-0.06507495238038245,15.973120459914208,544.1700448989868
nan,nan,380928,0.1614673091971781,0.684228515625,17.527024281024932,186,0.00018627049180327867,1024.0,366.616886721269,2,-0.07915657767443918,14.175940351188183,546.7127830982208
597.7965386241065,76.40500759416943,380928,nan,nan,nan,nan,nan,nan,nan,nan,nan,nan,550.0997369289398
nan,nan,382976,0.18830802616721484,0.69638671875,17.54297208189964,187,0.00018565573770491805,1024.0,439.5829815338825,2,-0.07241345884394831,18.33702933639288,552.0828499794006
nan,nan,385024,0.17232305328070652,0.67451171875,17.583454436063768,188,0.00018504098360655735,1024.0,377.2400176068539,2,-0.0695073359151138,14.845856522023677,554.1714379787445
nan,nan,387072,0.15215226848376914,0.648583984375,17.359962260723115,189,0.00018442622950819672,1024.0,421.6925335896717,2,-0.07302304916665889,14.36239617317915,556.2542340755463
nan,nan,389120,0.16902675470046233,0.68154296875,17.667636674642562,190,0.00018381147540983602,1024.0,370.7923486847735,2,-0.07244413537264335,13.584617859125137,558.3757009506226
nan,nan,391168,0.13645188147202134,0.64326171875,17.47020384669304,191,0.0001831967213114754,1024.0,446.7833282756642,2,-0.07996432802465278,16.137823790311813,560.4255800247192
600.124440539186,80.81938872036834,391168,nan,nan,nan,nan,nan,nan,nan,nan,nan,nan,563.8734917640686
nan,nan,393216,0.1341300914355088,0.641357421875,17.48645983338356,192,0.00018258196721311474,1024.0,439.8037882461599,2,-0.07705146634834818,15.482946993410588,566.4001767635345
nan,nan,395264,0.16636654300964437,0.672314453125,17.538027739524843,193,0.0001819672131147541,1024.0,445.0945835096276,2,-0.07164310691005085,14.886286704242229,568.7538778781891
nan,nan,397312,0.09232309812214226,0.588916015625,17.614246171712875,194,0.00018135245901639344,1024.0,415.7022197129319,2,-0.07391720475279726,20.247071552276612,570.8996479511261
nan,nan,399360,0.13653003899089527,0.643798828125,17.502375024557114,195,0.0001807377049180328,1024.0,509.1901574517859,2,-0.07309056901722215,17.334844240546225,573.0103757381439
nan,nan,401408,0.0757121977279894,0.55166015625,17.4485134601593,196,0.0001801229508196721,1024.0,329.64906650750964,2,-0.07553323222091421,27.20925654768944,575.0799958705902
671.2363074695078,60.17734584128022,401408,nan,nan,nan,nan,nan,nan,nan,nan,nan,nan,578.5663669109344
nan,nan,403456,0.1152984242857201,0.62529296875,17.631395590305328,197,0.00017950819672131146,1024.0,419.7640547099658,2,-0.07838545820559376,20.20295692384243,580.6587598323822
nan,nan,405504,0.060669767766376025,0.5072265625,17.4289764046669,198,0.0001788934426229508,1024.0,314.31073690540956,2,-0.07652618739957688,31.880306631326675,582.8442490100861
nan,nan,407552,0.18403558403078932,0.678369140625,17.460939449071883,199,0.00017827868852459013,1024.0,408.15854291537516,2,-0.06462227875890676,17.242299675941467,585.1091797351837
nan,nan,409600,0.21680299674335402,0.680029296875,17.742818504571915,200,0.00017766393442622948,1024.0,493.38663149794763,2,-0.05750627948145848,17.080271412432193,587.3032529354095
nan,nan,411648,0.1653667070058873,0.66474609375,17.479468792676926,201,0.00017704918032786883,1024.0,478.038528434196,2,-0.06937998508219607,17.46052892655134,589.3697247505188
678.1877957358628,50.24896017007286,411648,nan,nan,nan,nan,nan,nan,nan,nan,nan,nan,592.8720598220825
nan,nan,413696,0.16810555664706045,0.67724609375,17.58047658801079,202,0.00017643442622950818,1024.0,514.7948778577781,2,-0.06675872796040494,14.801796351373195,595.2846078872681
nan,nan,415744,0.14865105162898545,0.647021484375,17.446718549728395,203,0.00017581967213114755,1024.0,485.80042086881895,2,-0.07389696471800562,16.085818642377852,597.686497926712
nan,nan,417792,0.14848640056734438,0.657666015625,17.44439951777458,204,0.0001752049180327869,1024.0,448.2533802574345,2,-0.07324901340180076,18.792129082977773,599.8966999053955
nan,nan,419840,0.18481868890521583,0.679931640625,17.7460894882679,205,0.0001745901639344262,1024.0,505.6958137549096,2,-0.061095989131717945,16.620054131746294,602.2604398727417
nan,nan,421888,0.17031092198740225,0.66552734375,17.460909533500672,206,0.00017397540983606557,1024.0,438.6615226328367,2,-0.06045333335641771,16.581275433301926,604.4731369018555
680.8887840075156,57.420056949681445,421888,nan,nan,nan,nan,nan,nan,nan,nan,nan,nan,608.0355439186096
nan,nan,423936,0.11753346449404489,0.61806640625,17.399012643098832,207,0.00017336065573770487,1024.0,485.24609536196886,2,-0.07302953767648432,21.97507184445858,610.11492395401
nan,nan,425984,0.11956104399869219,0.630810546875,17.39014426469803,208,0.00017274590163934424,1024.0,461.45687034480545,2,-0.07343024616711773,20.307220430672167,612.2606279850006
nan,nan,428032,0.28767976074886975,0.637255859375,17.425833904743193,209,0.0001721311475409836,1024.0,450.65610273075197,2,-0.07844222939456813,19.32312535494566,614.5281558036804
nan,nan,430080,0.09591854535392486,0.60341796875,17.4188323199749,210,0.00017151639344262294,1024.0,457.13238629543565,2,-0.08174104418721981,21.771598237752915,616.7335269451141
744.49380827722,40.95827623294537,430080,nan,nan,nan,nan,nan,nan,nan,nan,nan,nan,620.2909297943115
nan,nan,432128,0.13582080687629058,0.6265625,17.623460125923156,211,0.0001709016393442623,1024.0,478.4327920012385,2,-0.07206320943951142,23.30075334906578,622.4275786876678
nan,nan,434176,0.12720272808510344,0.64140625,17.55243537425995,212,0.00017028688524590164,1024.0,540.5653411159773,2,-0.07624509022280108,20.404464346170425,624.784019947052
nan,nan,436224,0.17169815851957537,0.67666015625,17.358787697553634,213,0.00016967213114754099,1024.0,511.0792512922453,2,-0.06790994783514179,15.447742618620396,627.2336177825928
nan,nan,438272,0.0997817957715597,0.60341796875,17.446894639730452,214,0.0001690573770491803,1024.0,442.16229179599713,2,-0.07844052823347739,21.28482402563095,629.5025367736816
nan,nan,440320,0.162716479197843,0.6689453125,17.509663647413255,215,0.00016844262295081966,1024.0,490.31300148263597,2,-0.07198214644740801,17.09198714196682,631.6116018295288
695.9358536338842,70.98151558791287,440320,nan,nan,nan,nan,nan,nan,nan,nan,nan,nan,635.1889090538025
nan,nan,442368,0.12615442411624828,0.633740234375,17.457014518976212,216,0.00016782786885245898,1024.0,445.1243433968018,2,-0.07363871221896261,18.136288920044898,637.3048141002655
nan,nan,444416,0.13386738386470826,0.648583984375,17.39844529032707,217,0.00016721311475409833,1024.0,446.66577412129527,2,-0.07203136619646103,17.21092118769884,639.7702329158783
nan,nan,446464,0.1638121811323799,0.67646484375,17.542817282676697,218,0.00016659836065573768,1024.0,486.01172719749604,2,-0.0675927995936945,17.88289671689272,642.1105320453644
nan,nan,448512,0.06955225167621393,0.55009765625,17.381853997707367,219,0.00016598360655737702,1024.0,443.1248522593335,2,-0.08145576454990078,25.135441382229327,644.382227897644
nan,nan,450560,0.06617299836070742,0.543212890625,17.32788017988205,220,0.0001653688524590164,1024.0,302.3827705567247,2,-0.08099948483286426,27.20336635559797,646.5473577976227
716.1344143951039,50.0563640718723,450560,nan,nan,nan,nan,nan,nan,nan,nan,nan,nan,650.1391799449921
nan,nan,452608,0.17147179117018824,0.67177734375,17.469966888427734,221,0.00016475409836065575,1024.0,483.5844032235982,2,-0.06766731558018364,14.956199964135886,652.2771189212799
nan,nan,454656,0.10530198414344341,0.619482421875,17.424822026491164,222,0.0001641393442622951,1024.0,551.8118177083838,2,-0.07775822679104749,21.894384978711606,654.6518788337708
nan,nan,456704,0.19543041466095018,0.67265625,17.49205736517906,223,0.00016352459016393442,1024.0,566.4757944626261,2,-0.06707546919642482,17.568727338314055,656.9694709777832
nan,nan,458752,0.11470133274269756,0.62353515625,17.38854080438614,224,0.00016290983606557377,1024.0,527.3704962657428,2,-0.07662256545445416,20.90095109641552,659.1769509315491
nan,nan,460800,0.07490622972254642,0.53759765625,17.468768525123597,225,0.0001622950819672131,1024.0,384.12877198414606,2,-0.07642120277741923,28.233918306231498,661.3041379451752
701.0152106211862,75.61879368348052,460800,nan,nan,nan,nan,nan,nan,nan,nan,nan,nan,664.833783864975
nan,nan,462848,0.09561300862987991,0.578076171875,17.59107021689415,226,0.00016168032786885244,1024.0,457.15879296990727,2,-0.08488538174133282,25.515443766117095,666.8985750675201
nan,nan,464896,0.24940964977722616,0.6734375,17.397669869661332,227,0.0001610655737704918,1024.0,532.3323480860467,2,-0.06343938563368283,18.688776372373106,669.1843738555908
nan,nan,466944,0.09035069803649094,0.5859375,17.452599823474884,228,0.00016045081967213114,1024.0,276.00066815803285,2,-0.08616439065372106,28.109313264489174,671.456248998642
nan,nan,468992,0.1247708104958292,0.62998046875,17.46934534907341,229,0.00015983606557377049,1024.0,510.11490973564617,2,-0.07281936945510097,24.02093286961317,673.8257310390472
nan,nan,471040,0.07197726532758679,0.52021484375,17.51897339820862,230,0.00015922131147540984,1024.0,437.635353847504,2,-0.07354786599753424,32.83657294213772,676.0114448070526
720.6937950411314,59.52445521487965,471040,nan,nan,nan,nan,nan,nan,nan,nan,nan,nan,679.5339829921722
nan,nan,473088,0.13673318467335777,0.65,17.40933358669281,231,0.00015860655737704916,1024.0,546.5315035951302,2,-0.06847185920923948,22.272099764645098,681.5801658630371
nan,nan,475136,0.2101867683522869,0.690185546875,17.60877035856247,232,0.0001579918032786885,1024.0,558.2769157532889,2,-0.05610285865550395,19.57200295776129,683.7109019756317
nan,nan,477184,0.16749734088080004,0.67548828125,17.587537235021593,233,0.00015737704918032785,1024.0,471.0960150148217,2,-0.066543821193045,22.699526572227477,686.1861689090729
nan,nan,479232,0.1381108471483458,0.641943359375,17.40540380179882,234,0.00015676229508196718,1024.0,514.3698912876009,2,-0.0672754208164406,22.644439977407455,688.4408519268036
nan,nan,481280,0.11094267762382515,0.591552734375,17.367647951841356,235,0.00015614754098360653,1024.0,523.7463291921695,2,-0.07261377012473531,26.854391586780547,690.5806629657745
702.7048186671296,64.67214120342572,481280,nan,nan,nan,nan,nan,nan,nan,nan,nan,nan,694.1801347732544
nan,nan,483328,0.16161107414809522,0.690087890625,17.54952864050865,236,0.00015553278688524587,1024.0,562.3578907706415,2,-0.06776670406397897,22.104541763663292,696.2338578701019
nan,nan,485376,0.21755670965067112,0.713232421875,17.55834118127823,237,0.00015491803278688525,1024.0,632.7789756192512,2,-0.054262573935557154,18.44334477931261,698.5007719993591
nan,nan,487424,0.13442709707014727,0.659130859375,17.59096388220787,238,0.0001543032786885246,1024.0,583.5914219334778,2,-0.07393764120643027,20.927246743440627,701.1167967319489
nan,nan,489472,0.13019768721424044,0.652587890625,17.5836039185524,239,0.00015368852459016395,1024.0,562.0811911299755,2,-0.07284489807207137,23.32518868148327,703.7574861049652
nan,nan,491520,0.07341788923367858,0.5455078125,17.486163753271104,240,0.00015307377049180327,1024.0,504.05842560949156,2,-0.0767604532506084,29.559802567958833,705.7747979164124
759.6835653034376,67.7536177366961,491520,nan,nan,nan,nan,nan,nan,nan,nan,nan,nan,709.2997508049011
nan,nan,493568,0.16212941496924033,0.6740234375,17.520453178882597,241,0.00015245901639344262,1024.0,588.2450737237317,2,-0.06114613056997768,21.046417112648488,711.310063123703
nan,nan,495616,0.11615730697812979,0.62216796875,17.525711792707444,242,0.00015184426229508194,1024.0,509.39477002503673,2,-0.06766747864021454,22.161952781677247,713.7000350952148
nan,nan,497664,0.14215389268356377,0.646484375,17.533883130550386,243,0.0001512295081967213,1024.0,562.7401250445258,2,-0.06584352016507182,21.732397842407227,716.1271698474884
nan,nan,499712,0.18290486402111128,0.681103515625,17.528684049844742,244,0.00015061475409836064,1024.0,664.5879481010033,2,-0.0601057902618777,18.851533895730974,718.3540527820587
nan,nan,501760,0.12483451730804518,0.64130859375,17.38733674287796,245,0.00015,1024.0,578.3403524655896,2,-0.06484838164178655,21.78107829838991,720.4147880077362
805.5274231718051,66.55638385620287,501760,nan,nan,nan,nan,nan,nan,nan,nan,nan,nan,724.0936298370361
nan,nan,503808,0.15582445122709032,0.662744140625,17.494179451465605,246,0.00014938524590163934,1024.0,572.1212221304785,2,-0.06465928495163098,20.696842838823795,726.3392429351807
nan,nan,505856,0.12026859142060857,0.62158203125,17.484575307369234,247,0.00014877049180327868,1024.0,645.9070865166975,2,-0.06973794941877713,22.324900007247926,728.7907037734985
nan,nan,507904,0.11865444014547392,0.62607421875,17.403184682130814,248,0.000148155737704918,1024.0,612.498056703492,2,-0.07018455276556779,21.201188191771507,731.1403677463531
nan,nan,509952,0.12671285807155072,0.650732421875,17.361330193281173,249,0.00014754098360655736,1024.0,589.0115701342542,2,-0.07061270246631465,20.874366039037703,733.287927865982
nan,nan,512000,0.0923536501446506,0.59609375,17.461377769708633,250,0.0001469262295081967,1024.0,633.8621618507225,2,-0.07264818465337157,23.773152142763138,735.4002389907837
818.6183266571448,27.45612269899413,512000,nan,nan,nan,nan,nan,nan,nan,nan,nan,nan,739.0149829387665
nan,nan,514048,0.10446845811093226,0.617529296875,17.43315980434418,251,0.00014631147540983605,1024.0,638.0067714459233,2,-0.06997080611181446,24.256829464435576,741.3209068775177
nan,nan,516096,0.10108629830938298,0.610302734375,17.497574782371522,252,0.00014569672131147537,1024.0,633.2102914190773,2,-0.07421069219999481,25.04166037142277,743.5595788955688
nan,nan,518144,0.09033177915262058,0.5802734375,17.428397381305693,253,0.00014508196721311472,1024.0,514.3929839615923,2,-0.0693398348725168,25.02405402213335,746.2409219741821
nan,nan,520192,0.08655851194635034,0.577001953125,17.42976818084717,254,0.0001444672131147541,1024.0,626.9213481909526,2,-0.07156603298644768,26.48810786008835,748.7744297981262
820.6270145718214,31.624417506170783,520192,nan,nan,nan,nan,nan,nan,nan,nan,nan,nan,752.2788348197937
nan,nan,522240,0.08743771293084138,0.560546875,17.499856722354888,255,0.00014385245901639345,1024.0,618.8633608754587,2,-0.06980617417721077,28.42445552200079,754.3783738613129
nan,nan,524288,0.14433195895107928,0.656982421875,17.39187473654747,256,0.00014323770491803277,1024.0,657.1176133414814,2,-0.06274833556381054,22.38264956176281,756.4908378124237
nan,nan,526336,0.06422601451631635,0.5291015625,17.433040249347687,257,0.00014262295081967212,1024.0,543.0096709743456,2,-0.07200337965041399,31.269867445528508,758.5691058635712
nan,nan,528384,0.15961114843375981,0.66611328125,17.606794446706772,258,0.00014200819672131147,1024.0,602.3131472025175,2,-0.058855315069376954,22.08958144336939,760.6494128704071
nan,nan,530432,0.11293322146229912,0.630126953125,17.475201284885408,259,0.00014139344262295082,1024.0,642.4062961594528,2,-0.07376693556216196,25.149546425044537,762.6875908374786
840.1477161067045,139.7077903332199,530432,nan,nan,nan,nan,nan,nan,nan,nan,nan,nan,766.1353788375854
nan,nan,532480,0.14960778923123144,0.654443359375,17.568505758047102,260,0.00014077868852459017,1024.0,626.8137572860528,2,-0.06046977186197182,22.4133060246706,768.1550719738007
nan,nan,534528,0.08296550726518034,0.566455078125,17.460437262058257,261,0.0001401639344262295,1024.0,629.8160163173503,2,-0.07384836177370743,25.57260477244854,770.2732117176056
nan,nan,536576,0.11096337410563137,0.598974609375,17.438460087776186,262,0.00013954918032786884,1024.0,673.8664280845783,2,-0.06339217360364273,27.863338607549668,772.6639349460602
nan,nan,538624,0.13737500073912087,0.636181640625,17.360400342941283,263,0.00013893442622950819,1024.0,675.5300777351943,2,-0.06304403920366894,24.476556599140167,775.0303418636322
nan,nan,540672,0.0967245414183708,0.60185546875,17.422360128164293,264,0.00013831967213114753,1024.0,612.6371776964315,2,-0.06775218647962902,25.857281571626665,777.195328950882
844.1906511621244,51.89521871661021,540672,nan,nan,nan,nan,nan,nan,nan,nan,nan,nan,780.6769418716431
nan,nan,542720,0.06253182370855939,0.526220703125,17.459325098991393,265,0.00013770491803278686,1024.0,523.4229756770218,2,-0.0730061214446323,35.620220926404,782.8595597743988
nan,nan,544768,0.10525121811660938,0.560205078125,17.330947160720825,266,0.0001370901639344262,1024.0,578.3753206655524,2,-0.06856367772561497,29.260121585428713,785.1485848426819
nan,nan,546816,0.1403546765417559,0.65556640625,17.484908175468444,267,0.00013647540983606555,1024.0,678.1511853264276,2,-0.06440918146836339,23.367259676754475,787.7023239135742
nan,nan,548864,0.08760894490405917,0.568896484375,17.519052177667618,268,0.0001358606557377049,1024.0,582.5176768308763,2,-0.06911196422006469,29.724978090822695,789.9056067466736
nan,nan,550912,0.18295499129162635,0.66875,17.695730173587798,269,0.00013524590163934422,1024.0,670.6830585242456,2,-0.059170623682439326,22.44055445641279,791.9923958778381
828.6830664312699,90.50306863808763,550912,nan,nan,nan,nan,nan,nan,nan,nan,nan,nan,795.5229659080505
nan,nan,552960,0.1018483832536731,0.6203125,17.491306310892107,270,0.00013463114754098357,1024.0,677.418511328181,2,-0.0699094901792705,25.707562562823295,797.554368019104
nan,nan,555008,0.13447604357497767,0.6376953125,17.50032041668892,271,0.00013401639344262295,1024.0,597.8577598351142,2,-0.060834030804107896,25.61241233944893,799.842750787735
nan,nan,557056,0.1121486626303522,0.634326171875,17.439669501781463,272,0.0001334016393442623,1024.0,661.8958260752999,2,-0.06968483722594102,25.21504789888859,802.5365800857544
nan,nan,559104,0.12696003857126925,0.63037109375,17.454149705171584,273,0.00013278688524590165,1024.0,707.6603921862021,2,-0.057305451951106076,25.269663482904434,805.0047948360443
nan,nan,561152,0.11745480844692793,0.61279296875,17.48110773563385,274,0.00013217213114754097,1024.0,746.4774360643452,2,-0.06083909772860352,27.74707360416651,807.256894826889
875.7480371742911,49.75850214259671,561152,nan,nan,nan,nan,nan,nan,nan,nan,nan,nan,810.8688287734985
nan,nan,563200,0.07710564912413247,0.564404296875,17.404710459709168,275,0.00013155737704918032,1024.0,574.8475879180398,2,-0.07290480218071024,29.732414266467096,812.8959150314331
nan,nan,565248,0.10002279641630593,0.595654296875,17.608342397212983,276,0.00013094262295081967,1024.0,704.2702032774253,2,-0.06359070178295952,26.463417045772076,815.1274838447571
nan,nan,567296,0.1653925142076332,0.6595703125,17.469305557012557,277,0.00013032786885245902,1024.0,660.479642667525,2,-0.05304967842530459,23.265500958263875,817.7027368545532
nan,nan,569344,0.1573840372788254,0.674072265625,17.57043433189392,278,0.00012971311475409834,1024.0,685.0833029375656,2,-0.05970170164218871,23.449112966656685,820.1252820491791
nan,nan,571392,0.0756313065183349,0.549169921875,17.5782369017601,279,0.00012909836065573769,1024.0,564.3587789073273,2,-0.07709821806201944,31.69489562958479,822.205442905426
872.8815789768933,45.68468513422888,571392,nan,nan,nan,nan,nan,nan,nan,nan,nan,nan,825.8169116973877
nan,nan,573440,0.1004363423155155,0.59775390625,17.39169892668724,280,0.00012848360655737703,1024.0,622.6567040373313,2,-0.06796105035027722,29.640038514137267,827.9856939315796
nan,nan,575488,0.07649990037316456,0.56513671875,17.43179025053978,281,0.00012786885245901638,1024.0,631.343593155272,2,-0.07606273558631074,31.780559036135674,830.1385278701782
nan,nan,577536,0.12569876370835117,0.62470703125,17.491339033842088,282,0.00012725409836065573,1024.0,632.19950859151,2,-0.0593637924088398,25.134581895172595,832.8309597969055
nan,nan,579584,0.0845299028151203,0.5869140625,17.5063318669796,283,0.00012663934426229505,1024.0,634.8097894991647,2,-0.07233102487225551,31.577206960320474,836.0135509967804
nan,nan,581632,0.05512946357484907,0.496728515625,17.460434204339983,284,0.0001260245901639344,1024.0,498.15191350829434,2,-0.07921248512866441,41.73524201214313,839.0134618282318
847.5885489974386,89.81553453140548,581632,nan,nan,nan,nan,nan,nan,nan,nan,nan,nan,842.7643418312073
nan,nan,583680,0.1271089312300319,0.634375,17.40872750878334,285,0.00012540983606557378,1024.0,706.0653151188236,2,-0.0613970095932018,27.362655670940875,844.9200267791748
nan,nan,585728,0.14247889152902643,0.6494140625,17.536377328634263,286,0.00012479508196721313,1024.0,729.4413756773499,2,-0.059846005469444206,26.831293742358685,847.1031427383423
nan,nan,587776,0.11434501410403755,0.621435546875,17.46655797958374,287,0.00012418032786885242,1024.0,700.1794947651603,2,-0.0640644067665562,26.663136556744576,849.3404269218445
nan,nan,589824,0.06671265242912341,0.51435546875,17.361419069767,288,0.0001235655737704918,1024.0,546.464775573028,2,-0.06515436463814694,38.11106412410736,851.8758020401001
nan,nan,591872,0.1171600501431385,0.626416015625,17.428394156694413,289,0.00012295081967213115,1024.0,759.7065431001975,2,-0.06440690451709088,27.201701244711877,854.3753080368042
880.9400052518085,71.23274116619274,591872,nan,nan,nan,nan,nan,nan,nan,nan,nan,nan,858.1989319324493
nan,nan,593920,0.1039297526673181,0.6181640625,17.5023364841938,290,0.0001223360655737705,1024.0,698.8398329312499,2,-0.0668643080876791,29.271822008490563,860.3094818592072
nan,nan,595968,0.12189564524160232,0.624462890625,17.484935522079468,291,0.0001217213114754098,1024.0,684.3647678376792,2,-0.05727856278826948,26.394438345730304,862.3651719093323
nan,nan,598016,0.06479169265949167,0.5326171875,17.42503214478493,292,0.00012110655737704917,1024.0,696.2402757831728,2,-0.06870216075330973,34.870996969938275,864.7040588855743
nan,nan,600064,0.06954321906378028,0.551318359375,17.322884100675584,293,0.00012049180327868852,1024.0,701.1082856305852,2,-0.07200885704369284,34.17654915452003,866.9676547050476
893.8892230808649,43.743919970083574,600064,nan,nan,nan,nan,nan,nan,nan,nan,nan,nan,870.6286137104034
nan,nan,602112,0.05146944834268652,0.49638671875,17.454186147451402,294,0.00011987704918032786,1024.0,628.3641931311856,2,-0.07451453990361187,41.92543783783913,872.9252667427063
nan,nan,604160,0.14720972401846666,0.649951171875,17.45374943614006,295,0.00011926229508196721,1024.0,796.1777670141985,2,-0.06091634478216292,26.737470158934592,875.3008058071136
nan,nan,606208,0.10109996937098913,0.59794921875,17.4343418776989,296,0.00011864754098360654,1024.0,659.9360968543633,2,-0.06577393881161697,27.452410738170148,877.6382987499237
nan,nan,608256,0.04726887648284901,0.447607421875,17.37947967648506,297,0.00011803278688524588,1024.0,600.1485875484861,2,-0.06939631399291102,55.55971330106259,879.849622964859
nan,nan,610304,0.09223444258677774,0.59873046875,17.420041352510452,298,0.00011741803278688525,1024.0,708.1881330443507,2,-0.06527289924852084,33.07240007966757,882.1442608833313
875.3185051040288,74.41202293970484,610304,nan,nan,nan,nan,nan,nan,nan,nan,nan,nan,886.1867759227753
nan,nan,612352,0.1736523926112568,0.671484375,17.51838634610176,299,0.0001168032786885246,1024.0,732.192425749968,2,-0.05054947764292592,27.13960411399603,888.5845928192139
nan,nan,614400,0.09376695645914879,0.605419921875,17.45927626490593,300,0.00011618852459016392,1024.0,668.716735289693,2,-0.06334642562214868,32.8851971372962,890.8341989517212
nan,nan,616448,0.05283545402053278,0.487109375,17.57537571787834,301,0.00011557377049180327,1024.0,637.9152296437514,2,-0.07190875737142051,44.47236789166927,893.2057237625122
nan,nan,618496,0.14028213828569278,0.65498046875,17.584665656089783,302,0.00011495901639344261,1024.0,696.8919669402617,2,-0.05827676378248725,25.514741119742393,895.5476338863373
nan,nan,620544,0.08703270062687807,0.58251953125,17.605524867773056,303,0.00011434426229508196,1024.0,723.9416372750295,2,-0.06557816734566586,32.52381057739258,897.816615819931
852.8813128846244,182.7885277497199,620544,nan,nan,nan,nan,nan,nan,nan,nan,nan,nan,901.5005087852478
nan,nan,622592,0.08831909674336202,0.556982421875,17.50161232948303,304,0.00011372950819672129,1024.0,701.3316821393752,2,-0.0671271794650238,31.672949941456316,903.7642507553101
nan,nan,624640,0.0820839862106368,0.537939453125,17.52206707596779,305,0.00011311475409836063,1024.0,591.9457381897441,2,-0.06146409814828076,40.34088945090771,905.8902628421783
nan,nan,626688,0.07204781759937759,0.538818359375,17.5228397667408,306,0.0001125,1024.0,568.9104933936362,2,-0.0847654384560883,36.27025695741177,908.293979883194
nan,nan,628736,0.08320548412157222,0.57158203125,17.39565251469612,307,0.00011188524590163935,1024.0,683.3333164668536,2,-0.06876292289816774,36.43945564925671,910.7886688709259
nan,nan,630784,0.05779924855742138,0.499169921875,17.416758626699448,308,0.0001112704918032787,1024.0,636.4991236041079,2,-0.07013735909131355,47.06336445510387,913.1820478439331
936.5697710499413,55.25132386497438,630784,nan,nan,nan,nan,nan,nan,nan,nan,nan,nan,916.7957108020782
nan,nan,632832,0.13053042638348417,0.6322265625,17.421994704008103,309,0.00011065573770491802,1024.0,723.8048525462447,2,-0.056117431842722,32.96689274758101,918.9470229148865
nan,nan,634880,0.1553010565141449,0.6505859375,17.54971508383751,310,0.00011004098360655737,1024.0,824.8838714134613,2,-0.052640103033627386,29.819320945441724,921.1550588607788
nan,nan,636928,0.12177509887260385,0.625,17.344145780801774,311,0.00010942622950819671,1024.0,811.0494904917757,2,-0.05959121571067953,31.253229431807995,923.4104068279266
nan,nan,638976,0.06589633330295327,0.51923828125,17.548254853487016,312,0.00010881147540983606,1024.0,574.0979676984595,2,-0.07327022684039548,43.547308737039565,925.6214418411255
nan,nan,641024,0.05090291841770522,0.46748046875,17.482079088687897,313,0.00010819672131147538,1024.0,603.532431927738,2,-0.06840534102229867,46.11371214687824,927.8349668979645
925.1347612771881,52.55069315912964,641024,nan,nan,nan,nan,nan,nan,nan,nan,nan,nan,931.982335805893
nan,nan,643072,0.04996426673897077,0.437939453125,17.429931968450546,314,0.00010758196721311473,1024.0,441.02279176383445,2,-0.0752192606101744,63.4053582072258,934.439957857132
nan,nan,645120,0.155133504330297,0.66328125,17.408316826820375,315,0.0001069672131147541,1024.0,838.0213214223161,2,-0.05296256625733804,31.10390993654728,936.8576397895813
nan,nan,647168,0.1603049440920586,0.61728515625,17.489301615953444,316,0.00010635245901639344,1024.0,755.0765422174347,2,-0.045262982694839596,34.13489996492863,939.2395238876343
nan,nan,649216,0.14450004691898358,0.6314453125,17.637229961156844,317,0.00010573770491803277,1024.0,752.2477456334584,2,-0.05218060165352654,30.63673604130745,941.373174905777
nan,nan,651264,0.09474535446206574,0.593212890625,17.384589010477065,318,0.00010512295081967212,1024.0,753.254949806669,2,-0.060949843644630165,31.769301547110082,944.5305228233337
952.0475753091192,44.017979824486765,651264,nan,nan,nan,nan,nan,nan,nan,nan,nan,nan,948.3776218891144
nan,nan,653312,0.10567608036799356,0.603759765625,17.63004877567291,319,0.00010450819672131146,1024.0,795.3921129867012,2,-0.0620093629375333,34.76058702468872,950.445102930069
nan,nan,655360,0.11015195432701148,0.60517578125,17.5295112490654,320,0.00010389344262295081,1024.0,726.3950486618817,2,-0.05725850706367055,29.542255181074143,952.5322728157043
nan,nan,657408,0.10702189781295601,0.6041015625,17.4105544924736,321,0.00010327868852459018,1024.0,777.0094148103343,2,-0.06536432861466893,31.368454514443876,954.7406430244446
nan,nan,659456,0.08929313914850354,0.58857421875,17.5193823158741,322,0.00010266393442622948,1024.0,778.4764849209265,2,-0.06317675924510695,33.338613744080064,957.5539240837097
nan,nan,661504,0.09822384764265735,0.595947265625,17.480596840381622,323,0.00010204918032786885,1024.0,779.2788321221432,2,-0.060218869886011814,28.728041649609803,959.8408167362213
853.3882158524805,355.991139509294,661504,nan,nan,nan,nan,nan,nan,nan,nan,nan,nan,963.5958230495453
nan,nan,663552,0.08008570212114137,0.571435546875,17.45757755637169,324,0.0001014344262295082,1024.0,737.1052758477915,2,-0.06352160538954195,30.611385898292063,965.9985089302063
nan,nan,665600,0.09240229899005499,0.58583984375,17.31703029870987,325,0.00010081967213114754,1024.0,766.1702008961952,2,-0.06259740625682753,31.27940451204777,968.4879837036133
nan,nan,667648,0.11978119092818815,0.593115234375,17.502687644958495,326,0.00010020491803278687,1024.0,790.5472304987322,2,-0.052633947151480245,30.32523890286684,970.9343800544739
nan,nan,669696,0.05498503892449662,0.518994140625,17.339761996269225,327,9.959016393442621e-05,1024.0,700.6432978162968,2,-0.06808759867417394,37.75136639326811,973.2581617832184
nan,nan,671744,0.1098633761430392,0.601416015625,17.540827059745787,328,9.897540983606556e-05,1024.0,808.8323331856712,2,-0.05406857047928497,29.78579886853695,975.730132818222
852.1220309017388,348.68287324666437,671744,nan,nan,nan,nan,nan,nan,nan,nan,nan,nan,979.6701118946075
nan,nan,673792,0.04015629639325198,0.427734375,17.476380509138107,329,9.836065573770491e-05,1024.0,639.1175213067921,2,-0.07305345775093883,47.61138977408409,981.9459178447723
nan,nan,675840,0.08582237893424463,0.570849609375,17.4547848880291,330,9.774590163934423e-05,1024.0,808.3982067510854,2,-0.058283749833935874,29.707617157697676,984.1650810241699
nan,nan,677888,0.09963439880229999,0.587255859375,17.398123997449876,331,9.713114754098358e-05,1024.0,741.545259518239,2,-0.05924147836631164,30.309975370764732,986.3381459712982
nan,nan,679936,0.10400120582489762,0.599951171875,17.480958580970764,332,9.651639344262295e-05,1024.0,750.205994568062,2,-0.05683499686711002,28.81111162304878,988.5405659675598
nan,nan,681984,0.0633404276391957,0.5150390625,17.38672285079956,333,9.59016393442623e-05,1024.0,781.1297496144009,2,-0.06539733003592119,31.47646259367466,990.7367260456085
1034.7464247410753,62.88767999866392,681984,nan,nan,nan,nan,nan,nan,nan,nan,nan,nan,994.4450569152832
nan,nan,684032,0.08405843425134663,0.584228515625,17.36817749738693,334,9.528688524590164e-05,1024.0,775.2996028888937,2,-0.06323692163568921,32.668278734385964,996.7090859413147
nan,nan,686080,0.05582179099728819,0.4984375,17.54461949467659,335,9.467213114754097e-05,1024.0,740.6047770270475,2,-0.06451028090668842,37.970547480881216,998.9899897575378
nan,nan,688128,0.06203054692596197,0.517822265625,17.51269311904907,336,9.405737704918031e-05,1024.0,797.2553270695797,2,-0.06363492867239984,34.91382504850626,1001.2402489185333
nan,nan,690176,0.07456417735374998,0.536181640625,17.352598392963408,337,9.344262295081966e-05,1024.0,766.7897233180887,2,-0.06583233230776386,34.09262756854296,1003.3854908943176
981.3684541357746,75.79317670691097,690176,nan,nan,nan,nan,nan,nan,nan,nan,nan,nan,1007.1253628730774
nan,nan,692224,0.0544497390394099,0.503466796875,17.42163416147232,338,9.282786885245903e-05,1024.0,816.7276329094759,2,-0.0680611262912862,36.754574325680736,1009.4474349021912
nan,nan,694272,0.08439078376395628,0.5548828125,17.404821026325227,339,9.221311475409833e-05,1024.0,800.5976335050259,2,-0.05744226231181528,35.99208728969097,1011.6202449798584
nan,nan,696320,0.04736928261409048,0.4599609375,17.405637234449387,340,9.15983606557377e-05,1024.0,699.7514909514732,2,-0.06517114196176407,43.37027730196714,1013.8834528923035
nan,nan,698368,0.09732085919531527,0.568115234375,17.46001567840576,341,9.098360655737704e-05,1024.0,783.3160893837573,2,-0.05718817744927947,31.74638967216015,1016.1318550109863
nan,nan,700416,0.08667155015573372,0.5685546875,17.46216657757759,342,9.03688524590164e-05,1024.0,808.1025242644101,2,-0.057988811313407496,35.92283793538809,1018.2941009998322
909.1730822952898,369.5987084657392,700416,nan,nan,nan,nan,nan,nan,nan,nan,nan,nan,1022.0643539428711
nan,nan,702464,0.0763818885316141,0.539501953125,17.479047471284865,343,8.975409836065574e-05,1024.0,822.2212956451413,2,-0.060387053203885446,35.665938986837865,1024.5731728076935
nan,nan,704512,0.05064353819761891,0.46376953125,17.465498220920562,344,8.913934426229506e-05,1024.0,735.8943793306045,2,-0.06082027207012288,45.13609294444323,1026.8807837963104
nan,nan,706560,0.05084981429972686,0.46357421875,17.36741074323654,345,8.852459016393441e-05,1024.0,702.407669738101,2,-0.061112488560320345,45.42425161600113,1029.085429906845
nan,nan,708608,0.1113365147204604,0.614501953125,17.591854971647262,346,8.790983606557378e-05,1024.0,664.8110518394574,2,-0.08201804439886473,26.82723279595375,1031.5803258419037
nan,nan,710656,0.06770756647747475,0.537255859375,17.433373945951463,347,8.729508196721312e-05,1024.0,820.9785081811712,2,-0.06332164316263515,36.33700637221337,1034.0324349403381
1051.3077245800887,38.567939486156185,710656,nan,nan,nan,nan,nan,nan,nan,nan,nan,nan,1038.075719833374
nan,nan,712704,0.041852261131862176,0.452099609375,17.353910809755327,348,8.668032786885243e-05,1024.0,740.7679841310826,2,-0.06853536115959287,46.71628270745278,1040.4216527938843
nan,nan,714752,0.06959358773310668,0.5451171875,17.509859871864318,349,8.60655737704918e-05,1024.0,802.7025949734436,2,-0.061078910606738646,36.92921418398619,1042.794169664383
nan,nan,716800,0.08068228763586376,0.53603515625,17.43066438436508,350,8.545081967213114e-05,1024.0,843.3611507177959,2,-0.054371383137186056,38.764792901277545,1045.0243990421295
nan,nan,718848,0.08202576520270669,0.552734375,17.42753463387489,351,8.483606557377049e-05,1024.0,862.4985834467083,2,-0.057552646117983386,36.33839732855559,1047.2797417640686
nan,nan,720896,0.06542266548785847,0.51865234375,17.403611487150194,352,8.422131147540981e-05,1024.0,864.4874140640477,2,-0.06309341939777369,41.17230780869723,1049.5044968128204
1008.4169594642697,76.95413082290261,720896,nan,nan,nan,nan,nan,nan,nan,nan,nan,nan,1053.7454447746277
nan,nan,722944,0.08523449481290299,0.5408203125,17.462965708971023,353,8.360655737704916e-05,1024.0,795.3145895126007,2,-0.06040727288927883,36.72962965220213,1056.2292847633362
nan,nan,724992,0.09159616496181115,0.5716796875,17.596099495887756,354,8.299180327868851e-05,1024.0,853.2546860256455,2,-0.06114306953240885,36.108666229248044,1058.4452526569366
nan,nan,727040,0.03495776174822822,0.407177734375,17.392957133054733,355,8.237704918032787e-05,1024.0,655.4332631262178,2,-0.067064561668667,65.21848005950451,1060.6339497566223
nan,nan,729088,0.07347764647565783,0.52333984375,17.468383848667145,356,8.176229508196722e-05,1024.0,909.480648092994,2,-0.059868931135861204,38.04850636720657,1062.9075450897217
nan,nan,731136,0.06779189513472375,0.5279296875,17.476651000976563,357,8.114754098360655e-05,1024.0,727.3964661234461,2,-0.06606597823556512,41.32649692893028,1065.12717795372
1004.4523106707959,87.56644512217598,731136,nan,nan,nan,nan,nan,nan,nan,nan,nan,nan,1069.2321557998657
nan,nan,733184,0.08808962624752895,0.5712890625,17.34878116250038,358,8.05327868852459e-05,1024.0,935.4296117840017,2,-0.053392183282994665,32.256925551593305,1072.0575647354126
nan,nan,735232,0.05848580339516048,0.490869140625,17.32156601548195,359,7.991803278688524e-05,1024.0,806.1412233166826,2,-0.06153770730743417,38.45354963541031,1074.4094939231873
nan,nan,737280,0.08723217430815566,0.562353515625,17.43547540307045,360,7.930327868852459e-05,1024.0,807.9386996341893,2,-0.05974445582687622,34.718495060503486,1076.9042508602142
nan,nan,739328,0.0572541032161098,0.494140625,17.433759862184523,361,7.868852459016391e-05,1024.0,877.2746417315225,2,-0.05887110962939914,39.04199888259173,1079.5751218795776
nan,nan,741376,0.03314025784493424,0.388671875,17.449706900119782,362,7.807377049180326e-05,1024.0,702.7988547038872,2,-0.06589792512240819,51.9763190060854,1082.088751077652
1013.9657462639892,132.80129665752955,741376,nan,nan,nan,nan,nan,nan,nan,nan,nan,nan,1085.8260867595673
nan,nan,743424,0.06861186205933337,0.518896484375,17.317889076471328,363,7.745901639344263e-05,1024.0,801.5192799139517,2,-0.06211049046250992,40.252216970920564,1088.097993850708
nan,nan,745472,0.06583847672154661,0.509619140625,17.309611129760743,364,7.684426229508197e-05,1024.0,886.8713369213131,2,-0.05898859628796345,37.68779245764017,1090.9361248016357
nan,nan,747520,0.05977399801486172,0.50595703125,17.453535413742067,365,7.62295081967213e-05,1024.0,831.1810769948828,2,-0.06044384818233084,39.7995521530509,1093.1867308616638
nan,nan,749568,0.04625648306682706,0.461572265625,17.575903409719466,366,7.561475409836064e-05,1024.0,780.13274599929,2,-0.06664630531304283,48.859403014183044,1095.4613270759583
nan,nan,751616,0.055220001874840816,0.502001953125,17.432476502656936,367,7.5e-05,1024.0,598.8110718726194,2,-0.08022016626491676,46.757776379585266,1097.6853249073029
1053.9505077801755,52.08868832785622,751616,nan,nan,nan,nan,nan,nan,nan,nan,nan,nan,1101.3030829429626
nan,nan,753664,0.04925157135585323,0.4564453125,17.394421166181566,368,7.438524590163934e-05,1024.0,882.4881000283706,2,-0.061624089459655806,48.31382009536028,1103.633708000183
nan,nan,755712,0.06734468866488896,0.51669921875,17.496897661685942,369,7.377049180327869e-05,1024.0,844.8659077197822,2,-0.06116718524717726,42.4260456353426,1106.0245349407196
nan,nan,757760,0.03687447198608425,0.408154296875,17.38866396546364,370,7.315573770491801e-05,1024.0,663.4992967393864,2,-0.06680562154215294,57.59104276299477,1108.2816829681396
nan,nan,759808,0.059057740145362914,0.501611328125,17.37022544145584,371,7.254098360655736e-05,1024.0,769.5527300842567,2,-0.06116660055995453,45.90869137793779,1110.516254901886
nan,nan,761856,0.08305223387724255,0.561083984375,17.503488022089005,372,7.192622950819672e-05,1024.0,833.6528674086697,2,-0.05780510990007315,36.06820963919163,1112.8196699619293
1018.597435451592,100.85561591344747,761856,nan,nan,nan,nan,nan,nan,nan,nan,nan,nan,1116.6104218959808
nan,nan,763904,0.05813590035540983,0.493798828125,17.4044058740139,373,7.131147540983607e-05,1024.0,812.7046632871038,2,-0.06111444586422295,43.941957695782186,1118.9152970314026
nan,nan,765952,0.06011525905050803,0.491748046875,17.47999491095543,374,7.06967213114754e-05,1024.0,815.853175829213,2,-0.06064002036582679,44.6447882771492,1121.1918938159943
nan,nan,768000,0.04495223627891391,0.4408203125,17.477910387516022,375,7.008196721311474e-05,1024.0,831.445158138984,2,-0.060803326216409916,46.78493119776249,1123.3738389015198
nan,nan,770048,0.07461020597838797,0.53916015625,17.47555762529373,376,6.946721311475409e-05,1024.0,883.7295858950177,2,-0.05465549659566023,38.11806983500719,1125.633586883545
1039.726402052966,79.54661326577853,770048,nan,nan,nan,nan,nan,nan,nan,nan,nan,nan,1129.6958539485931
nan,nan,772096,0.05880124090181198,0.512646484375,17.47040335536003,377,6.885245901639344e-05,1024.0,862.6534767697337,2,-0.0610144769132603,42.18397810310125,1132.2637870311737
nan,nan,774144,0.045509622621466406,0.458642578125,17.42783960700035,378,6.823770491803276e-05,1024.0,764.7183719610024,2,-0.061978460394311694,44.168366096913815,1134.999098777771
nan,nan,776192,0.06503862702229526,0.514794921875,17.364165806770323,379,6.762295081967211e-05,1024.0,838.6389177071441,2,-0.057407713697466535,40.916887724399565,1137.5527019500732
nan,nan,778240,0.050928199003101325,0.478076171875,17.420393967628478,380,6.700819672131147e-05,1024.0,914.7335885690695,2,-0.05794173377653351,40.490316635370256,1140.0045008659363
nan,nan,780288,0.078744454291882,0.536279296875,17.562635087966918,381,6.639344262295082e-05,1024.0,818.9005589119806,2,-0.05940579588786932,38.15714962631464,1142.2165188789368
1019.8252440761116,83.00567032101544,780288,nan,nan,nan,nan,nan,nan,nan,nan,nan,nan,1145.9137978553772
nan,nan,782336,0.05216389058041386,0.4876953125,17.42976630330086,382,6.577868852459017e-05,1024.0,804.0935797039003,2,-0.06365939621609869,44.45373750627041,1148.3719778060913
nan,nan,784384,0.05968674801697489,0.5212890625,17.364870080351828,383,6.51639344262295e-05,1024.0,548.1882810452864,2,-0.08275804989971221,37.087544904649256,1150.6319317817688
nan,nan,786432,0.06111344160453882,0.509033203125,17.39464561343193,384,6.454918032786884e-05,1024.0,887.6739801127835,2,-0.06346234514639945,38.96111309975386,1153.367006778717
nan,nan,788480,0.045648955574142745,0.469482421875,17.3636754989624,385,6.393442622950819e-05,1024.0,931.5657856562184,2,-0.05744652380381012,39.394568836689,1156.127290725708
nan,nan,790528,0.055394762309151704,0.492333984375,17.47114400267601,386,6.331967213114755e-05,1024.0,839.2590477562999,2,-0.05885043734160718,37.1419494703412,1158.2485690116882
1081.6083863331833,32.86904604327026,790528,nan,nan,nan,nan,nan,nan,nan,nan,nan,nan,1161.842295885086
nan,nan,792576,0.04674350321001839,0.462939453125,17.235785192251207,387,6.270491803278686e-05,1024.0,898.2007408200463,2,-0.061365829440183005,39.76605381220579,1164.0090680122375
nan,nan,794624,0.048956580128287894,0.5005859375,17.407048612833023,388,6.209016393442621e-05,1024.0,832.1016528748352,2,-0.059543493180535735,35.2139632999897,1166.1072030067444
nan,nan,796672,0.03065774828719441,0.379248046875,17.352825754880904,389,6.147540983606557e-05,1024.0,782.150655613365,2,-0.06317117987200618,47.36335617303848,1168.216115951538
nan,nan,798720,0.04339147123973817,0.44677734375,17.375448995828627,390,6.086065573770492e-05,1024.0,844.516602621704,2,-0.062494743295246735,40.27163312882185,1170.6195969581604
nan,nan,800768,0.056004122030572034,0.49873046875,17.32972604036331,391,6.024590163934424e-05,1024.0,915.272697361756,2,-0.058179132459918036,36.53025630414486,1173.0920140743256
1079.0265128505805,35.070477505479914,800768,nan,nan,nan,nan,nan,nan,nan,nan,nan,nan,1177.3131959438324
nan,nan,802816,0.05766958497988526,0.50927734375,17.456381237506868,392,5.963114754098359e-05,1024.0,833.7412231893225,2,-0.06316979680559598,37.72035997211933,1180.1700398921967
nan,nan,804864,0.04467215137847234,0.42734375,17.321113413572313,393,5.901639344262294e-05,1024.0,847.8132845548932,2,-0.05994574673823081,41.49832042902708,1182.477963924408
nan,nan,806912,0.0399584597122157,0.43583984375,17.342101055383683,394,5.84016393442623e-05,1024.0,861.217374599678,2,-0.06375754994805902,40.07815052717924,1184.7398257255554
nan,nan,808960,0.03868080441607162,0.415234375,17.44980348944664,395,5.778688524590165e-05,1024.0,825.0227394071082,2,-0.0613934846711345,41.47040054649115,1187.053680896759
nan,nan,811008,0.04480083236703649,0.45380859375,17.323883044719697,396,5.717213114754097e-05,1024.0,862.612425344694,2,-0.05886147433775477,36.437750740349294,1189.1660857200623
998.5866370666068,206.91989626230594,811008,nan,nan,nan,nan,nan,nan,nan,nan,nan,nan,1192.7660357952118
nan,nan,813056,0.0551398717390839,0.5048828125,17.410446852445602,397,5.655737704918032e-05,1024.0,903.0675329585451,2,-0.059968839366047175,37.44401822686196,1194.9415490627289
nan,nan,815104,0.026190966088324785,0.340283203125,17.38591257929802,398,5.594262295081967e-05,1024.0,747.1466951519028,2,-0.06166686349606607,51.377251386642456,1197.2206189632416
nan,nan,817152,0.04208565749577246,0.443408203125,17.48956493139267,399,5.532786885245902e-05,1024.0,919.0087969109355,2,-0.05670817485952284,36.9612281948328,1199.6197926998138
nan,nan,819200,0.044050144247012216,0.416015625,17.299965673685072,400,5.4713114754098344e-05,1024.0,871.8435138281151,2,-0.0569698609324405,41.24510093182325,1202.2647638320923
nan,nan,821248,0.02813678148086183,0.376611328125,17.230261814594268,401,5.409836065573769e-05,1024.0,744.702533690185,2,-0.0653053859830834,45.024377305805686,1204.549861907959
1061.9702019609927,78.86695706275137,821248,nan,nan,nan,nan,nan,nan,nan,nan,nan,nan,1208.273474931717
nan,nan,823296,0.03566813601355534,0.40732421875,17.292516767978668,402,5.348360655737705e-05,1024.0,845.8898793475112,2,-0.05847075396304717,44.624370916187765,1210.5451760292053
nan,nan,825344,0.04385178833908867,0.44404296875,17.39974017739296,403,5.28688524590164e-05,1024.0,947.6958980593779,2,-0.05640153496642597,39.375134609639645,1212.910220861435
nan,nan,827392,0.042893424557405524,0.45166015625,17.354003393650054,404,5.225409836065575e-05,1024.0,916.5295150888105,2,-0.05964186255296226,38.93078843355179,1215.1403489112854
nan,nan,829440,0.042118190811015664,0.444287109375,17.329973614215852,405,5.163934426229507e-05,1024.0,897.4503008216211,2,-0.05757747738534817,36.19587841331959,1217.4084520339966
nan,nan,831488,0.0399356229667319,0.423681640625,17.36634384393692,406,5.102459016393442e-05,1024.0,832.854044199475,2,-0.05778957537841052,41.304274909198284,1219.5783858299255
1108.9759378289439,42.1227999653503,831488,nan,nan,nan,nan,nan,nan,nan,nan,nan,nan,1223.299358844757
nan,nan,833536,0.04210356223920826,0.434033203125,17.455755996704102,407,5.040983606557377e-05,1024.0,946.3128958256566,2,-0.05630918860915699,39.54265659302473,1225.691071987152
nan,nan,835584,0.035212170163868,0.406298828125,17.538278210163117,408,4.979508196721312e-05,1024.0,849.6579364449317,2,-0.05979058311204426,39.34400389939547,1228.0362260341644
nan,nan,837632,0.03921622291964013,0.433447265625,17.389715176820754,409,4.918032786885244e-05,1024.0,952.4974618729952,2,-0.05594969665398821,38.5039313480258,1230.5652508735657
nan,nan,839680,0.018158225651131944,0.274267578125,17.533562874794008,410,4.856557377049179e-05,1024.0,595.6801000769672,2,-0.05880394554988015,84.91267112791539,1233.184233903885
nan,nan,841728,0.022343969569192268,0.318798828125,17.429293930530548,411,4.795081967213115e-05,1024.0,587.0428531346275,2,-0.07220850134035572,65.15291397571563,1236.358169078827
1111.5323702255782,74.45051494073358,841728,nan,nan,nan,nan,nan,nan,nan,nan,nan,nan,1240.0640649795532
nan,nan,843776,0.04118587268458214,0.429345703125,17.588066029548646,412,4.7336065573770496e-05,1024.0,920.5628095238428,2,-0.0594365269964328,43.32324384897947,1242.62335896492
nan,nan,845824,0.023387493548216298,0.32294921875,17.52915523648262,413,4.672131147540982e-05,1024.0,810.612439222569,2,-0.059772013509063984,69.79309759438038,1245.4522528648376
nan,nan,847872,0.038148111297050494,0.41796875,17.42081974744797,414,4.610655737704917e-05,1024.0,939.2775503199771,2,-0.060745353480160705,46.10675597190857,1247.6065647602081
nan,nan,849920,0.03974056285514962,0.437060546875,17.399653512239457,415,4.549180327868852e-05,1024.0,838.1038559949645,2,-0.058580767319654115,43.8417404294014,1249.7664906978607
nan,nan,851968,0.029333687099278905,0.346337890625,17.37944222688675,416,4.487704918032787e-05,1024.0,879.022565786045,2,-0.056357366553856994,51.67587734460831,1252.2966299057007
1102.0868319118151,64.27321338368401,851968,nan,nan,nan,nan,nan,nan,nan,nan,nan,nan,1255.9542899131775
nan,nan,854016,0.035980644045048395,0.42041015625,17.392776149511338,417,4.426229508196723e-05,1024.0,832.4544836492657,2,-0.062058609788073225,44.9226360142231,1258.1141757965088
nan,nan,856064,0.03210998291906435,0.376416015625,17.345195132493973,418,4.364754098360654e-05,1024.0,950.9888565503428,2,-0.055494460652698765,44.146951189637186,1260.3100278377533
nan,nan,858112,0.03618221331271343,0.42373046875,17.611922752857208,419,4.30327868852459e-05,1024.0,934.329007686017,2,-0.06137700598337688,43.27746803313494,1262.4770979881287
nan,nan,860160,0.041100960076437335,0.43603515625,17.21068816781044,420,4.2418032786885246e-05,1024.0,810.4175663070349,2,-0.06016779871570179,39.68187337219715,1265.2440650463104
1059.0715994909153,171.2199371529308,860160,nan,nan,nan,nan,nan,nan,nan,nan,nan,nan,1268.9236028194427
nan,nan,862208,0.023768757659127004,0.31162109375,17.36259419322014,421,4.18032786885246e-05,1024.0,804.4724588916638,2,-0.05878769939590711,52.905980572104454,1271.0867960453033
nan,nan,864256,0.02685521466191858,0.35341796875,17.3746120929718,422,4.118852459016392e-05,1024.0,900.9029862354438,2,-0.06010808559803991,48.66647950410843,1273.3840188980103
nan,nan,866304,0.02998875639459584,0.369580078125,17.42420157790184,423,4.057377049180327e-05,1024.0,842.1827097328844,2,-0.058227616756630594,44.3596494987607,1275.5196268558502
nan,nan,868352,0.0293896866904106,0.371533203125,17.466555696725845,424,3.995901639344262e-05,1024.0,674.1170193954042,2,-0.06993633724559914,49.94252586066723,1277.6918530464172
nan,nan,870400,0.03420770066441037,0.39931640625,17.398541969060897,425,3.934426229508198e-05,1024.0,774.92796613618,2,-0.07096864313061815,37.31504840999842,1279.9569668769836
1111.343706135541,68.93458970030534,870400,nan,nan,nan,nan,nan,nan,nan,nan,nan,nan,1283.5648529529572
nan,nan,872448,0.026651141920592637,0.331982421875,17.316985672712327,426,3.872950819672129e-05,1024.0,841.2349425287001,2,-0.057356712300679645,49.70687829852104,1285.6924347877502
nan,nan,874496,0.03332971110357903,0.393798828125,17.457051914930343,427,3.811475409836065e-05,1024.0,864.5203168958641,2,-0.057566045949351975,42.74590097218752,1287.835887670517
nan,nan,876544,0.029074116941774263,0.37373046875,17.408409464359284,428,3.75e-05,1024.0,890.9959815911052,2,-0.057993339831591585,41.91651456207037,1289.8804528713226
nan,nan,878592,0.029298365049180576,0.367333984375,17.37193518280983,429,3.6885245901639346e-05,1024.0,822.709024214791,2,-0.055567650281591344,38.575263279676435,1291.9399778842926
nan,nan,880640,0.02590960764500778,0.343701171875,17.38444110751152,430,3.62704918032787e-05,1024.0,917.8574457816903,2,-0.05497932422149461,44.892264714837076,1293.9931478500366
1108.3621714225787,68.17915842039596,880640,nan,nan,nan,nan,nan,nan,nan,nan,nan,nan,1297.5122859477997
nan,nan,882688,0.019293745842878705,0.276806640625,17.27399560213089,431,3.5655737704918016e-05,1024.0,742.1103236804524,2,-0.056283688195981084,54.83416475355625,1299.6362028121948
nan,nan,884736,0.027395915743545628,0.35849609375,17.39173812866211,432,3.504098360655737e-05,1024.0,907.7771680665871,2,-0.05750693223963026,42.68670278340578,1301.7527890205383
nan,nan,886784,0.03043195712380111,0.3775390625,17.477665930986404,433,3.442622950819672e-05,1024.0,934.9675278242179,2,-0.05587075324438047,40.41872203797102,1303.7856719493866
nan,nan,888832,0.024325937291723675,0.3287109375,17.443090772628786,434,3.3811475409836076e-05,1024.0,862.9603461854136,2,-0.05932722867873963,46.807646027207376,1305.7915329933167
nan,nan,890880,0.027648483504890464,0.36171875,17.493021565675736,435,3.319672131147539e-05,1024.0,901.0059885768303,2,-0.05594284764229087,39.12910347282887,1307.7943511009216
1125.3585597145134,59.53993602306158,890880,nan,nan,nan,nan,nan,nan,nan,nan,nan,nan,1311.2270777225494
nan,nan,892928,0.026429075590567664,0.34345703125,17.40371258854866,436,3.258196721311475e-05,1024.0,948.52976274193,2,-0.05588637909677345,42.63234778046608,1313.342916727066
nan,nan,894976,0.014818950052722357,0.2236328125,17.467407035827637,437,3.1967213114754096e-05,1024.0,674.8105805727503,2,-0.06082496686722152,78.0006181538105,1315.525171995163
nan,nan,897024,0.02232793583534658,0.30576171875,17.32074989080429,438,3.135245901639345e-05,1024.0,903.2031831500485,2,-0.05435597816540394,43.7200374096632,1317.56387591362
nan,nan,899072,0.015348966442979872,0.239892578125,17.45953440070152,439,3.0737704918032767e-05,1024.0,842.9212877562429,2,-0.054868329080636616,55.84338307529688,1319.5359647274017
nan,nan,901120,0.02273317717772443,0.31796875,17.45902315676212,440,3.012295081967212e-05,1024.0,835.5376171504968,2,-0.06055666453612503,46.75175827294588,1321.6474900245667
1111.3249376699716,56.6807788158977,901120,nan,nan,nan,nan,nan,nan,nan,nan,nan,nan,1325.1505057811737
nan,nan,903168,0.028351365245180206,0.353857421875,17.51023656129837,441,2.950819672131147e-05,1024.0,883.5361154166907,2,-0.0537103247595951,40.431619136035444,1327.2614300251007
nan,nan,905216,0.02312145616451744,0.30205078125,17.456733405590057,442,2.8893442622950823e-05,1024.0,867.6019906695306,2,-0.05611265612533316,45.79141851663589,1329.3943638801575
nan,nan,907264,0.025487963305204177,0.35078125,17.322018885612486,443,2.8278688524590176e-05,1024.0,962.7604922813665,2,-0.05568358522432391,41.50394497364759,1331.410131931305
nan,nan,909312,0.020187048841034994,0.292138671875,17.53155477643013,444,2.7663934426229494e-05,1024.0,860.1917803312101,2,-0.055738003269652836,46.879540994763374,1333.3954627513885
nan,nan,911360,0.01596485845220741,0.241162109375,17.443298369646072,445,2.7049180327868846e-05,1024.0,861.5876075783426,2,-0.05279266770958202,55.65402567088604,1335.3850588798523
1133.8108483129413,40.59213402799577,911360,nan,nan,nan,nan,nan,nan,nan,nan,nan,nan,1338.8637459278107
nan,nan,913408,0.019961406508809888,0.292529296875,17.346292531490327,446,2.64344262295082e-05,1024.0,904.0963783356174,2,-0.05425477913668146,43.21717269271612,1341.0483148097992
nan,nan,915456,0.025149655144196002,0.345947265625,17.347162592411042,447,2.581967213114755e-05,1024.0,881.199677086061,2,-0.0562698998794076,39.84718450307846,1343.2296550273895
nan,nan,917504,0.021040835586609317,0.3009765625,17.500189435482024,448,2.520491803278687e-05,1024.0,878.2399546279639,2,-0.05670806297421223,42.29747782051563,1345.2596998214722
nan,nan,919552,0.017683752518496475,0.25576171875,17.526425445079802,449,2.459016393442622e-05,1024.0,856.23251783313,2,-0.05598120572976768,49.7568048030138,1347.2320539951324
nan,nan,921600,0.020111713308142497,0.286572265625,17.4196406185627,450,2.3975409836065574e-05,1024.0,928.7194817009491,2,-0.05331750522891525,42.761758559942244,1349.2468519210815
1142.0440269248388,25.453562608875405,921600,nan,nan,nan,nan,nan,nan,nan,nan,nan,nan,1352.7508027553558
nan,nan,923648,0.010844590651686303,0.173193359375,17.420436972379683,451,2.3360655737704926e-05,1024.0,539.3140078822325,2,-0.05329690541839227,59.89390803575516,1354.888799905777
nan,nan,925696,0.017996370361652227,0.25380859375,17.462830394506454,452,2.2745901639344244e-05,1024.0,899.0858360203058,2,-0.049475178250577304,38.958368849754336,1357.1564939022064
nan,nan,927744,0.018585668146261013,0.27197265625,17.345047420263292,453,2.2131147540983597e-05,1024.0,910.5242790049643,2,-0.05272402825939935,40.58735674023628,1359.1960618495941
nan,nan,929792,0.016267165448516606,0.243017578125,17.463296157121658,454,2.151639344262295e-05,1024.0,919.793356731634,2,-0.050065960886422546,41.52848688364029,1361.1758859157562
nan,nan,931840,0.017698558972915633,0.268359375,17.4584862947464,455,2.09016393442623e-05,1024.0,932.8809131098666,2,-0.05238106877659447,41.4904796436429,1363.205813884735
1096.8672504973897,79.5345909962861,931840,nan,nan,nan,nan,nan,nan,nan,nan,nan,nan,1366.6597039699554
nan,nan,933888,0.01049147596640978,0.168017578125,17.34273769259453,456,2.0286885245901653e-05,1024.0,769.4803343236318,2,-0.0503334483015351,61.61111314296723,1369.1179678440094
nan,nan,935936,0.018350813962752,0.278125,17.332206028699876,457,1.967213114754097e-05,1024.0,918.3983679756723,2,-0.05266626435623038,39.34372612833977,1371.5769739151
nan,nan,937984,0.016582534546614625,0.246533203125,17.389469784498214,458,1.9057377049180324e-05,1024.0,891.5773402276452,2,-0.048006480076583105,38.98681649714708,1373.907459974289
nan,nan,940032,0.009931710024829954,0.149658203125,17.352253729104994,459,1.8442622950819673e-05,1024.0,837.513274698139,2,-0.04638825774891302,64.49764858186245,1376.0958557128906
1137.2202936127978,35.84558187060287,940032,nan,nan,nan,nan,nan,nan,nan,nan,nan,nan,1379.4519290924072
nan,nan,942080,0.01723414162406698,0.26220703125,17.479870283603667,460,1.7827868852459025e-05,1024.0,925.5859874111082,2,-0.0499732432392193,42.31655339896679,1382.0455179214478
nan,nan,944128,0.014255106361815706,0.21474609375,17.304177689552308,461,1.7213114754098343e-05,1024.0,874.4045744668051,2,-0.04972807346784976,45.11099985539913,1384.5958399772644
nan,nan,946176,0.011957864827127195,0.186083984375,17.497848170995713,462,1.6598360655737696e-05,1024.0,920.8044233890953,2,-0.047787052686908284,48.677528655529024,1387.0205838680267
nan,nan,948224,0.013354987153434195,0.205859375,17.381580102443696,463,1.5983606557377048e-05,1024.0,933.3218181324047,2,-0.0482760984741617,43.2377037063241,1389.3378810882568
nan,nan,950272,0.01004928104521241,0.161083984375,17.43330152630806,464,1.53688524590164e-05,1024.0,897.8365578331202,2,-0.046115854874369686,52.89065404981375,1391.71883893013
1047.660148307512,195.03321305674677,950272,nan,nan,nan,nan,nan,nan,nan,nan,nan,nan,1395.0983049869537
nan,nan,952320,0.01315628320153337,0.20634765625,17.42900670170784,465,1.4754098360655752e-05,1024.0,986.3304211576897,2,-0.04843991376692429,47.06332937330008,1397.5820178985596
nan,nan,954368,0.01304771329741925,0.205419921875,17.17112127542496,466,1.413934426229507e-05,1024.0,940.2754318658504,2,-0.0462971038010437,42.64848612695933,1400.0830399990082
nan,nan,956416,0.012082372355507687,0.175146484375,17.364488393068314,467,1.3524590163934423e-05,1024.0,886.9991619484373,2,-0.045135762802965475,44.34258787333965,1402.5711369514465
nan,nan,958464,0.010187330364715308,0.148681640625,17.475272542238237,468,1.2909836065573775e-05,1024.0,941.1657050614415,2,-0.04298797672090586,45.76584403663874,1404.902412891388
nan,nan,960512,0.006938034578342922,0.1021484375,17.465527254343034,469,1.2295081967213128e-05,1024.0,717.5236001818168,2,-0.03799187603872269,78.38872040808201,1407.2698078155518
1055.580075589588,109.41026005887434,960512,nan,nan,nan,nan,nan,nan,nan,nan,nan,nan,1410.6359779834747
nan,nan,962560,0.010555288920295424,0.159912109375,17.26710202097893,470,1.1680327868852446e-05,1024.0,929.7995279416941,2,-0.04200018203991931,44.252803437411785,1413.2152297496796
nan,nan,964608,0.00926108926651068,0.13515625,17.344112473726273,471,1.1065573770491798e-05,1024.0,901.2477291404311,2,-0.04024716052808799,49.812839990854265,1415.778844833374
nan,nan,966656,0.008666815678589046,0.128759765625,17.524642986059188,472,1.045081967213115e-05,1024.0,793.8417635049927,2,-0.039290737523697314,59.79537186771631,1418.361389875412
nan,nan,968704,0.010348648185026833,0.160009765625,17.400091984868048,473,9.836065573770501e-06,1024.0,903.6525046231858,2,-0.04429800533107482,43.35538360625505,1420.7192890644073
nan,nan,970752,0.008896310883574187,0.1310546875,17.409522366523742,474,9.221311475409821e-06,1024.0,909.5666767883092,2,-0.03887582732713781,43.97060440033674,1422.9947340488434
1063.7869713450445,66.88059965000308,970752,nan,nan,nan,nan,nan,nan,nan,nan,nan,nan,1426.360028743744
nan,nan,972800,0.00865429149416741,0.12705078125,17.42227469086647,475,8.606557377049172e-06,1024.0,940.1748128600881,2,-0.038895718252751975,50.94773176908493,1429.0156648159027
nan,nan,974848,0.009325845580315217,0.1435546875,17.407588374614715,476,7.991803278688524e-06,1024.0,914.9313417619106,2,-0.040320951088506266,45.050234246253964,1431.658677816391
nan,nan,976896,0.006431092409184202,0.092919921875,17.433153247833253,477,7.377049180327876e-06,1024.0,804.677519360735,2,-0.03431350451137405,59.906865912675855,1434.321238040924
nan,nan,978944,0.007497183969826437,0.1134765625,17.3261605322361,478,6.7622950819672285e-06,1024.0,807.7179693937992,2,-0.03647344867204083,50.833143030107024,1436.692029953003
nan,nan,980992,0.007060517516219988,0.09765625,17.448596227169038,479,6.147540983606547e-06,1024.0,924.9444934831849,2,-0.03526213561708573,44.255804400146005,1438.9103379249573
1041.8533273313042,85.16693386460913,980992,nan,nan,nan,nan,nan,nan,nan,nan,nan,nan,1442.2744450569153
nan,nan,983040,0.0067701637162826955,0.093017578125,17.393491506576538,480,5.532786885245899e-06,1024.0,849.7329806397145,2,-0.032485727159655656,51.2936818882823,1444.9511008262634
nan,nan,985088,0.006973970352555625,0.094140625,17.479502326250078,481,4.9180327868852505e-06,1024.0,968.2127909057297,2,-0.033698105145595035,41.004614745080474,1447.6006939411163
nan,nan,987136,0.0066030758316628635,0.089306640625,17.495156359672546,482,4.303278688524603e-06,1024.0,934.4671287326476,2,-0.02981510357640218,41.917825104296206,1450.1982777118683
nan,nan,989184,0.0033840985241113232,0.03623046875,17.52832236289978,483,3.6885245901639216e-06,1024.0,824.4263962928275,2,-0.02391660007997416,45.38491067588329,1452.5395848751068
nan,nan,991232,0.00411908590758685,0.0435546875,17.401052510738374,484,3.0737704918032734e-06,1024.0,913.423725001885,2,-0.023070674962946215,45.20166333168745,1454.7189269065857
959.0701597497566,355.54080187423244,991232,nan,nan,nan,nan,nan,nan,nan,nan,nan,nan,1458.0981800556183
nan,nan,993280,0.0033367634867317976,0.034716796875,17.29937471449375,485,2.4590163934426253e-06,1024.0,846.8133862512734,2,-0.021146360611601266,43.4965207695961,1460.6726567745209
nan,nan,995328,0.0028603212063899263,0.024072265625,17.521489363908767,486,1.8442622950819775e-06,1024.0,865.4001947731059,2,-0.018242325892788357,46.62935668230057,1463.3489546775818
nan,nan,997376,0.0014758499193703756,0.00859375,17.459551244974136,487,1.2295081967212961e-06,1024.0,871.6441314685023,2,-0.01125646336004138,54.63885275572538,1465.9375178813934
nan,nan,999424,0.00044354891870170834,0.00048828125,17.404252189397813,488,6.147540983606481e-07,1024.0,883.0480328593642,2,-0.007331416814122349,41.090098179876804,1468.0096440315247
